======================================================================
PHASE 3 ABLATION EXPERIMENTS - ALL SAE VARIANTS
======================================================================

Timestamp: 20260127_072102
Running phase(s): all

Top configurations:
  jumprelu: High capacity, low threshold (best overall composite_score=0.737)
  topk: Medium capacity, moderate sparsity (composite_score=0.639)
  switch: 8 experts, 128D per expert, k=16 (composite_score=0.616)
  gated: High capacity, low sparsity penalty (composite_score=0.451)


======================================================================
PHASE 3a: SAE LATENT SPACE ABLATIONS (ALL VARIANTS)
======================================================================


----------------------------------------------------------------------
Processing variant: JUMPRELU
Config: High capacity, low threshold (best overall composite_score=0.737)
----------------------------------------------------------------------

Running feature significance analysis for jumprelu...
Running: /data/users/goodarzilab/shervin/miniconda3/bin/python3 /data/users/goodarzilab/shervin/182-GNN_SAE/sae/analyze_feature_significance.py --variant jumprelu --source-csv outputs/sae_config_comparison.csv
================================================================================
FEATURE-MOTIF SIGNIFICANCE ANALYSIS: JUMPRELU
================================================================================

Loading configuration from outputs/sae_config_comparison.csv...
✓ Best config for JUMPRELU:
  Composite score: 0.737
  Config: latent_dim=512, thresh=1e-02, bw=1e-02

Loading SAE model...
✓ Loaded JUMPRELU SAE (latent_dim=512)

Loading test graph IDs...
✓ Loaded 400 test graph IDs
Extracting SAE latent representations for test nodes...

Processing test graphs:   0%|          | 0/400 [00:00<?, ?it/s]
Processing test graphs:   2%|▎         | 10/400 [00:00<00:03, 99.74it/s]
Processing test graphs:  11%|█▏        | 45/400 [00:00<00:01, 245.95it/s]
Processing test graphs:  18%|█▊        | 74/400 [00:00<00:01, 262.39it/s]
Processing test graphs:  26%|██▌       | 102/400 [00:00<00:01, 269.26it/s]
Processing test graphs:  32%|███▎      | 130/400 [00:00<00:00, 271.91it/s]
Processing test graphs:  42%|████▏     | 166/400 [00:00<00:00, 300.03it/s]
Processing test graphs:  51%|█████▏    | 205/400 [00:00<00:00, 327.83it/s]
Processing test graphs:  60%|█████▉    | 238/400 [00:00<00:00, 326.10it/s]
Processing test graphs:  69%|██████▉   | 277/400 [00:00<00:00, 344.91it/s]
Processing test graphs:  79%|███████▉  | 316/400 [00:01<00:00, 358.39it/s]
Processing test graphs:  88%|████████▊ | 352/400 [00:01<00:00, 357.51it/s]
Processing test graphs:  98%|█████████▊| 391/400 [00:01<00:00, 366.03it/s]
Processing test graphs: 100%|██████████| 400/400 [00:01<00:00, 321.90it/s]
✓ Extracted latent representations for 4000 nodes
Computing point-biserial correlations...
✓ Computed 1724 correlations

Running permutation test with 1000 permutations...

Permutations:   0%|          | 0/1000 [00:00<?, ?it/s]
Permutations:   0%|          | 1/1000 [00:01<30:12,  1.81s/it]
Permutations:   0%|          | 2/1000 [00:03<30:04,  1.81s/it]
Permutations:   0%|          | 3/1000 [00:05<29:54,  1.80s/it]
Permutations:   0%|          | 4/1000 [00:07<30:02,  1.81s/it]
Permutations:   0%|          | 5/1000 [00:09<29:55,  1.80s/it]
Permutations:   1%|          | 6/1000 [00:10<29:50,  1.80s/it]
Permutations:   1%|          | 7/1000 [00:12<29:47,  1.80s/it]
Permutations:   1%|          | 8/1000 [00:14<29:40,  1.79s/it]
Permutations:   1%|          | 9/1000 [00:16<29:40,  1.80s/it]
Permutations:   1%|          | 10/1000 [00:18<29:41,  1.80s/it]
Permutations:   1%|          | 11/1000 [00:19<29:36,  1.80s/it]
Permutations:   1%|          | 12/1000 [00:21<29:32,  1.79s/it]
Permutations:   1%|▏         | 13/1000 [00:23<29:27,  1.79s/it]
Permutations:   1%|▏         | 14/1000 [00:25<29:27,  1.79s/it]
Permutations:   2%|▏         | 15/1000 [00:26<29:28,  1.80s/it]
Permutations:   2%|▏         | 16/1000 [00:28<29:27,  1.80s/it]
Permutations:   2%|▏         | 17/1000 [00:30<29:38,  1.81s/it]
Permutations:   2%|▏         | 18/1000 [00:32<29:28,  1.80s/it]
Permutations:   2%|▏         | 19/1000 [00:34<29:16,  1.79s/it]
Permutations:   2%|▏         | 20/1000 [00:35<29:08,  1.78s/it]
Permutations:   2%|▏         | 21/1000 [00:37<29:06,  1.78s/it]
Permutations:   2%|▏         | 22/1000 [00:39<28:59,  1.78s/it]
Permutations:   2%|▏         | 23/1000 [00:41<29:00,  1.78s/it]
Permutations:   2%|▏         | 24/1000 [00:43<29:03,  1.79s/it]
Permutations:   2%|▎         | 25/1000 [00:44<29:01,  1.79s/it]
Permutations:   3%|▎         | 26/1000 [00:46<29:08,  1.79s/it]
Permutations:   3%|▎         | 27/1000 [00:48<29:03,  1.79s/it]
Permutations:   3%|▎         | 28/1000 [00:50<28:57,  1.79s/it]
Permutations:   3%|▎         | 29/1000 [00:52<28:56,  1.79s/it]
Permutations:   3%|▎         | 30/1000 [00:53<28:54,  1.79s/it]
Permutations:   3%|▎         | 31/1000 [00:55<28:49,  1.78s/it]
Permutations:   3%|▎         | 32/1000 [00:57<28:47,  1.78s/it]
Permutations:   3%|▎         | 33/1000 [00:59<28:44,  1.78s/it]
Permutations:   3%|▎         | 34/1000 [01:00<28:42,  1.78s/it]
Permutations:   4%|▎         | 35/1000 [01:02<29:02,  1.81s/it]
Permutations:   4%|▎         | 36/1000 [01:04<29:07,  1.81s/it]
Permutations:   4%|▎         | 37/1000 [01:06<29:10,  1.82s/it]
Permutations:   4%|▍         | 38/1000 [01:08<29:04,  1.81s/it]
Permutations:   4%|▍         | 39/1000 [01:10<28:50,  1.80s/it]
Permutations:   4%|▍         | 40/1000 [01:11<28:40,  1.79s/it]
Permutations:   4%|▍         | 41/1000 [01:13<28:35,  1.79s/it]
Permutations:   4%|▍         | 42/1000 [01:15<28:29,  1.78s/it]
Permutations:   4%|▍         | 43/1000 [01:17<28:26,  1.78s/it]
Permutations:   4%|▍         | 44/1000 [01:18<28:23,  1.78s/it]
Permutations:   4%|▍         | 45/1000 [01:20<28:20,  1.78s/it]
Permutations:   5%|▍         | 46/1000 [01:22<28:17,  1.78s/it]
Permutations:   5%|▍         | 47/1000 [01:24<28:14,  1.78s/it]
Permutations:   5%|▍         | 48/1000 [01:26<28:11,  1.78s/it]
Permutations:   5%|▍         | 49/1000 [01:27<28:21,  1.79s/it]
Permutations:   5%|▌         | 50/1000 [01:29<28:27,  1.80s/it]
Permutations:   5%|▌         | 51/1000 [01:31<28:27,  1.80s/it]
Permutations:   5%|▌         | 52/1000 [01:33<28:21,  1.79s/it]
Permutations:   5%|▌         | 53/1000 [01:35<28:17,  1.79s/it]
Permutations:   5%|▌         | 54/1000 [01:36<28:35,  1.81s/it]
Permutations:   6%|▌         | 55/1000 [01:38<28:24,  1.80s/it]
Permutations:   6%|▌         | 56/1000 [01:40<28:18,  1.80s/it]
Permutations:   6%|▌         | 57/1000 [01:42<28:11,  1.79s/it]
Permutations:   6%|▌         | 58/1000 [01:44<28:08,  1.79s/it]
Permutations:   6%|▌         | 59/1000 [01:45<28:02,  1.79s/it]
Permutations:   6%|▌         | 60/1000 [01:47<28:06,  1.79s/it]
Permutations:   6%|▌         | 61/1000 [01:49<28:02,  1.79s/it]
Permutations:   6%|▌         | 62/1000 [01:51<27:57,  1.79s/it]
Permutations:   6%|▋         | 63/1000 [01:52<27:57,  1.79s/it]
Permutations:   6%|▋         | 64/1000 [01:54<27:55,  1.79s/it]
Permutations:   6%|▋         | 65/1000 [01:56<27:55,  1.79s/it]
Permutations:   7%|▋         | 66/1000 [01:58<27:56,  1.79s/it]
Permutations:   7%|▋         | 67/1000 [02:00<27:55,  1.80s/it]
Permutations:   7%|▋         | 68/1000 [02:01<27:50,  1.79s/it]
Permutations:   7%|▋         | 69/1000 [02:03<27:49,  1.79s/it]
Permutations:   7%|▋         | 70/1000 [02:05<27:47,  1.79s/it]
Permutations:   7%|▋         | 71/1000 [02:07<27:47,  1.79s/it]
Permutations:   7%|▋         | 72/1000 [02:09<28:00,  1.81s/it]
Permutations:   7%|▋         | 73/1000 [02:10<27:53,  1.81s/it]
Permutations:   7%|▋         | 74/1000 [02:12<27:49,  1.80s/it]
Permutations:   8%|▊         | 75/1000 [02:14<27:45,  1.80s/it]
Permutations:   8%|▊         | 76/1000 [02:16<27:39,  1.80s/it]
Permutations:   8%|▊         | 77/1000 [02:18<27:42,  1.80s/it]
Permutations:   8%|▊         | 78/1000 [02:19<27:37,  1.80s/it]
Permutations:   8%|▊         | 79/1000 [02:21<27:34,  1.80s/it]
Permutations:   8%|▊         | 80/1000 [02:23<27:31,  1.80s/it]
Permutations:   8%|▊         | 81/1000 [02:25<27:26,  1.79s/it]
Permutations:   8%|▊         | 82/1000 [02:27<27:30,  1.80s/it]
Permutations:   8%|▊         | 83/1000 [02:28<27:28,  1.80s/it]
Permutations:   8%|▊         | 84/1000 [02:30<27:25,  1.80s/it]
Permutations:   8%|▊         | 85/1000 [02:32<27:20,  1.79s/it]
Permutations:   9%|▊         | 86/1000 [02:34<27:13,  1.79s/it]
Permutations:   9%|▊         | 87/1000 [02:36<27:08,  1.78s/it]
Permutations:   9%|▉         | 88/1000 [02:37<27:07,  1.78s/it]
Permutations:   9%|▉         | 89/1000 [02:39<27:06,  1.79s/it]
Permutations:   9%|▉         | 90/1000 [02:41<27:59,  1.85s/it]
Permutations:   9%|▉         | 91/1000 [02:43<27:38,  1.82s/it]
Permutations:   9%|▉         | 92/1000 [02:45<27:26,  1.81s/it]
Permutations:   9%|▉         | 93/1000 [02:46<27:24,  1.81s/it]
Permutations:   9%|▉         | 94/1000 [02:48<27:15,  1.81s/it]
Permutations:  10%|▉         | 95/1000 [02:50<27:09,  1.80s/it]
Permutations:  10%|▉         | 96/1000 [02:52<27:05,  1.80s/it]
Permutations:  10%|▉         | 97/1000 [02:54<26:59,  1.79s/it]
Permutations:  10%|▉         | 98/1000 [02:55<26:55,  1.79s/it]
Permutations:  10%|▉         | 99/1000 [02:57<26:57,  1.80s/it]
Permutations:  10%|█         | 100/1000 [02:59<26:55,  1.79s/it]
Permutations:  10%|█         | 101/1000 [03:01<26:48,  1.79s/it]
Permutations:  10%|█         | 102/1000 [03:03<26:40,  1.78s/it]
Permutations:  10%|█         | 103/1000 [03:04<26:36,  1.78s/it]
Permutations:  10%|█         | 104/1000 [03:06<26:38,  1.78s/it]
Permutations:  10%|█         | 105/1000 [03:08<26:36,  1.78s/it]
Permutations:  11%|█         | 106/1000 [03:10<26:38,  1.79s/it]
Permutations:  11%|█         | 107/1000 [03:11<26:33,  1.78s/it]
Permutations:  11%|█         | 108/1000 [03:13<26:44,  1.80s/it]
Permutations:  11%|█         | 109/1000 [03:15<26:41,  1.80s/it]
Permutations:  11%|█         | 110/1000 [03:17<26:41,  1.80s/it]
Permutations:  11%|█         | 111/1000 [03:19<26:37,  1.80s/it]
Permutations:  11%|█         | 112/1000 [03:21<26:35,  1.80s/it]
Permutations:  11%|█▏        | 113/1000 [03:22<26:34,  1.80s/it]
Permutations:  11%|█▏        | 114/1000 [03:24<26:32,  1.80s/it]
Permutations:  12%|█▏        | 115/1000 [03:26<26:28,  1.80s/it]
Permutations:  12%|█▏        | 116/1000 [03:28<26:32,  1.80s/it]
Permutations:  12%|█▏        | 117/1000 [03:30<26:30,  1.80s/it]
Permutations:  12%|█▏        | 118/1000 [03:31<26:28,  1.80s/it]
Permutations:  12%|█▏        | 119/1000 [03:33<26:25,  1.80s/it]
Permutations:  12%|█▏        | 120/1000 [03:35<26:22,  1.80s/it]
Permutations:  12%|█▏        | 121/1000 [03:37<26:25,  1.80s/it]
Permutations:  12%|█▏        | 122/1000 [03:39<26:22,  1.80s/it]
Permutations:  12%|█▏        | 123/1000 [03:40<26:20,  1.80s/it]
Permutations:  12%|█▏        | 124/1000 [03:42<26:18,  1.80s/it]
Permutations:  12%|█▎        | 125/1000 [03:44<26:13,  1.80s/it]
Permutations:  13%|█▎        | 126/1000 [03:46<26:08,  1.79s/it]
Permutations:  13%|█▎        | 127/1000 [03:48<26:15,  1.80s/it]
Permutations:  13%|█▎        | 128/1000 [03:49<26:06,  1.80s/it]
Permutations:  13%|█▎        | 129/1000 [03:51<26:03,  1.79s/it]
Permutations:  13%|█▎        | 130/1000 [03:53<25:57,  1.79s/it]
Permutations:  13%|█▎        | 131/1000 [03:55<25:52,  1.79s/it]
Permutations:  13%|█▎        | 132/1000 [03:56<25:50,  1.79s/it]
Permutations:  13%|█▎        | 133/1000 [03:58<25:48,  1.79s/it]
Permutations:  13%|█▎        | 134/1000 [04:00<25:46,  1.79s/it]
Permutations:  14%|█▎        | 135/1000 [04:02<25:45,  1.79s/it]
Permutations:  14%|█▎        | 136/1000 [04:04<25:42,  1.78s/it]
Permutations:  14%|█▎        | 137/1000 [04:05<25:40,  1.78s/it]
Permutations:  14%|█▍        | 138/1000 [04:07<25:40,  1.79s/it]
Permutations:  14%|█▍        | 139/1000 [04:09<25:36,  1.78s/it]
Permutations:  14%|█▍        | 140/1000 [04:11<25:36,  1.79s/it]
Permutations:  14%|█▍        | 141/1000 [04:13<25:34,  1.79s/it]
Permutations:  14%|█▍        | 142/1000 [04:14<25:32,  1.79s/it]
Permutations:  14%|█▍        | 143/1000 [04:16<25:31,  1.79s/it]
Permutations:  14%|█▍        | 144/1000 [04:18<25:29,  1.79s/it]
Permutations:  14%|█▍        | 145/1000 [04:20<25:43,  1.81s/it]
Permutations:  15%|█▍        | 146/1000 [04:22<25:39,  1.80s/it]
Permutations:  15%|█▍        | 147/1000 [04:23<25:36,  1.80s/it]
Permutations:  15%|█▍        | 148/1000 [04:25<25:34,  1.80s/it]
Permutations:  15%|█▍        | 149/1000 [04:27<25:37,  1.81s/it]
Permutations:  15%|█▌        | 150/1000 [04:29<25:34,  1.80s/it]
Permutations:  15%|█▌        | 151/1000 [04:31<25:29,  1.80s/it]
Permutations:  15%|█▌        | 152/1000 [04:32<25:26,  1.80s/it]
Permutations:  15%|█▌        | 153/1000 [04:34<25:20,  1.79s/it]
Permutations:  15%|█▌        | 154/1000 [04:36<25:15,  1.79s/it]
Permutations:  16%|█▌        | 155/1000 [04:38<25:14,  1.79s/it]
Permutations:  16%|█▌        | 156/1000 [04:39<25:13,  1.79s/it]
Permutations:  16%|█▌        | 157/1000 [04:41<25:13,  1.79s/it]
Permutations:  16%|█▌        | 158/1000 [04:43<25:10,  1.79s/it]
Permutations:  16%|█▌        | 159/1000 [04:45<25:10,  1.80s/it]
Permutations:  16%|█▌        | 160/1000 [04:47<25:15,  1.80s/it]
Permutations:  16%|█▌        | 161/1000 [04:48<25:12,  1.80s/it]
Permutations:  16%|█▌        | 162/1000 [04:50<25:08,  1.80s/it]
Permutations:  16%|█▋        | 163/1000 [04:52<25:19,  1.82s/it]
Permutations:  16%|█▋        | 164/1000 [04:54<25:10,  1.81s/it]
Permutations:  16%|█▋        | 165/1000 [04:56<25:04,  1.80s/it]
Permutations:  17%|█▋        | 166/1000 [04:58<25:07,  1.81s/it]
Permutations:  17%|█▋        | 167/1000 [04:59<25:10,  1.81s/it]
Permutations:  17%|█▋        | 168/1000 [05:01<25:10,  1.82s/it]
Permutations:  17%|█▋        | 169/1000 [05:03<25:07,  1.81s/it]
Permutations:  17%|█▋        | 170/1000 [05:05<25:04,  1.81s/it]
Permutations:  17%|█▋        | 171/1000 [05:07<25:06,  1.82s/it]
Permutations:  17%|█▋        | 172/1000 [05:08<25:12,  1.83s/it]
Permutations:  17%|█▋        | 173/1000 [05:10<25:15,  1.83s/it]
Permutations:  17%|█▋        | 174/1000 [05:12<25:28,  1.85s/it]
Permutations:  18%|█▊        | 175/1000 [05:14<25:36,  1.86s/it]
Permutations:  18%|█▊        | 176/1000 [05:16<25:42,  1.87s/it]
Permutations:  18%|█▊        | 177/1000 [05:18<25:33,  1.86s/it]
Permutations:  18%|█▊        | 178/1000 [05:20<25:22,  1.85s/it]
Permutations:  18%|█▊        | 179/1000 [05:22<25:15,  1.85s/it]
Permutations:  18%|█▊        | 180/1000 [05:23<25:22,  1.86s/it]
Permutations:  18%|█▊        | 181/1000 [05:25<25:30,  1.87s/it]
Permutations:  18%|█▊        | 182/1000 [05:27<25:20,  1.86s/it]
Permutations:  18%|█▊        | 183/1000 [05:29<25:15,  1.86s/it]
Permutations:  18%|█▊        | 184/1000 [05:31<25:09,  1.85s/it]
Permutations:  18%|█▊        | 185/1000 [05:33<25:04,  1.85s/it]
Permutations:  19%|█▊        | 186/1000 [05:35<25:10,  1.86s/it]
Permutations:  19%|█▊        | 187/1000 [05:36<25:09,  1.86s/it]
Permutations:  19%|█▉        | 188/1000 [05:38<25:11,  1.86s/it]
Permutations:  19%|█▉        | 189/1000 [05:40<25:10,  1.86s/it]
Permutations:  19%|█▉        | 190/1000 [05:42<25:05,  1.86s/it]
Permutations:  19%|█▉        | 191/1000 [05:44<24:52,  1.85s/it]
Permutations:  19%|█▉        | 192/1000 [05:46<24:35,  1.83s/it]
Permutations:  19%|█▉        | 193/1000 [05:47<24:25,  1.82s/it]
Permutations:  19%|█▉        | 194/1000 [05:49<24:18,  1.81s/it]
Permutations:  20%|█▉        | 195/1000 [05:51<24:13,  1.81s/it]
Permutations:  20%|█▉        | 196/1000 [05:53<24:09,  1.80s/it]
Permutations:  20%|█▉        | 197/1000 [05:55<24:07,  1.80s/it]
Permutations:  20%|█▉        | 198/1000 [05:56<24:01,  1.80s/it]
Permutations:  20%|█▉        | 199/1000 [05:58<24:10,  1.81s/it]
Permutations:  20%|██        | 200/1000 [06:00<24:03,  1.80s/it]
Permutations:  20%|██        | 201/1000 [06:02<23:58,  1.80s/it]
Permutations:  20%|██        | 202/1000 [06:04<23:58,  1.80s/it]
Permutations:  20%|██        | 203/1000 [06:05<23:56,  1.80s/it]
Permutations:  20%|██        | 204/1000 [06:07<23:56,  1.80s/it]
Permutations:  20%|██        | 205/1000 [06:09<23:51,  1.80s/it]
Permutations:  21%|██        | 206/1000 [06:11<23:48,  1.80s/it]
Permutations:  21%|██        | 207/1000 [06:13<23:44,  1.80s/it]
Permutations:  21%|██        | 208/1000 [06:14<23:42,  1.80s/it]
Permutations:  21%|██        | 209/1000 [06:16<23:39,  1.79s/it]
Permutations:  21%|██        | 210/1000 [06:18<23:36,  1.79s/it]
Permutations:  21%|██        | 211/1000 [06:20<23:38,  1.80s/it]
Permutations:  21%|██        | 212/1000 [06:22<23:37,  1.80s/it]
Permutations:  21%|██▏       | 213/1000 [06:23<23:34,  1.80s/it]
Permutations:  21%|██▏       | 214/1000 [06:25<23:35,  1.80s/it]
Permutations:  22%|██▏       | 215/1000 [06:27<23:35,  1.80s/it]
Permutations:  22%|██▏       | 216/1000 [06:29<23:34,  1.80s/it]
Permutations:  22%|██▏       | 217/1000 [06:31<24:00,  1.84s/it]
Permutations:  22%|██▏       | 218/1000 [06:32<23:50,  1.83s/it]
Permutations:  22%|██▏       | 219/1000 [06:34<23:43,  1.82s/it]
Permutations:  22%|██▏       | 220/1000 [06:36<23:39,  1.82s/it]
Permutations:  22%|██▏       | 221/1000 [06:38<23:32,  1.81s/it]
Permutations:  22%|██▏       | 222/1000 [06:40<23:28,  1.81s/it]
Permutations:  22%|██▏       | 223/1000 [06:41<23:22,  1.80s/it]
Permutations:  22%|██▏       | 224/1000 [06:43<23:18,  1.80s/it]
Permutations:  22%|██▎       | 225/1000 [06:45<23:19,  1.81s/it]
Permutations:  23%|██▎       | 226/1000 [06:47<23:17,  1.81s/it]
Permutations:  23%|██▎       | 227/1000 [06:49<23:13,  1.80s/it]
Permutations:  23%|██▎       | 228/1000 [06:51<23:11,  1.80s/it]
Permutations:  23%|██▎       | 229/1000 [06:52<23:07,  1.80s/it]
Permutations:  23%|██▎       | 230/1000 [06:54<23:05,  1.80s/it]
Permutations:  23%|██▎       | 231/1000 [06:56<23:03,  1.80s/it]
Permutations:  23%|██▎       | 232/1000 [06:58<23:05,  1.80s/it]
Permutations:  23%|██▎       | 233/1000 [07:00<23:06,  1.81s/it]
Permutations:  23%|██▎       | 234/1000 [07:01<23:02,  1.80s/it]
Permutations:  24%|██▎       | 235/1000 [07:03<23:26,  1.84s/it]
Permutations:  24%|██▎       | 236/1000 [07:05<23:16,  1.83s/it]
Permutations:  24%|██▎       | 237/1000 [07:07<23:10,  1.82s/it]
Permutations:  24%|██▍       | 238/1000 [07:09<23:04,  1.82s/it]
Permutations:  24%|██▍       | 239/1000 [07:10<23:00,  1.81s/it]
Permutations:  24%|██▍       | 240/1000 [07:12<22:56,  1.81s/it]
Permutations:  24%|██▍       | 241/1000 [07:14<22:48,  1.80s/it]
Permutations:  24%|██▍       | 242/1000 [07:16<22:44,  1.80s/it]
Permutations:  24%|██▍       | 243/1000 [07:18<22:45,  1.80s/it]
Permutations:  24%|██▍       | 244/1000 [07:19<22:42,  1.80s/it]
Permutations:  24%|██▍       | 245/1000 [07:21<22:41,  1.80s/it]
Permutations:  25%|██▍       | 246/1000 [07:23<22:39,  1.80s/it]
Permutations:  25%|██▍       | 247/1000 [07:25<22:35,  1.80s/it]
Permutations:  25%|██▍       | 248/1000 [07:27<22:39,  1.81s/it]
Permutations:  25%|██▍       | 249/1000 [07:28<22:35,  1.81s/it]
Permutations:  25%|██▌       | 250/1000 [07:30<22:34,  1.81s/it]
Permutations:  25%|██▌       | 251/1000 [07:32<22:31,  1.80s/it]
Permutations:  25%|██▌       | 252/1000 [07:34<22:26,  1.80s/it]
Permutations:  25%|██▌       | 253/1000 [07:36<22:38,  1.82s/it]
Permutations:  25%|██▌       | 254/1000 [07:38<22:39,  1.82s/it]
Permutations:  26%|██▌       | 255/1000 [07:39<22:34,  1.82s/it]
Permutations:  26%|██▌       | 256/1000 [07:41<22:30,  1.82s/it]
Permutations:  26%|██▌       | 257/1000 [07:43<22:25,  1.81s/it]
Permutations:  26%|██▌       | 258/1000 [07:45<22:21,  1.81s/it]
Permutations:  26%|██▌       | 259/1000 [07:47<22:22,  1.81s/it]
Permutations:  26%|██▌       | 260/1000 [07:48<22:20,  1.81s/it]
Permutations:  26%|██▌       | 261/1000 [07:50<22:17,  1.81s/it]
Permutations:  26%|██▌       | 262/1000 [07:52<22:16,  1.81s/it]
Permutations:  26%|██▋       | 263/1000 [07:54<22:08,  1.80s/it]
Permutations:  26%|██▋       | 264/1000 [07:56<22:04,  1.80s/it]
Permutations:  26%|██▋       | 265/1000 [07:57<22:03,  1.80s/it]
Permutations:  27%|██▋       | 266/1000 [07:59<21:57,  1.79s/it]
Permutations:  27%|██▋       | 267/1000 [08:01<21:52,  1.79s/it]
Permutations:  27%|██▋       | 268/1000 [08:03<21:47,  1.79s/it]
Permutations:  27%|██▋       | 269/1000 [08:05<21:44,  1.79s/it]
Permutations:  27%|██▋       | 270/1000 [08:06<21:48,  1.79s/it]
Permutations:  27%|██▋       | 271/1000 [08:08<21:57,  1.81s/it]
Permutations:  27%|██▋       | 272/1000 [08:10<21:52,  1.80s/it]
Permutations:  27%|██▋       | 273/1000 [08:12<21:50,  1.80s/it]
Permutations:  27%|██▋       | 274/1000 [08:14<21:47,  1.80s/it]
Permutations:  28%|██▊       | 275/1000 [08:15<21:43,  1.80s/it]
Permutations:  28%|██▊       | 276/1000 [08:17<21:48,  1.81s/it]
Permutations:  28%|██▊       | 277/1000 [08:19<21:42,  1.80s/it]
Permutations:  28%|██▊       | 278/1000 [08:21<21:38,  1.80s/it]
Permutations:  28%|██▊       | 279/1000 [08:23<21:38,  1.80s/it]
Permutations:  28%|██▊       | 280/1000 [08:24<21:35,  1.80s/it]
Permutations:  28%|██▊       | 281/1000 [08:26<21:36,  1.80s/it]
Permutations:  28%|██▊       | 282/1000 [08:28<21:34,  1.80s/it]
Permutations:  28%|██▊       | 283/1000 [08:30<21:30,  1.80s/it]
Permutations:  28%|██▊       | 284/1000 [08:32<21:27,  1.80s/it]
Permutations:  28%|██▊       | 285/1000 [08:33<21:28,  1.80s/it]
Permutations:  29%|██▊       | 286/1000 [08:35<21:26,  1.80s/it]
Permutations:  29%|██▊       | 287/1000 [08:37<21:27,  1.81s/it]
Permutations:  29%|██▉       | 288/1000 [08:39<22:01,  1.86s/it]
Permutations:  29%|██▉       | 289/1000 [08:41<21:59,  1.86s/it]
Permutations:  29%|██▉       | 290/1000 [08:43<21:46,  1.84s/it]
Permutations:  29%|██▉       | 291/1000 [08:44<21:37,  1.83s/it]
Permutations:  29%|██▉       | 292/1000 [08:46<21:32,  1.83s/it]
Permutations:  29%|██▉       | 293/1000 [08:48<21:27,  1.82s/it]
Permutations:  29%|██▉       | 294/1000 [08:50<21:22,  1.82s/it]
Permutations:  30%|██▉       | 295/1000 [08:52<21:19,  1.82s/it]
Permutations:  30%|██▉       | 296/1000 [08:54<21:17,  1.81s/it]
Permutations:  30%|██▉       | 297/1000 [08:55<21:11,  1.81s/it]
Permutations:  30%|██▉       | 298/1000 [08:57<21:13,  1.81s/it]
Permutations:  30%|██▉       | 299/1000 [08:59<21:10,  1.81s/it]
Permutations:  30%|███       | 300/1000 [09:01<21:06,  1.81s/it]
Permutations:  30%|███       | 301/1000 [09:03<21:02,  1.81s/it]
Permutations:  30%|███       | 302/1000 [09:04<20:58,  1.80s/it]
Permutations:  30%|███       | 303/1000 [09:06<20:55,  1.80s/it]
Permutations:  30%|███       | 304/1000 [09:08<20:54,  1.80s/it]
Permutations:  30%|███       | 305/1000 [09:10<20:52,  1.80s/it]
Permutations:  31%|███       | 306/1000 [09:12<20:49,  1.80s/it]
Permutations:  31%|███       | 307/1000 [09:13<20:47,  1.80s/it]
Permutations:  31%|███       | 308/1000 [09:15<20:56,  1.82s/it]
Permutations:  31%|███       | 309/1000 [09:17<20:48,  1.81s/it]
Permutations:  31%|███       | 310/1000 [09:19<20:43,  1.80s/it]
Permutations:  31%|███       | 311/1000 [09:21<20:38,  1.80s/it]
Permutations:  31%|███       | 312/1000 [09:22<20:34,  1.79s/it]
Permutations:  31%|███▏      | 313/1000 [09:24<20:41,  1.81s/it]
Permutations:  31%|███▏      | 314/1000 [09:26<20:45,  1.82s/it]
Permutations:  32%|███▏      | 315/1000 [09:28<20:50,  1.83s/it]
Permutations:  32%|███▏      | 316/1000 [09:30<20:50,  1.83s/it]
Permutations:  32%|███▏      | 317/1000 [09:32<20:47,  1.83s/it]
Permutations:  32%|███▏      | 318/1000 [09:33<20:50,  1.83s/it]
Permutations:  32%|███▏      | 319/1000 [09:35<20:52,  1.84s/it]
Permutations:  32%|███▏      | 320/1000 [09:37<20:54,  1.85s/it]
Permutations:  32%|███▏      | 321/1000 [09:39<20:49,  1.84s/it]
Permutations:  32%|███▏      | 322/1000 [09:41<20:47,  1.84s/it]
Permutations:  32%|███▏      | 323/1000 [09:43<20:45,  1.84s/it]
Permutations:  32%|███▏      | 324/1000 [09:44<20:47,  1.85s/it]
Permutations:  32%|███▎      | 325/1000 [09:46<20:57,  1.86s/it]
Permutations:  33%|███▎      | 326/1000 [09:48<20:48,  1.85s/it]
Permutations:  33%|███▎      | 327/1000 [09:50<20:35,  1.84s/it]
Permutations:  33%|███▎      | 328/1000 [09:52<20:29,  1.83s/it]
Permutations:  33%|███▎      | 329/1000 [09:54<20:26,  1.83s/it]
Permutations:  33%|███▎      | 330/1000 [09:55<20:20,  1.82s/it]
Permutations:  33%|███▎      | 331/1000 [09:57<20:16,  1.82s/it]
Permutations:  33%|███▎      | 332/1000 [09:59<20:10,  1.81s/it]
Permutations:  33%|███▎      | 333/1000 [10:01<20:06,  1.81s/it]
Permutations:  33%|███▎      | 334/1000 [10:03<20:05,  1.81s/it]
Permutations:  34%|███▎      | 335/1000 [10:04<20:03,  1.81s/it]
Permutations:  34%|███▎      | 336/1000 [10:06<20:04,  1.81s/it]
Permutations:  34%|███▎      | 337/1000 [10:08<20:00,  1.81s/it]
Permutations:  34%|███▍      | 338/1000 [10:10<19:55,  1.81s/it]
Permutations:  34%|███▍      | 339/1000 [10:12<19:54,  1.81s/it]
Permutations:  34%|███▍      | 340/1000 [10:13<19:53,  1.81s/it]
Permutations:  34%|███▍      | 341/1000 [10:15<19:50,  1.81s/it]
Permutations:  34%|███▍      | 342/1000 [10:17<19:48,  1.81s/it]
Permutations:  34%|███▍      | 343/1000 [10:19<19:45,  1.81s/it]
Permutations:  34%|███▍      | 344/1000 [10:21<19:53,  1.82s/it]
Permutations:  34%|███▍      | 345/1000 [10:23<19:46,  1.81s/it]
Permutations:  35%|███▍      | 346/1000 [10:24<19:43,  1.81s/it]
Permutations:  35%|███▍      | 347/1000 [10:26<19:41,  1.81s/it]
Permutations:  35%|███▍      | 348/1000 [10:28<19:38,  1.81s/it]
Permutations:  35%|███▍      | 349/1000 [10:30<19:36,  1.81s/it]
Permutations:  35%|███▌      | 350/1000 [10:32<19:34,  1.81s/it]
Permutations:  35%|███▌      | 351/1000 [10:33<19:31,  1.81s/it]
Permutations:  35%|███▌      | 352/1000 [10:35<19:29,  1.80s/it]
Permutations:  35%|███▌      | 353/1000 [10:37<19:29,  1.81s/it]
Permutations:  35%|███▌      | 354/1000 [10:39<19:26,  1.81s/it]
Permutations:  36%|███▌      | 355/1000 [10:41<19:25,  1.81s/it]
Permutations:  36%|███▌      | 356/1000 [10:42<19:22,  1.81s/it]
Permutations:  36%|███▌      | 357/1000 [10:44<19:21,  1.81s/it]
Permutations:  36%|███▌      | 358/1000 [10:46<19:21,  1.81s/it]
Permutations:  36%|███▌      | 359/1000 [10:48<19:20,  1.81s/it]
Permutations:  36%|███▌      | 360/1000 [10:50<19:17,  1.81s/it]
Permutations:  36%|███▌      | 361/1000 [10:51<19:17,  1.81s/it]
Permutations:  36%|███▌      | 362/1000 [10:53<19:24,  1.82s/it]
Permutations:  36%|███▋      | 363/1000 [10:55<19:18,  1.82s/it]
Permutations:  36%|███▋      | 364/1000 [10:57<19:17,  1.82s/it]
Permutations:  36%|███▋      | 365/1000 [10:59<19:12,  1.81s/it]
Permutations:  37%|███▋      | 366/1000 [11:01<19:11,  1.82s/it]
Permutations:  37%|███▋      | 367/1000 [11:02<19:08,  1.81s/it]
Permutations:  37%|███▋      | 368/1000 [11:04<19:03,  1.81s/it]
Permutations:  37%|███▋      | 369/1000 [11:06<19:00,  1.81s/it]
Permutations:  37%|███▋      | 370/1000 [11:08<19:01,  1.81s/it]
Permutations:  37%|███▋      | 371/1000 [11:10<18:57,  1.81s/it]
Permutations:  37%|███▋      | 372/1000 [11:11<18:58,  1.81s/it]
Permutations:  37%|███▋      | 373/1000 [11:13<18:57,  1.81s/it]
Permutations:  37%|███▋      | 374/1000 [11:15<18:54,  1.81s/it]
Permutations:  38%|███▊      | 375/1000 [11:17<18:54,  1.81s/it]
Permutations:  38%|███▊      | 376/1000 [11:19<18:51,  1.81s/it]
Permutations:  38%|███▊      | 377/1000 [11:21<18:59,  1.83s/it]
Permutations:  38%|███▊      | 378/1000 [11:22<18:55,  1.83s/it]
Permutations:  38%|███▊      | 379/1000 [11:24<18:50,  1.82s/it]
Permutations:  38%|███▊      | 380/1000 [11:26<18:57,  1.84s/it]
Permutations:  38%|███▊      | 381/1000 [11:28<18:51,  1.83s/it]
Permutations:  38%|███▊      | 382/1000 [11:30<18:46,  1.82s/it]
Permutations:  38%|███▊      | 383/1000 [11:31<18:42,  1.82s/it]
Permutations:  38%|███▊      | 384/1000 [11:33<18:35,  1.81s/it]
Permutations:  38%|███▊      | 385/1000 [11:35<18:32,  1.81s/it]
Permutations:  39%|███▊      | 386/1000 [11:37<18:32,  1.81s/it]
Permutations:  39%|███▊      | 387/1000 [11:39<18:28,  1.81s/it]
Permutations:  39%|███▉      | 388/1000 [11:41<18:26,  1.81s/it]
Permutations:  39%|███▉      | 389/1000 [11:42<18:25,  1.81s/it]
Permutations:  39%|███▉      | 390/1000 [11:44<18:22,  1.81s/it]
Permutations:  39%|███▉      | 391/1000 [11:46<18:18,  1.80s/it]
Permutations:  39%|███▉      | 392/1000 [11:48<18:20,  1.81s/it]
Permutations:  39%|███▉      | 393/1000 [11:50<18:17,  1.81s/it]
Permutations:  39%|███▉      | 394/1000 [11:51<18:15,  1.81s/it]
Permutations:  40%|███▉      | 395/1000 [11:53<18:12,  1.81s/it]
Permutations:  40%|███▉      | 396/1000 [11:55<18:08,  1.80s/it]
Permutations:  40%|███▉      | 397/1000 [11:57<18:11,  1.81s/it]
Permutations:  40%|███▉      | 398/1000 [11:59<18:16,  1.82s/it]
Permutations:  40%|███▉      | 399/1000 [12:00<18:11,  1.82s/it]
Permutations:  40%|████      | 400/1000 [12:02<18:08,  1.81s/it]
Permutations:  40%|████      | 401/1000 [12:04<18:05,  1.81s/it]
Permutations:  40%|████      | 402/1000 [12:06<18:00,  1.81s/it]
Permutations:  40%|████      | 403/1000 [12:08<18:03,  1.82s/it]
Permutations:  40%|████      | 404/1000 [12:09<17:59,  1.81s/it]
Permutations:  40%|████      | 405/1000 [12:11<17:56,  1.81s/it]
Permutations:  41%|████      | 406/1000 [12:13<18:03,  1.82s/it]
Permutations:  41%|████      | 407/1000 [12:15<18:04,  1.83s/it]
Permutations:  41%|████      | 408/1000 [12:17<18:09,  1.84s/it]
Permutations:  41%|████      | 409/1000 [12:19<18:10,  1.85s/it]
Permutations:  41%|████      | 410/1000 [12:21<18:09,  1.85s/it]
Permutations:  41%|████      | 411/1000 [12:22<18:08,  1.85s/it]
Permutations:  41%|████      | 412/1000 [12:24<17:57,  1.83s/it]
Permutations:  41%|████▏     | 413/1000 [12:26<17:48,  1.82s/it]
Permutations:  41%|████▏     | 414/1000 [12:28<17:46,  1.82s/it]
Permutations:  42%|████▏     | 415/1000 [12:30<17:40,  1.81s/it]
Permutations:  42%|████▏     | 416/1000 [12:31<17:51,  1.83s/it]
Permutations:  42%|████▏     | 417/1000 [12:33<17:52,  1.84s/it]
Permutations:  42%|████▏     | 418/1000 [12:35<17:51,  1.84s/it]
Permutations:  42%|████▏     | 419/1000 [12:37<17:50,  1.84s/it]
Permutations:  42%|████▏     | 420/1000 [12:39<17:44,  1.83s/it]
Permutations:  42%|████▏     | 421/1000 [12:41<17:36,  1.83s/it]
Permutations:  42%|████▏     | 422/1000 [12:42<17:31,  1.82s/it]
Permutations:  42%|████▏     | 423/1000 [12:44<17:31,  1.82s/it]
Permutations:  42%|████▏     | 424/1000 [12:46<17:33,  1.83s/it]
Permutations:  42%|████▎     | 425/1000 [12:48<17:36,  1.84s/it]
Permutations:  43%|████▎     | 426/1000 [12:50<17:36,  1.84s/it]
Permutations:  43%|████▎     | 427/1000 [12:52<17:36,  1.84s/it]
Permutations:  43%|████▎     | 428/1000 [12:54<17:36,  1.85s/it]
Permutations:  43%|████▎     | 429/1000 [12:55<17:35,  1.85s/it]
Permutations:  43%|████▎     | 430/1000 [12:57<17:34,  1.85s/it]
Permutations:  43%|████▎     | 431/1000 [12:59<17:34,  1.85s/it]
Permutations:  43%|████▎     | 432/1000 [13:01<17:31,  1.85s/it]
Permutations:  43%|████▎     | 433/1000 [13:03<17:34,  1.86s/it]
Permutations:  43%|████▎     | 434/1000 [13:05<17:31,  1.86s/it]
Permutations:  44%|████▎     | 435/1000 [13:07<17:29,  1.86s/it]
Permutations:  44%|████▎     | 436/1000 [13:08<17:24,  1.85s/it]
Permutations:  44%|████▎     | 437/1000 [13:10<17:13,  1.84s/it]
Permutations:  44%|████▍     | 438/1000 [13:12<17:05,  1.83s/it]
Permutations:  44%|████▍     | 439/1000 [13:14<17:01,  1.82s/it]
Permutations:  44%|████▍     | 440/1000 [13:16<16:54,  1.81s/it]
Permutations:  44%|████▍     | 441/1000 [13:17<16:49,  1.81s/it]
Permutations:  44%|████▍     | 442/1000 [13:19<16:45,  1.80s/it]
Permutations:  44%|████▍     | 443/1000 [13:21<16:41,  1.80s/it]
Permutations:  44%|████▍     | 444/1000 [13:23<16:37,  1.79s/it]
Permutations:  44%|████▍     | 445/1000 [13:25<16:37,  1.80s/it]
Permutations:  45%|████▍     | 446/1000 [13:26<16:34,  1.80s/it]
Permutations:  45%|████▍     | 447/1000 [13:28<16:33,  1.80s/it]
Permutations:  45%|████▍     | 448/1000 [13:30<16:31,  1.80s/it]
Permutations:  45%|████▍     | 449/1000 [13:32<16:30,  1.80s/it]
Permutations:  45%|████▌     | 450/1000 [13:34<16:29,  1.80s/it]
Permutations:  45%|████▌     | 451/1000 [13:35<16:31,  1.81s/it]
Permutations:  45%|████▌     | 452/1000 [13:37<16:41,  1.83s/it]
Permutations:  45%|████▌     | 453/1000 [13:39<16:37,  1.82s/it]
Permutations:  45%|████▌     | 454/1000 [13:41<16:31,  1.82s/it]
Permutations:  46%|████▌     | 455/1000 [13:43<16:28,  1.81s/it]
Permutations:  46%|████▌     | 456/1000 [13:44<16:26,  1.81s/it]
Permutations:  46%|████▌     | 457/1000 [13:46<16:28,  1.82s/it]
Permutations:  46%|████▌     | 458/1000 [13:48<16:25,  1.82s/it]
Permutations:  46%|████▌     | 459/1000 [13:50<16:22,  1.82s/it]
Permutations:  46%|████▌     | 460/1000 [13:52<16:21,  1.82s/it]
Permutations:  46%|████▌     | 461/1000 [13:54<16:18,  1.82s/it]
Permutations:  46%|████▌     | 462/1000 [13:55<16:18,  1.82s/it]
Permutations:  46%|████▋     | 463/1000 [13:57<16:18,  1.82s/it]
Permutations:  46%|████▋     | 464/1000 [13:59<16:12,  1.81s/it]
Permutations:  46%|████▋     | 465/1000 [14:01<16:10,  1.81s/it]
Permutations:  47%|████▋     | 466/1000 [14:03<16:07,  1.81s/it]
Permutations:  47%|████▋     | 467/1000 [14:04<16:04,  1.81s/it]
Permutations:  47%|████▋     | 468/1000 [14:06<16:05,  1.81s/it]
Permutations:  47%|████▋     | 469/1000 [14:08<16:01,  1.81s/it]
Permutations:  47%|████▋     | 470/1000 [14:10<16:06,  1.82s/it]
Permutations:  47%|████▋     | 471/1000 [14:12<16:02,  1.82s/it]
Permutations:  47%|████▋     | 472/1000 [14:14<15:57,  1.81s/it]
Permutations:  47%|████▋     | 473/1000 [14:15<15:54,  1.81s/it]
Permutations:  47%|████▋     | 474/1000 [14:17<15:56,  1.82s/it]
Permutations:  48%|████▊     | 475/1000 [14:19<15:51,  1.81s/it]
Permutations:  48%|████▊     | 476/1000 [14:21<15:49,  1.81s/it]
Permutations:  48%|████▊     | 477/1000 [14:23<15:46,  1.81s/it]
Permutations:  48%|████▊     | 478/1000 [14:24<15:42,  1.81s/it]
Permutations:  48%|████▊     | 479/1000 [14:26<15:30,  1.79s/it]
Permutations:  48%|████▊     | 480/1000 [14:28<15:18,  1.77s/it]
Permutations:  48%|████▊     | 481/1000 [14:30<15:09,  1.75s/it]
Permutations:  48%|████▊     | 482/1000 [14:31<15:03,  1.74s/it]
Permutations:  48%|████▊     | 483/1000 [14:33<14:57,  1.74s/it]
Permutations:  48%|████▊     | 484/1000 [14:35<14:53,  1.73s/it]
Permutations:  48%|████▊     | 485/1000 [14:37<15:19,  1.79s/it]
Permutations:  49%|████▊     | 486/1000 [14:38<15:05,  1.76s/it]
Permutations:  49%|████▊     | 487/1000 [14:40<14:55,  1.75s/it]
Permutations:  49%|████▉     | 488/1000 [14:42<14:56,  1.75s/it]
Permutations:  49%|████▉     | 489/1000 [14:44<14:48,  1.74s/it]
Permutations:  49%|████▉     | 490/1000 [14:45<14:43,  1.73s/it]
Permutations:  49%|████▉     | 491/1000 [14:47<14:41,  1.73s/it]
Permutations:  49%|████▉     | 492/1000 [14:49<14:38,  1.73s/it]
Permutations:  49%|████▉     | 493/1000 [14:50<14:34,  1.72s/it]
Permutations:  49%|████▉     | 494/1000 [14:52<14:32,  1.72s/it]
Permutations:  50%|████▉     | 495/1000 [14:54<14:27,  1.72s/it]
Permutations:  50%|████▉     | 496/1000 [14:56<14:25,  1.72s/it]
Permutations:  50%|████▉     | 497/1000 [14:57<14:30,  1.73s/it]
Permutations:  50%|████▉     | 498/1000 [14:59<14:33,  1.74s/it]
Permutations:  50%|████▉     | 499/1000 [15:01<14:35,  1.75s/it]
Permutations:  50%|█████     | 500/1000 [15:03<14:35,  1.75s/it]
Permutations:  50%|█████     | 501/1000 [15:04<14:36,  1.76s/it]
Permutations:  50%|█████     | 502/1000 [15:06<14:45,  1.78s/it]
Permutations:  50%|█████     | 503/1000 [15:08<14:46,  1.78s/it]
Permutations:  50%|█████     | 504/1000 [15:10<14:40,  1.78s/it]
Permutations:  50%|█████     | 505/1000 [15:12<14:47,  1.79s/it]
Permutations:  51%|█████     | 506/1000 [15:13<14:39,  1.78s/it]
Permutations:  51%|█████     | 507/1000 [15:15<14:33,  1.77s/it]
Permutations:  51%|█████     | 508/1000 [15:17<14:35,  1.78s/it]
Permutations:  51%|█████     | 509/1000 [15:19<14:22,  1.76s/it]
Permutations:  51%|█████     | 510/1000 [15:20<14:12,  1.74s/it]
Permutations:  51%|█████     | 511/1000 [15:22<14:26,  1.77s/it]
Permutations:  51%|█████     | 512/1000 [15:24<14:15,  1.75s/it]
Permutations:  51%|█████▏    | 513/1000 [15:26<14:06,  1.74s/it]
Permutations:  51%|█████▏    | 514/1000 [15:27<14:15,  1.76s/it]
Permutations:  52%|█████▏    | 515/1000 [15:29<14:05,  1.74s/it]
Permutations:  52%|█████▏    | 516/1000 [15:31<13:58,  1.73s/it]
Permutations:  52%|█████▏    | 517/1000 [15:33<14:12,  1.77s/it]
Permutations:  52%|█████▏    | 518/1000 [15:34<14:02,  1.75s/it]
Permutations:  52%|█████▏    | 519/1000 [15:36<13:55,  1.74s/it]
Permutations:  52%|█████▏    | 520/1000 [15:38<14:05,  1.76s/it]
Permutations:  52%|█████▏    | 521/1000 [15:40<13:57,  1.75s/it]
Permutations:  52%|█████▏    | 522/1000 [15:41<13:48,  1.73s/it]
Permutations:  52%|█████▏    | 523/1000 [15:43<13:54,  1.75s/it]
Permutations:  52%|█████▏    | 524/1000 [15:45<13:46,  1.74s/it]
Permutations:  52%|█████▎    | 525/1000 [15:46<13:40,  1.73s/it]
Permutations:  53%|█████▎    | 526/1000 [15:48<14:05,  1.78s/it]
Permutations:  53%|█████▎    | 527/1000 [15:50<13:59,  1.77s/it]
Permutations:  53%|█████▎    | 528/1000 [15:52<13:54,  1.77s/it]
Permutations:  53%|█████▎    | 529/1000 [15:54<14:00,  1.78s/it]
Permutations:  53%|█████▎    | 530/1000 [15:55<13:51,  1.77s/it]
Permutations:  53%|█████▎    | 531/1000 [15:57<13:52,  1.77s/it]
Permutations:  53%|█████▎    | 532/1000 [15:59<13:45,  1.76s/it]
Permutations:  53%|█████▎    | 533/1000 [16:01<13:35,  1.75s/it]
Permutations:  53%|█████▎    | 534/1000 [16:02<13:33,  1.75s/it]
Permutations:  54%|█████▎    | 535/1000 [16:04<13:31,  1.74s/it]
Permutations:  54%|█████▎    | 536/1000 [16:06<13:24,  1.73s/it]
Permutations:  54%|█████▎    | 537/1000 [16:08<13:25,  1.74s/it]
Permutations:  54%|█████▍    | 538/1000 [16:09<13:34,  1.76s/it]
Permutations:  54%|█████▍    | 539/1000 [16:11<13:28,  1.75s/it]
Permutations:  54%|█████▍    | 540/1000 [16:13<13:32,  1.77s/it]
Permutations:  54%|█████▍    | 541/1000 [16:15<13:31,  1.77s/it]
Permutations:  54%|█████▍    | 542/1000 [16:16<13:27,  1.76s/it]
Permutations:  54%|█████▍    | 543/1000 [16:18<13:36,  1.79s/it]
Permutations:  54%|█████▍    | 544/1000 [16:20<13:30,  1.78s/it]
Permutations:  55%|█████▍    | 545/1000 [16:22<13:18,  1.75s/it]
Permutations:  55%|█████▍    | 546/1000 [16:24<13:18,  1.76s/it]
Permutations:  55%|█████▍    | 547/1000 [16:25<13:09,  1.74s/it]
Permutations:  55%|█████▍    | 548/1000 [16:27<13:02,  1.73s/it]
Permutations:  55%|█████▍    | 549/1000 [16:29<13:05,  1.74s/it]
Permutations:  55%|█████▌    | 550/1000 [16:30<13:02,  1.74s/it]
Permutations:  55%|█████▌    | 551/1000 [16:32<13:05,  1.75s/it]
Permutations:  55%|█████▌    | 552/1000 [16:34<13:23,  1.79s/it]
Permutations:  55%|█████▌    | 553/1000 [16:36<13:25,  1.80s/it]
Permutations:  55%|█████▌    | 554/1000 [16:38<13:26,  1.81s/it]
Permutations:  56%|█████▌    | 555/1000 [16:40<13:40,  1.84s/it]
Permutations:  56%|█████▌    | 556/1000 [16:42<13:42,  1.85s/it]
Permutations:  56%|█████▌    | 557/1000 [16:44<13:58,  1.89s/it]
Permutations:  56%|█████▌    | 558/1000 [16:45<13:49,  1.88s/it]
Permutations:  56%|█████▌    | 559/1000 [16:47<13:46,  1.87s/it]
Permutations:  56%|█████▌    | 560/1000 [16:49<13:54,  1.90s/it]
Permutations:  56%|█████▌    | 561/1000 [16:51<13:40,  1.87s/it]
Permutations:  56%|█████▌    | 562/1000 [16:53<13:38,  1.87s/it]
Permutations:  56%|█████▋    | 563/1000 [16:55<13:40,  1.88s/it]
Permutations:  56%|█████▋    | 564/1000 [16:57<13:22,  1.84s/it]
Permutations:  56%|█████▋    | 565/1000 [16:58<13:15,  1.83s/it]
Permutations:  57%|█████▋    | 566/1000 [17:00<13:24,  1.85s/it]
Permutations:  57%|█████▋    | 567/1000 [17:02<13:14,  1.83s/it]
Permutations:  57%|█████▋    | 568/1000 [17:04<13:14,  1.84s/it]
Permutations:  57%|█████▋    | 569/1000 [17:06<12:57,  1.80s/it]
Permutations:  57%|█████▋    | 570/1000 [17:07<12:46,  1.78s/it]
Permutations:  57%|█████▋    | 571/1000 [17:09<12:47,  1.79s/it]
Permutations:  57%|█████▋    | 572/1000 [17:11<12:48,  1.79s/it]
Permutations:  57%|█████▋    | 573/1000 [17:13<12:38,  1.78s/it]
Permutations:  57%|█████▋    | 574/1000 [17:15<12:55,  1.82s/it]
Permutations:  57%|█████▊    | 575/1000 [17:16<12:57,  1.83s/it]
Permutations:  58%|█████▊    | 576/1000 [17:18<13:04,  1.85s/it]
Permutations:  58%|█████▊    | 577/1000 [17:20<13:19,  1.89s/it]
Permutations:  58%|█████▊    | 578/1000 [17:22<12:56,  1.84s/it]
Permutations:  58%|█████▊    | 579/1000 [17:24<12:38,  1.80s/it]
Permutations:  58%|█████▊    | 580/1000 [17:26<12:53,  1.84s/it]
Permutations:  58%|█████▊    | 581/1000 [17:27<12:34,  1.80s/it]
Permutations:  58%|█████▊    | 582/1000 [17:29<12:30,  1.80s/it]
Permutations:  58%|█████▊    | 583/1000 [17:31<12:38,  1.82s/it]
Permutations:  58%|█████▊    | 584/1000 [17:33<12:22,  1.78s/it]
Permutations:  58%|█████▊    | 585/1000 [17:35<12:16,  1.77s/it]
Permutations:  59%|█████▊    | 586/1000 [17:36<12:28,  1.81s/it]
Permutations:  59%|█████▊    | 587/1000 [17:38<12:51,  1.87s/it]
Permutations:  59%|█████▉    | 588/1000 [17:40<13:06,  1.91s/it]
Permutations:  59%|█████▉    | 589/1000 [17:42<12:39,  1.85s/it]
Permutations:  59%|█████▉    | 590/1000 [17:44<12:19,  1.80s/it]
Permutations:  59%|█████▉    | 591/1000 [17:46<12:15,  1.80s/it]
Permutations:  59%|█████▉    | 592/1000 [17:47<12:03,  1.77s/it]
Permutations:  59%|█████▉    | 593/1000 [17:49<11:55,  1.76s/it]
Permutations:  59%|█████▉    | 594/1000 [17:51<11:48,  1.75s/it]
Permutations:  60%|█████▉    | 595/1000 [17:52<11:43,  1.74s/it]
Permutations:  60%|█████▉    | 596/1000 [17:54<11:37,  1.73s/it]
Permutations:  60%|█████▉    | 597/1000 [17:56<11:36,  1.73s/it]
Permutations:  60%|█████▉    | 598/1000 [17:58<11:33,  1.72s/it]
Permutations:  60%|█████▉    | 599/1000 [17:59<11:36,  1.74s/it]
Permutations:  60%|██████    | 600/1000 [18:01<11:35,  1.74s/it]
Permutations:  60%|██████    | 601/1000 [18:03<11:30,  1.73s/it]
Permutations:  60%|██████    | 602/1000 [18:05<11:25,  1.72s/it]
Permutations:  60%|██████    | 603/1000 [18:06<11:29,  1.74s/it]
Permutations:  60%|██████    | 604/1000 [18:08<11:23,  1.73s/it]
Permutations:  60%|██████    | 605/1000 [18:10<11:20,  1.72s/it]
Permutations:  61%|██████    | 606/1000 [18:12<11:20,  1.73s/it]
Permutations:  61%|██████    | 607/1000 [18:13<11:17,  1.72s/it]
Permutations:  61%|██████    | 608/1000 [18:15<11:14,  1.72s/it]
Permutations:  61%|██████    | 609/1000 [18:17<11:13,  1.72s/it]
Permutations:  61%|██████    | 610/1000 [18:18<11:09,  1.72s/it]
Permutations:  61%|██████    | 611/1000 [18:20<11:07,  1.72s/it]
Permutations:  61%|██████    | 612/1000 [18:22<11:05,  1.72s/it]
Permutations:  61%|██████▏   | 613/1000 [18:24<11:03,  1.72s/it]
Permutations:  61%|██████▏   | 614/1000 [18:25<11:01,  1.71s/it]
Permutations:  62%|██████▏   | 615/1000 [18:27<11:01,  1.72s/it]
Permutations:  62%|██████▏   | 616/1000 [18:29<10:58,  1.71s/it]
Permutations:  62%|██████▏   | 617/1000 [18:30<10:55,  1.71s/it]
Permutations:  62%|██████▏   | 618/1000 [18:32<10:59,  1.73s/it]
Permutations:  62%|██████▏   | 619/1000 [18:34<10:55,  1.72s/it]
Permutations:  62%|██████▏   | 620/1000 [18:36<10:51,  1.71s/it]
Permutations:  62%|██████▏   | 621/1000 [18:37<10:51,  1.72s/it]
Permutations:  62%|██████▏   | 622/1000 [18:39<10:48,  1.72s/it]
Permutations:  62%|██████▏   | 623/1000 [18:41<10:46,  1.71s/it]
Permutations:  62%|██████▏   | 624/1000 [18:42<10:44,  1.71s/it]
Permutations:  62%|██████▎   | 625/1000 [18:44<10:41,  1.71s/it]
Permutations:  63%|██████▎   | 626/1000 [18:46<10:39,  1.71s/it]
Permutations:  63%|██████▎   | 627/1000 [18:48<10:39,  1.72s/it]
Permutations:  63%|██████▎   | 628/1000 [18:49<10:37,  1.71s/it]
Permutations:  63%|██████▎   | 629/1000 [18:51<10:34,  1.71s/it]
Permutations:  63%|██████▎   | 630/1000 [18:53<10:33,  1.71s/it]
Permutations:  63%|██████▎   | 631/1000 [18:54<10:31,  1.71s/it]
Permutations:  63%|██████▎   | 632/1000 [18:56<10:28,  1.71s/it]
Permutations:  63%|██████▎   | 633/1000 [18:58<10:28,  1.71s/it]
Permutations:  63%|██████▎   | 634/1000 [18:59<10:26,  1.71s/it]
Permutations:  64%|██████▎   | 635/1000 [19:01<10:25,  1.71s/it]
Permutations:  64%|██████▎   | 636/1000 [19:03<10:23,  1.71s/it]
Permutations:  64%|██████▎   | 637/1000 [19:05<10:26,  1.73s/it]
Permutations:  64%|██████▍   | 638/1000 [19:06<10:23,  1.72s/it]
Permutations:  64%|██████▍   | 639/1000 [19:08<10:19,  1.72s/it]
Permutations:  64%|██████▍   | 640/1000 [19:10<10:16,  1.71s/it]
Permutations:  64%|██████▍   | 641/1000 [19:12<10:14,  1.71s/it]
Permutations:  64%|██████▍   | 642/1000 [19:13<10:12,  1.71s/it]
Permutations:  64%|██████▍   | 643/1000 [19:15<10:10,  1.71s/it]
Permutations:  64%|██████▍   | 644/1000 [19:17<10:09,  1.71s/it]
Permutations:  64%|██████▍   | 645/1000 [19:18<10:06,  1.71s/it]
Permutations:  65%|██████▍   | 646/1000 [19:20<10:04,  1.71s/it]
Permutations:  65%|██████▍   | 647/1000 [19:22<10:03,  1.71s/it]
Permutations:  65%|██████▍   | 648/1000 [19:24<10:10,  1.74s/it]
Permutations:  65%|██████▍   | 649/1000 [19:25<10:17,  1.76s/it]
Permutations:  65%|██████▌   | 650/1000 [19:27<10:24,  1.78s/it]
Permutations:  65%|██████▌   | 651/1000 [19:29<10:16,  1.77s/it]
Permutations:  65%|██████▌   | 652/1000 [19:31<10:09,  1.75s/it]
Permutations:  65%|██████▌   | 653/1000 [19:32<10:03,  1.74s/it]
Permutations:  65%|██████▌   | 654/1000 [19:34<09:57,  1.73s/it]
Permutations:  66%|██████▌   | 655/1000 [19:36<09:53,  1.72s/it]
Permutations:  66%|██████▌   | 656/1000 [19:38<09:57,  1.74s/it]
Permutations:  66%|██████▌   | 657/1000 [19:39<09:52,  1.73s/it]
Permutations:  66%|██████▌   | 658/1000 [19:41<09:47,  1.72s/it]
Permutations:  66%|██████▌   | 659/1000 [19:43<09:48,  1.73s/it]
Permutations:  66%|██████▌   | 660/1000 [19:44<09:50,  1.74s/it]
Permutations:  66%|██████▌   | 661/1000 [19:46<09:51,  1.74s/it]
Permutations:  66%|██████▌   | 662/1000 [19:48<09:51,  1.75s/it]
Permutations:  66%|██████▋   | 663/1000 [19:50<09:53,  1.76s/it]
Permutations:  66%|██████▋   | 664/1000 [19:52<09:50,  1.76s/it]
Permutations:  66%|██████▋   | 665/1000 [19:53<09:57,  1.78s/it]
Permutations:  67%|██████▋   | 666/1000 [19:55<10:02,  1.80s/it]
Permutations:  67%|██████▋   | 667/1000 [19:57<09:52,  1.78s/it]
Permutations:  67%|██████▋   | 668/1000 [19:59<09:44,  1.76s/it]
Permutations:  67%|██████▋   | 669/1000 [20:00<09:49,  1.78s/it]
Permutations:  67%|██████▋   | 670/1000 [20:02<09:58,  1.81s/it]
Permutations:  67%|██████▋   | 671/1000 [20:04<09:59,  1.82s/it]
Permutations:  67%|██████▋   | 672/1000 [20:06<09:52,  1.81s/it]
Permutations:  67%|██████▋   | 673/1000 [20:08<09:41,  1.78s/it]
Permutations:  67%|██████▋   | 674/1000 [20:10<09:47,  1.80s/it]
Permutations:  68%|██████▊   | 675/1000 [20:11<09:40,  1.79s/it]
Permutations:  68%|██████▊   | 676/1000 [20:13<09:39,  1.79s/it]
Permutations:  68%|██████▊   | 677/1000 [20:15<09:40,  1.80s/it]
Permutations:  68%|██████▊   | 678/1000 [20:17<09:40,  1.80s/it]
Permutations:  68%|██████▊   | 679/1000 [20:19<09:48,  1.83s/it]
Permutations:  68%|██████▊   | 680/1000 [20:20<09:36,  1.80s/it]
Permutations:  68%|██████▊   | 681/1000 [20:22<09:30,  1.79s/it]
Permutations:  68%|██████▊   | 682/1000 [20:24<09:48,  1.85s/it]
Permutations:  68%|██████▊   | 683/1000 [20:26<09:41,  1.83s/it]
Permutations:  68%|██████▊   | 684/1000 [20:28<09:36,  1.82s/it]
Permutations:  68%|██████▊   | 685/1000 [20:29<09:24,  1.79s/it]
Permutations:  69%|██████▊   | 686/1000 [20:31<09:15,  1.77s/it]
Permutations:  69%|██████▊   | 687/1000 [20:33<09:09,  1.76s/it]
Permutations:  69%|██████▉   | 688/1000 [20:35<09:18,  1.79s/it]
Permutations:  69%|██████▉   | 689/1000 [20:37<09:29,  1.83s/it]
Permutations:  69%|██████▉   | 690/1000 [20:39<09:29,  1.84s/it]
Permutations:  69%|██████▉   | 691/1000 [20:40<09:26,  1.83s/it]
Permutations:  69%|██████▉   | 692/1000 [20:42<09:28,  1.85s/it]
Permutations:  69%|██████▉   | 693/1000 [20:44<09:25,  1.84s/it]
Permutations:  69%|██████▉   | 694/1000 [20:46<09:19,  1.83s/it]
Permutations:  70%|██████▉   | 695/1000 [20:48<09:16,  1.82s/it]
Permutations:  70%|██████▉   | 696/1000 [20:49<09:13,  1.82s/it]
Permutations:  70%|██████▉   | 697/1000 [20:51<09:12,  1.82s/it]
Permutations:  70%|██████▉   | 698/1000 [20:53<09:09,  1.82s/it]
Permutations:  70%|██████▉   | 699/1000 [20:55<09:07,  1.82s/it]
Permutations:  70%|███████   | 700/1000 [20:57<09:04,  1.82s/it]
Permutations:  70%|███████   | 701/1000 [20:59<09:02,  1.81s/it]
Permutations:  70%|███████   | 702/1000 [21:00<09:01,  1.82s/it]
Permutations:  70%|███████   | 703/1000 [21:02<08:59,  1.82s/it]
Permutations:  70%|███████   | 704/1000 [21:04<08:57,  1.82s/it]
Permutations:  70%|███████   | 705/1000 [21:06<08:55,  1.82s/it]
Permutations:  71%|███████   | 706/1000 [21:08<08:54,  1.82s/it]
Permutations:  71%|███████   | 707/1000 [21:09<08:52,  1.82s/it]
Permutations:  71%|███████   | 708/1000 [21:11<08:50,  1.82s/it]
Permutations:  71%|███████   | 709/1000 [21:13<08:49,  1.82s/it]
Permutations:  71%|███████   | 710/1000 [21:15<08:51,  1.83s/it]
Permutations:  71%|███████   | 711/1000 [21:17<08:47,  1.82s/it]
Permutations:  71%|███████   | 712/1000 [21:19<08:43,  1.82s/it]
Permutations:  71%|███████▏  | 713/1000 [21:20<08:40,  1.81s/it]
Permutations:  71%|███████▏  | 714/1000 [21:22<08:37,  1.81s/it]
Permutations:  72%|███████▏  | 715/1000 [21:24<08:35,  1.81s/it]
Permutations:  72%|███████▏  | 716/1000 [21:26<08:33,  1.81s/it]
Permutations:  72%|███████▏  | 717/1000 [21:28<08:31,  1.81s/it]
Permutations:  72%|███████▏  | 718/1000 [21:29<08:29,  1.81s/it]
Permutations:  72%|███████▏  | 719/1000 [21:31<08:27,  1.81s/it]
Permutations:  72%|███████▏  | 720/1000 [21:33<08:25,  1.81s/it]
Permutations:  72%|███████▏  | 721/1000 [21:35<08:24,  1.81s/it]
Permutations:  72%|███████▏  | 722/1000 [21:37<08:24,  1.82s/it]
Permutations:  72%|███████▏  | 723/1000 [21:38<08:22,  1.81s/it]
Permutations:  72%|███████▏  | 724/1000 [21:40<08:20,  1.81s/it]
Permutations:  72%|███████▎  | 725/1000 [21:42<08:18,  1.81s/it]
Permutations:  73%|███████▎  | 726/1000 [21:44<08:16,  1.81s/it]
Permutations:  73%|███████▎  | 727/1000 [21:46<08:14,  1.81s/it]
Permutations:  73%|███████▎  | 728/1000 [21:48<08:18,  1.83s/it]
Permutations:  73%|███████▎  | 729/1000 [21:49<08:15,  1.83s/it]
Permutations:  73%|███████▎  | 730/1000 [21:51<08:12,  1.82s/it]
Permutations:  73%|███████▎  | 731/1000 [21:53<08:09,  1.82s/it]
Permutations:  73%|███████▎  | 732/1000 [21:55<08:06,  1.82s/it]
Permutations:  73%|███████▎  | 733/1000 [21:57<08:06,  1.82s/it]
Permutations:  73%|███████▎  | 734/1000 [21:58<08:04,  1.82s/it]
Permutations:  74%|███████▎  | 735/1000 [22:00<08:02,  1.82s/it]
Permutations:  74%|███████▎  | 736/1000 [22:02<08:00,  1.82s/it]
Permutations:  74%|███████▎  | 737/1000 [22:04<07:57,  1.82s/it]
Permutations:  74%|███████▍  | 738/1000 [22:06<07:56,  1.82s/it]
Permutations:  74%|███████▍  | 739/1000 [22:08<07:59,  1.84s/it]
Permutations:  74%|███████▍  | 740/1000 [22:10<07:59,  1.85s/it]
Permutations:  74%|███████▍  | 741/1000 [22:11<07:59,  1.85s/it]
Permutations:  74%|███████▍  | 742/1000 [22:13<07:58,  1.85s/it]
Permutations:  74%|███████▍  | 743/1000 [22:15<07:56,  1.86s/it]
Permutations:  74%|███████▍  | 744/1000 [22:17<07:55,  1.86s/it]
Permutations:  74%|███████▍  | 745/1000 [22:19<07:53,  1.86s/it]
Permutations:  75%|███████▍  | 746/1000 [22:21<07:54,  1.87s/it]
Permutations:  75%|███████▍  | 747/1000 [22:23<07:52,  1.87s/it]
Permutations:  75%|███████▍  | 748/1000 [22:24<07:47,  1.85s/it]
Permutations:  75%|███████▍  | 749/1000 [22:26<07:43,  1.85s/it]
Permutations:  75%|███████▌  | 750/1000 [22:28<07:39,  1.84s/it]
Permutations:  75%|███████▌  | 751/1000 [22:30<07:38,  1.84s/it]
Permutations:  75%|███████▌  | 752/1000 [22:32<07:38,  1.85s/it]
Permutations:  75%|███████▌  | 753/1000 [22:34<07:37,  1.85s/it]
Permutations:  75%|███████▌  | 754/1000 [22:35<07:35,  1.85s/it]
Permutations:  76%|███████▌  | 755/1000 [22:37<07:34,  1.85s/it]
Permutations:  76%|███████▌  | 756/1000 [22:39<07:32,  1.86s/it]
Permutations:  76%|███████▌  | 757/1000 [22:41<07:30,  1.85s/it]
Permutations:  76%|███████▌  | 758/1000 [22:43<07:28,  1.85s/it]
Permutations:  76%|███████▌  | 759/1000 [22:45<07:26,  1.85s/it]
Permutations:  76%|███████▌  | 760/1000 [22:47<07:25,  1.86s/it]
Permutations:  76%|███████▌  | 761/1000 [22:48<07:24,  1.86s/it]
Permutations:  76%|███████▌  | 762/1000 [22:50<07:21,  1.86s/it]
Permutations:  76%|███████▋  | 763/1000 [22:52<07:17,  1.85s/it]
Permutations:  76%|███████▋  | 764/1000 [22:54<07:16,  1.85s/it]
Permutations:  76%|███████▋  | 765/1000 [22:56<07:11,  1.84s/it]
Permutations:  77%|███████▋  | 766/1000 [22:58<07:10,  1.84s/it]
Permutations:  77%|███████▋  | 767/1000 [22:59<07:06,  1.83s/it]
Permutations:  77%|███████▋  | 768/1000 [23:01<07:03,  1.83s/it]
Permutations:  77%|███████▋  | 769/1000 [23:03<07:00,  1.82s/it]
Permutations:  77%|███████▋  | 770/1000 [23:05<06:57,  1.82s/it]
Permutations:  77%|███████▋  | 771/1000 [23:07<06:57,  1.82s/it]
Permutations:  77%|███████▋  | 772/1000 [23:09<06:54,  1.82s/it]
Permutations:  77%|███████▋  | 773/1000 [23:10<06:51,  1.81s/it]
Permutations:  77%|███████▋  | 774/1000 [23:12<06:49,  1.81s/it]
Permutations:  78%|███████▊  | 775/1000 [23:14<06:47,  1.81s/it]
Permutations:  78%|███████▊  | 776/1000 [23:16<06:44,  1.81s/it]
Permutations:  78%|███████▊  | 777/1000 [23:18<06:44,  1.81s/it]
Permutations:  78%|███████▊  | 778/1000 [23:19<06:42,  1.81s/it]
Permutations:  78%|███████▊  | 779/1000 [23:21<06:39,  1.81s/it]
Permutations:  78%|███████▊  | 780/1000 [23:23<06:37,  1.81s/it]
Permutations:  78%|███████▊  | 781/1000 [23:25<06:35,  1.81s/it]
Permutations:  78%|███████▊  | 782/1000 [23:27<06:38,  1.83s/it]
Permutations:  78%|███████▊  | 783/1000 [23:28<06:35,  1.82s/it]
Permutations:  78%|███████▊  | 784/1000 [23:30<06:32,  1.82s/it]
Permutations:  78%|███████▊  | 785/1000 [23:32<06:29,  1.81s/it]
Permutations:  79%|███████▊  | 786/1000 [23:34<06:27,  1.81s/it]
Permutations:  79%|███████▊  | 787/1000 [23:36<06:25,  1.81s/it]
Permutations:  79%|███████▉  | 788/1000 [23:38<06:24,  1.81s/it]
Permutations:  79%|███████▉  | 789/1000 [23:39<06:22,  1.81s/it]
Permutations:  79%|███████▉  | 790/1000 [23:41<06:19,  1.81s/it]
Permutations:  79%|███████▉  | 791/1000 [23:43<06:16,  1.80s/it]
Permutations:  79%|███████▉  | 792/1000 [23:45<06:14,  1.80s/it]
Permutations:  79%|███████▉  | 793/1000 [23:47<06:13,  1.81s/it]
Permutations:  79%|███████▉  | 794/1000 [23:48<06:13,  1.81s/it]
Permutations:  80%|███████▉  | 795/1000 [23:50<06:12,  1.82s/it]
Permutations:  80%|███████▉  | 796/1000 [23:52<06:11,  1.82s/it]
Permutations:  80%|███████▉  | 797/1000 [23:54<06:10,  1.82s/it]
Permutations:  80%|███████▉  | 798/1000 [23:56<06:06,  1.82s/it]
Permutations:  80%|███████▉  | 799/1000 [23:57<06:05,  1.82s/it]
Permutations:  80%|████████  | 800/1000 [23:59<06:05,  1.83s/it]
Permutations:  80%|████████  | 801/1000 [24:01<06:01,  1.82s/it]
Permutations:  80%|████████  | 802/1000 [24:03<05:58,  1.81s/it]
Permutations:  80%|████████  | 803/1000 [24:05<05:56,  1.81s/it]
Permutations:  80%|████████  | 804/1000 [24:07<05:55,  1.81s/it]
Permutations:  80%|████████  | 805/1000 [24:08<05:52,  1.81s/it]
Permutations:  81%|████████  | 806/1000 [24:10<05:50,  1.81s/it]
Permutations:  81%|████████  | 807/1000 [24:12<05:48,  1.80s/it]
Permutations:  81%|████████  | 808/1000 [24:14<05:46,  1.81s/it]
Permutations:  81%|████████  | 809/1000 [24:16<05:44,  1.80s/it]
Permutations:  81%|████████  | 810/1000 [24:17<05:43,  1.81s/it]
Permutations:  81%|████████  | 811/1000 [24:19<05:41,  1.81s/it]
Permutations:  81%|████████  | 812/1000 [24:21<05:39,  1.80s/it]
Permutations:  81%|████████▏ | 813/1000 [24:23<05:36,  1.80s/it]
Permutations:  81%|████████▏ | 814/1000 [24:25<05:35,  1.80s/it]
Permutations:  82%|████████▏ | 815/1000 [24:26<05:33,  1.80s/it]
Permutations:  82%|████████▏ | 816/1000 [24:28<05:31,  1.80s/it]
Permutations:  82%|████████▏ | 817/1000 [24:30<05:29,  1.80s/it]
Permutations:  82%|████████▏ | 818/1000 [24:32<05:30,  1.81s/it]
Permutations:  82%|████████▏ | 819/1000 [24:34<05:27,  1.81s/it]
Permutations:  82%|████████▏ | 820/1000 [24:35<05:25,  1.81s/it]
Permutations:  82%|████████▏ | 821/1000 [24:37<05:24,  1.81s/it]
Permutations:  82%|████████▏ | 822/1000 [24:39<05:21,  1.81s/it]
Permutations:  82%|████████▏ | 823/1000 [24:41<05:19,  1.81s/it]
Permutations:  82%|████████▏ | 824/1000 [24:43<05:17,  1.80s/it]
Permutations:  82%|████████▎ | 825/1000 [24:44<05:15,  1.80s/it]
Permutations:  83%|████████▎ | 826/1000 [24:46<05:14,  1.81s/it]
Permutations:  83%|████████▎ | 827/1000 [24:48<05:12,  1.81s/it]
Permutations:  83%|████████▎ | 828/1000 [24:50<05:10,  1.80s/it]
Permutations:  83%|████████▎ | 829/1000 [24:52<05:08,  1.80s/it]
Permutations:  83%|████████▎ | 830/1000 [24:53<05:06,  1.80s/it]
Permutations:  83%|████████▎ | 831/1000 [24:55<05:04,  1.80s/it]
Permutations:  83%|████████▎ | 832/1000 [24:57<05:03,  1.81s/it]
Permutations:  83%|████████▎ | 833/1000 [24:59<05:00,  1.80s/it]
Permutations:  83%|████████▎ | 834/1000 [25:01<04:59,  1.80s/it]
Permutations:  84%|████████▎ | 835/1000 [25:02<04:57,  1.80s/it]
Permutations:  84%|████████▎ | 836/1000 [25:04<04:57,  1.82s/it]
Permutations:  84%|████████▎ | 837/1000 [25:06<04:55,  1.81s/it]
Permutations:  84%|████████▍ | 838/1000 [25:08<04:53,  1.81s/it]
Permutations:  84%|████████▍ | 839/1000 [25:10<04:50,  1.81s/it]
Permutations:  84%|████████▍ | 840/1000 [25:12<04:48,  1.80s/it]
Permutations:  84%|████████▍ | 841/1000 [25:13<04:46,  1.80s/it]
Permutations:  84%|████████▍ | 842/1000 [25:15<04:44,  1.80s/it]
Permutations:  84%|████████▍ | 843/1000 [25:17<04:43,  1.81s/it]
Permutations:  84%|████████▍ | 844/1000 [25:19<04:40,  1.80s/it]
Permutations:  84%|████████▍ | 845/1000 [25:21<04:39,  1.80s/it]
Permutations:  85%|████████▍ | 846/1000 [25:22<04:37,  1.80s/it]
Permutations:  85%|████████▍ | 847/1000 [25:24<04:35,  1.80s/it]
Permutations:  85%|████████▍ | 848/1000 [25:26<04:33,  1.80s/it]
Permutations:  85%|████████▍ | 849/1000 [25:28<04:32,  1.81s/it]
Permutations:  85%|████████▌ | 850/1000 [25:30<04:30,  1.80s/it]
Permutations:  85%|████████▌ | 851/1000 [25:31<04:29,  1.81s/it]
Permutations:  85%|████████▌ | 852/1000 [25:33<04:26,  1.80s/it]
Permutations:  85%|████████▌ | 853/1000 [25:35<04:24,  1.80s/it]
Permutations:  85%|████████▌ | 854/1000 [25:37<04:26,  1.82s/it]
Permutations:  86%|████████▌ | 855/1000 [25:39<04:23,  1.81s/it]
Permutations:  86%|████████▌ | 856/1000 [25:40<04:20,  1.81s/it]
Permutations:  86%|████████▌ | 857/1000 [25:42<04:18,  1.80s/it]
Permutations:  86%|████████▌ | 858/1000 [25:44<04:15,  1.80s/it]
Permutations:  86%|████████▌ | 859/1000 [25:46<04:13,  1.80s/it]
Permutations:  86%|████████▌ | 860/1000 [25:48<04:12,  1.80s/it]
Permutations:  86%|████████▌ | 861/1000 [25:49<04:10,  1.80s/it]
Permutations:  86%|████████▌ | 862/1000 [25:51<04:09,  1.81s/it]
Permutations:  86%|████████▋ | 863/1000 [25:53<04:06,  1.80s/it]
Permutations:  86%|████████▋ | 864/1000 [25:55<04:04,  1.80s/it]
Permutations:  86%|████████▋ | 865/1000 [25:57<04:03,  1.80s/it]
Permutations:  87%|████████▋ | 866/1000 [25:58<04:01,  1.80s/it]
Permutations:  87%|████████▋ | 867/1000 [26:00<03:59,  1.80s/it]
Permutations:  87%|████████▋ | 868/1000 [26:02<03:57,  1.80s/it]
Permutations:  87%|████████▋ | 869/1000 [26:04<03:55,  1.80s/it]
Permutations:  87%|████████▋ | 870/1000 [26:06<03:53,  1.80s/it]
Permutations:  87%|████████▋ | 871/1000 [26:07<03:52,  1.80s/it]
Permutations:  87%|████████▋ | 872/1000 [26:09<03:51,  1.81s/it]
Permutations:  87%|████████▋ | 873/1000 [26:11<03:49,  1.81s/it]
Permutations:  87%|████████▋ | 874/1000 [26:13<03:46,  1.80s/it]
Permutations:  88%|████████▊ | 875/1000 [26:15<03:44,  1.79s/it]
Permutations:  88%|████████▊ | 876/1000 [26:16<03:42,  1.80s/it]
Permutations:  88%|████████▊ | 877/1000 [26:18<03:41,  1.80s/it]
Permutations:  88%|████████▊ | 878/1000 [26:20<03:38,  1.79s/it]
Permutations:  88%|████████▊ | 879/1000 [26:22<03:36,  1.79s/it]
Permutations:  88%|████████▊ | 880/1000 [26:24<03:41,  1.84s/it]
Permutations:  88%|████████▊ | 881/1000 [26:26<03:37,  1.83s/it]
Permutations:  88%|████████▊ | 882/1000 [26:27<03:34,  1.81s/it]
Permutations:  88%|████████▊ | 883/1000 [26:29<03:31,  1.81s/it]
Permutations:  88%|████████▊ | 884/1000 [26:31<03:29,  1.80s/it]
Permutations:  88%|████████▊ | 885/1000 [26:33<03:26,  1.80s/it]
Permutations:  89%|████████▊ | 886/1000 [26:34<03:24,  1.79s/it]
Permutations:  89%|████████▊ | 887/1000 [26:36<03:22,  1.80s/it]
Permutations:  89%|████████▉ | 888/1000 [26:38<03:21,  1.80s/it]
Permutations:  89%|████████▉ | 889/1000 [26:40<03:19,  1.80s/it]
Permutations:  89%|████████▉ | 890/1000 [26:42<03:17,  1.80s/it]
Permutations:  89%|████████▉ | 891/1000 [26:44<03:17,  1.82s/it]
Permutations:  89%|████████▉ | 892/1000 [26:45<03:15,  1.81s/it]
Permutations:  89%|████████▉ | 893/1000 [26:47<03:14,  1.81s/it]
Permutations:  89%|████████▉ | 894/1000 [26:49<03:12,  1.81s/it]
Permutations:  90%|████████▉ | 895/1000 [26:51<03:10,  1.81s/it]
Permutations:  90%|████████▉ | 896/1000 [26:53<03:08,  1.81s/it]
Permutations:  90%|████████▉ | 897/1000 [26:54<03:05,  1.81s/it]
Permutations:  90%|████████▉ | 898/1000 [26:56<03:03,  1.80s/it]
Permutations:  90%|████████▉ | 899/1000 [26:58<03:02,  1.81s/it]
Permutations:  90%|█████████ | 900/1000 [27:00<03:00,  1.81s/it]
Permutations:  90%|█████████ | 901/1000 [27:02<02:58,  1.81s/it]
Permutations:  90%|█████████ | 902/1000 [27:03<02:57,  1.81s/it]
Permutations:  90%|█████████ | 903/1000 [27:05<02:55,  1.81s/it]
Permutations:  90%|█████████ | 904/1000 [27:07<02:53,  1.81s/it]
Permutations:  90%|█████████ | 905/1000 [27:09<02:51,  1.81s/it]
Permutations:  91%|█████████ | 906/1000 [27:11<02:49,  1.80s/it]
Permutations:  91%|█████████ | 907/1000 [27:12<02:47,  1.81s/it]
Permutations:  91%|█████████ | 908/1000 [27:14<02:46,  1.81s/it]
Permutations:  91%|█████████ | 909/1000 [27:16<02:45,  1.82s/it]
Permutations:  91%|█████████ | 910/1000 [27:18<02:43,  1.82s/it]
Permutations:  91%|█████████ | 911/1000 [27:20<02:41,  1.81s/it]
Permutations:  91%|█████████ | 912/1000 [27:22<02:39,  1.81s/it]
Permutations:  91%|█████████▏| 913/1000 [27:23<02:38,  1.83s/it]
Permutations:  91%|█████████▏| 914/1000 [27:25<02:37,  1.84s/it]
Permutations:  92%|█████████▏| 915/1000 [27:27<02:33,  1.81s/it]
Permutations:  92%|█████████▏| 916/1000 [27:29<02:31,  1.81s/it]
Permutations:  92%|█████████▏| 917/1000 [27:31<02:29,  1.80s/it]
Permutations:  92%|█████████▏| 918/1000 [27:32<02:26,  1.79s/it]
Permutations:  92%|█████████▏| 919/1000 [27:34<02:24,  1.79s/it]
Permutations:  92%|█████████▏| 920/1000 [27:36<02:26,  1.83s/it]
Permutations:  92%|█████████▏| 921/1000 [27:38<02:24,  1.82s/it]
Permutations:  92%|█████████▏| 922/1000 [27:40<02:20,  1.80s/it]
Permutations:  92%|█████████▏| 923/1000 [27:41<02:17,  1.79s/it]
Permutations:  92%|█████████▏| 924/1000 [27:43<02:15,  1.78s/it]
Permutations:  92%|█████████▎| 925/1000 [27:45<02:13,  1.78s/it]
Permutations:  93%|█████████▎| 926/1000 [27:47<02:11,  1.78s/it]
Permutations:  93%|█████████▎| 927/1000 [27:49<02:13,  1.83s/it]
Permutations:  93%|█████████▎| 928/1000 [27:50<02:11,  1.83s/it]
Permutations:  93%|█████████▎| 929/1000 [27:52<02:09,  1.82s/it]
Permutations:  93%|█████████▎| 930/1000 [27:54<02:07,  1.82s/it]
Permutations:  93%|█████████▎| 931/1000 [27:56<02:05,  1.82s/it]
Permutations:  93%|█████████▎| 932/1000 [27:58<02:05,  1.84s/it]
Permutations:  93%|█████████▎| 933/1000 [28:00<02:02,  1.83s/it]
Permutations:  93%|█████████▎| 934/1000 [28:01<02:00,  1.82s/it]
Permutations:  94%|█████████▎| 935/1000 [28:03<01:57,  1.81s/it]
Permutations:  94%|█████████▎| 936/1000 [28:05<01:54,  1.79s/it]
Permutations:  94%|█████████▎| 937/1000 [28:07<01:51,  1.77s/it]
Permutations:  94%|█████████▍| 938/1000 [28:08<01:49,  1.77s/it]
Permutations:  94%|█████████▍| 939/1000 [28:10<01:51,  1.82s/it]
Permutations:  94%|█████████▍| 940/1000 [28:12<01:47,  1.79s/it]
Permutations:  94%|█████████▍| 941/1000 [28:14<01:44,  1.78s/it]
Permutations:  94%|█████████▍| 942/1000 [28:16<01:42,  1.76s/it]
Permutations:  94%|█████████▍| 943/1000 [28:17<01:40,  1.75s/it]
Permutations:  94%|█████████▍| 944/1000 [28:19<01:37,  1.74s/it]
Permutations:  94%|█████████▍| 945/1000 [28:21<01:36,  1.75s/it]
Permutations:  95%|█████████▍| 946/1000 [28:23<01:34,  1.75s/it]
Permutations:  95%|█████████▍| 947/1000 [28:24<01:32,  1.74s/it]
Permutations:  95%|█████████▍| 948/1000 [28:26<01:30,  1.74s/it]
Permutations:  95%|█████████▍| 949/1000 [28:28<01:28,  1.73s/it]
Permutations:  95%|█████████▌| 950/1000 [28:29<01:26,  1.73s/it]
Permutations:  95%|█████████▌| 951/1000 [28:31<01:24,  1.73s/it]
Permutations:  95%|█████████▌| 952/1000 [28:33<01:22,  1.72s/it]
Permutations:  95%|█████████▌| 953/1000 [28:35<01:20,  1.72s/it]
Permutations:  95%|█████████▌| 954/1000 [28:36<01:19,  1.72s/it]
Permutations:  96%|█████████▌| 955/1000 [28:38<01:18,  1.74s/it]
Permutations:  96%|█████████▌| 956/1000 [28:40<01:16,  1.73s/it]
Permutations:  96%|█████████▌| 957/1000 [28:42<01:15,  1.74s/it]
Permutations:  96%|█████████▌| 958/1000 [28:43<01:13,  1.74s/it]
Permutations:  96%|█████████▌| 959/1000 [28:45<01:11,  1.75s/it]
Permutations:  96%|█████████▌| 960/1000 [28:47<01:10,  1.75s/it]
Permutations:  96%|█████████▌| 961/1000 [28:49<01:07,  1.74s/it]
Permutations:  96%|█████████▌| 962/1000 [28:50<01:06,  1.74s/it]
Permutations:  96%|█████████▋| 963/1000 [28:52<01:07,  1.82s/it]
Permutations:  96%|█████████▋| 964/1000 [28:54<01:06,  1.86s/it]
Permutations:  96%|█████████▋| 965/1000 [28:56<01:04,  1.83s/it]
Permutations:  97%|█████████▋| 966/1000 [28:58<01:01,  1.81s/it]
Permutations:  97%|█████████▋| 967/1000 [29:00<00:59,  1.79s/it]
Permutations:  97%|█████████▋| 968/1000 [29:01<00:57,  1.78s/it]
Permutations:  97%|█████████▋| 969/1000 [29:03<00:54,  1.77s/it]
Permutations:  97%|█████████▋| 970/1000 [29:05<00:52,  1.76s/it]
Permutations:  97%|█████████▋| 971/1000 [29:07<00:51,  1.76s/it]
Permutations:  97%|█████████▋| 972/1000 [29:08<00:49,  1.76s/it]
Permutations:  97%|█████████▋| 973/1000 [29:10<00:47,  1.76s/it]
Permutations:  97%|█████████▋| 974/1000 [29:12<00:46,  1.78s/it]
Permutations:  98%|█████████▊| 975/1000 [29:14<00:46,  1.85s/it]
Permutations:  98%|█████████▊| 976/1000 [29:16<00:43,  1.83s/it]
Permutations:  98%|█████████▊| 977/1000 [29:17<00:41,  1.80s/it]
Permutations:  98%|█████████▊| 978/1000 [29:19<00:38,  1.77s/it]
Permutations:  98%|█████████▊| 979/1000 [29:21<00:36,  1.75s/it]
Permutations:  98%|█████████▊| 980/1000 [29:23<00:34,  1.74s/it]
Permutations:  98%|█████████▊| 981/1000 [29:24<00:32,  1.73s/it]
Permutations:  98%|█████████▊| 982/1000 [29:26<00:31,  1.74s/it]
Permutations:  98%|█████████▊| 983/1000 [29:28<00:29,  1.73s/it]
Permutations:  98%|█████████▊| 984/1000 [29:29<00:27,  1.73s/it]
Permutations:  98%|█████████▊| 985/1000 [29:31<00:25,  1.72s/it]
Permutations:  99%|█████████▊| 986/1000 [29:33<00:24,  1.72s/it]
Permutations:  99%|█████████▊| 987/1000 [29:35<00:22,  1.71s/it]
Permutations:  99%|█████████▉| 988/1000 [29:36<00:20,  1.71s/it]
Permutations:  99%|█████████▉| 989/1000 [29:38<00:18,  1.71s/it]
Permutations:  99%|█████████▉| 990/1000 [29:40<00:17,  1.71s/it]
Permutations:  99%|█████████▉| 991/1000 [29:41<00:15,  1.72s/it]
Permutations:  99%|█████████▉| 992/1000 [29:43<00:13,  1.72s/it]
Permutations:  99%|█████████▉| 993/1000 [29:45<00:11,  1.71s/it]
Permutations:  99%|█████████▉| 994/1000 [29:47<00:10,  1.72s/it]
Permutations: 100%|█████████▉| 995/1000 [29:48<00:08,  1.73s/it]
Permutations: 100%|█████████▉| 996/1000 [29:50<00:06,  1.73s/it]
Permutations: 100%|█████████▉| 997/1000 [29:52<00:05,  1.74s/it]
Permutations: 100%|█████████▉| 998/1000 [29:54<00:03,  1.74s/it]
Permutations: 100%|█████████▉| 999/1000 [29:55<00:01,  1.73s/it]
Permutations: 100%|██████████| 1000/1000 [29:57<00:00,  1.74s/it]
Permutations: 100%|██████████| 1000/1000 [29:57<00:00,  1.80s/it]
✓ Permutation testing complete
  Significant feature-motif pairs (FDR < 0.05): 1542/1724

Saving results to outputs/feature_analysis_jumprelu/
✓ Saved latent_correlations.csv
✓ Saved feature_motif_correlations.csv

Generating visualizations...
✓ Saved feature_motif_heatmap.png
✓ Saved feature_motif_heatmap_significant.png
✓ Saved correlation_distributions.png
✓ Saved null_distributions.png
✓ Saved volcano_plot.png
✓ Saved top_features_per_motif.png

================================================================================
SUMMARY STATISTICS
================================================================================
Total feature-motif pairs analyzed: 1724
Significant pairs (FDR < 0.05): 1542

Significant features per motif:
  in_feedforward_loop: 385
  in_feedback_loop: 409
  in_single_input_module: 385
  in_cascade: 363

✓ Analysis complete!
✓ Results saved to: outputs/feature_analysis_jumprelu/
================================================================================

Running: /data/users/goodarzilab/shervin/miniconda3/bin/python3 /data/users/goodarzilab/shervin/182-GNN_SAE/sae/run_interpretability_experiments.py --variant jumprelu
✓ Auto-loaded best config for JUMPRELU:
  latent_dim=512
  threshold_init=0.01
  bandwidth=0.01
  composite_score=0.737390625

======================================================================
MOTIF-SPECIFIC ABLATION WITH EFFECT SIZE FILTERING
======================================================================
SAE Configuration:
  latent_dim=512, k=8
Graph Type:
  Single-motif graphs (0-3999)
Feature Selection:
  FDR threshold: < 0.05
  Min |rpb| threshold: >= 0
Random Controls:
  Trials per feature count: 20

Filtering criteria:
  - FDR < 0.05: 1542 pairs
  - |rpb| >= 0: 1724 pairs
  - Both criteria: 1542 pairs
Saved feature mapping to: ablations/interpretability_jumprelu_latent512_k8_rpb0.00_results/feature_motif_mapping.json

Non-filtered features available for random controls: 8

Filtered features per motif:
  Cascade: 363 features
  Feedback Loop: 409 features
  Feedforward Loop: 385 features
  Single Input Module: 385 features

======================================================================
MONOSEMANTICITY ANALYSIS
======================================================================

Feature specificity (after filtering):
  Monosemantic (1 motif only): 35
  Polysemantic (2 motifs): 4
  Polysemantic (3 motifs): 37
  Polysemantic (4 motifs): 347

  Total unique features: 423
  Monosemantic rate: 8.3%
  Polysemantic rate: 91.7%

Most polysemantic features (top 10):
  z1: 4 motifs (in_feedforward_loop, in_feedback_loop, in_single_input_module, in_cascade) [rpb: -0.062, 0.195, -0.062, -0.053]
  z10: 4 motifs (in_feedforward_loop, in_feedback_loop, in_single_input_module, in_cascade) [rpb: -0.077, 0.227, -0.077, -0.048]
  z100: 4 motifs (in_feedforward_loop, in_feedback_loop, in_single_input_module, in_cascade) [rpb: -0.078, 0.237, -0.077, -0.059]
  z101: 4 motifs (in_feedforward_loop, in_feedback_loop, in_single_input_module, in_cascade) [rpb: -0.075, 0.230, -0.075, -0.058]
  z102: 4 motifs (in_feedforward_loop, in_feedback_loop, in_single_input_module, in_cascade) [rpb: -0.047, 0.145, -0.047, -0.037]
  z105: 4 motifs (in_feedforward_loop, in_feedback_loop, in_single_input_module, in_cascade) [rpb: -0.089, 0.260, -0.089, -0.054]
  z106: 4 motifs (in_feedforward_loop, in_feedback_loop, in_single_input_module, in_cascade) [rpb: -0.076, 0.211, -0.076, -0.034]
  z107: 4 motifs (in_feedforward_loop, in_feedback_loop, in_single_input_module, in_cascade) [rpb: -0.086, 0.235, -0.085, -0.036]
  z108: 4 motifs (in_feedforward_loop, in_feedback_loop, in_single_input_module, in_cascade) [rpb: -0.076, 0.219, -0.075, -0.044]
  z109: 4 motifs (in_feedforward_loop, in_feedback_loop, in_single_input_module, in_cascade) [rpb: -0.114, 0.348, -0.114, -0.085]

======================================================================
STEP 1: Motif-Specific Ablations
======================================================================

Ablating Cascade features (363)...
Error in ablation cascade_jumprelu_l512_thresh1e-02_bw1e-02:

  Warning: Ablation experiment returned no results for Cascade

Ablating Feedback Loop features (409)...
Error in ablation feedback_loop_jumprelu_l512_thresh1e-02_bw1e-02:

  Warning: Ablation experiment returned no results for Feedback Loop

Ablating Feedforward Loop features (385)...
Error in ablation feedforward_loop_jumprelu_l512_thresh1e-02_bw1e-02:

  Warning: Ablation experiment returned no results for Feedforward Loop

Ablating Single Input Module features (385)...
Error in ablation single_input_module_jumprelu_l512_thresh1e-02_bw1e-02:

  Warning: Ablation experiment returned no results for Single Input Module

WARNING: No motif-specific ablation results collected!
This may be because:
  1. No features met the filtering criteria
  2. Ablation experiments failed
Skipping statistical analysis and plotting.

Saved phase_3a_config.json (status: incomplete)

Saved config to ablations/phase_3a_config_jumprelu.json

----------------------------------------------------------------------
Processing variant: TOPK
Config: Medium capacity, moderate sparsity (composite_score=0.639)
----------------------------------------------------------------------

Running feature significance analysis for topk...
Running: /data/users/goodarzilab/shervin/miniconda3/bin/python3 /data/users/goodarzilab/shervin/182-GNN_SAE/sae/analyze_feature_significance.py --variant topk --source-csv outputs/sae_config_comparison.csv
================================================================================
FEATURE-MOTIF SIGNIFICANCE ANALYSIS: TOPK
================================================================================

Loading configuration from outputs/sae_config_comparison.csv...
✓ Best config for TOPK:
  Composite score: 0.639
  Config: latent_dim=256, k=16

Loading SAE model...
✓ Loaded TOPK SAE (latent_dim=256)

Loading test graph IDs...
✓ Loaded 400 test graph IDs
Extracting SAE latent representations for test nodes...

Processing test graphs:   0%|          | 0/400 [00:00<?, ?it/s]
Processing test graphs:   0%|          | 1/400 [00:00<01:17,  5.15it/s]
Processing test graphs:  11%|█         | 44/400 [00:00<00:01, 185.01it/s]
Processing test graphs:  22%|██▏       | 87/400 [00:00<00:01, 275.50it/s]
Processing test graphs:  32%|███▏      | 127/400 [00:00<00:00, 318.06it/s]
Processing test graphs:  41%|████      | 163/400 [00:00<00:00, 309.72it/s]
Processing test graphs:  49%|████▉     | 197/400 [00:00<00:00, 304.88it/s]
Processing test graphs:  57%|█████▊    | 230/400 [00:00<00:00, 297.59it/s]
Processing test graphs:  68%|██████▊   | 274/400 [00:00<00:00, 336.58it/s]
Processing test graphs:  78%|███████▊  | 314/400 [00:01<00:00, 353.15it/s]
Processing test graphs:  90%|████████▉ | 358/400 [00:01<00:00, 376.18it/s]
Processing test graphs: 100%|██████████| 400/400 [00:01<00:00, 319.15it/s]
✓ Extracted latent representations for 4000 nodes
Computing point-biserial correlations...
✓ Computed 192 correlations

Running permutation test with 1000 permutations...

Permutations:   0%|          | 0/1000 [00:00<?, ?it/s]
Permutations:   0%|          | 1/1000 [00:00<04:06,  4.05it/s]
Permutations:   0%|          | 2/1000 [00:00<03:57,  4.21it/s]
Permutations:   0%|          | 3/1000 [00:00<03:53,  4.27it/s]
Permutations:   0%|          | 4/1000 [00:00<03:51,  4.31it/s]
Permutations:   0%|          | 5/1000 [00:01<03:50,  4.32it/s]
Permutations:   1%|          | 6/1000 [00:01<03:48,  4.34it/s]
Permutations:   1%|          | 7/1000 [00:01<03:48,  4.35it/s]
Permutations:   1%|          | 8/1000 [00:01<03:49,  4.32it/s]
Permutations:   1%|          | 9/1000 [00:02<03:48,  4.33it/s]
Permutations:   1%|          | 10/1000 [00:02<03:47,  4.35it/s]
Permutations:   1%|          | 11/1000 [00:02<03:47,  4.35it/s]
Permutations:   1%|          | 12/1000 [00:02<03:47,  4.34it/s]
Permutations:   1%|▏         | 13/1000 [00:03<03:46,  4.35it/s]
Permutations:   1%|▏         | 14/1000 [00:03<03:46,  4.35it/s]
Permutations:   2%|▏         | 15/1000 [00:03<03:46,  4.35it/s]
Permutations:   2%|▏         | 16/1000 [00:03<03:45,  4.36it/s]
Permutations:   2%|▏         | 17/1000 [00:03<03:52,  4.24it/s]
Permutations:   2%|▏         | 18/1000 [00:04<03:49,  4.27it/s]
Permutations:   2%|▏         | 19/1000 [00:04<03:49,  4.27it/s]
Permutations:   2%|▏         | 20/1000 [00:04<03:48,  4.30it/s]
Permutations:   2%|▏         | 21/1000 [00:04<03:50,  4.25it/s]
Permutations:   2%|▏         | 22/1000 [00:05<03:48,  4.28it/s]
Permutations:   2%|▏         | 23/1000 [00:05<03:48,  4.28it/s]
Permutations:   2%|▏         | 24/1000 [00:05<03:46,  4.31it/s]
Permutations:   2%|▎         | 25/1000 [00:05<03:47,  4.28it/s]
Permutations:   3%|▎         | 26/1000 [00:06<03:46,  4.31it/s]
Permutations:   3%|▎         | 27/1000 [00:06<03:45,  4.32it/s]
Permutations:   3%|▎         | 28/1000 [00:06<03:44,  4.33it/s]
Permutations:   3%|▎         | 29/1000 [00:06<03:46,  4.29it/s]
Permutations:   3%|▎         | 30/1000 [00:06<03:44,  4.32it/s]
Permutations:   3%|▎         | 31/1000 [00:07<03:43,  4.33it/s]
Permutations:   3%|▎         | 32/1000 [00:07<03:43,  4.33it/s]
Permutations:   3%|▎         | 33/1000 [00:07<03:42,  4.34it/s]
Permutations:   3%|▎         | 34/1000 [00:07<03:44,  4.30it/s]
Permutations:   4%|▎         | 35/1000 [00:08<03:43,  4.32it/s]
Permutations:   4%|▎         | 36/1000 [00:08<03:42,  4.34it/s]
Permutations:   4%|▎         | 37/1000 [00:08<03:41,  4.34it/s]
Permutations:   4%|▍         | 38/1000 [00:08<03:43,  4.30it/s]
Permutations:   4%|▍         | 39/1000 [00:09<03:42,  4.32it/s]
Permutations:   4%|▍         | 40/1000 [00:09<03:41,  4.34it/s]
Permutations:   4%|▍         | 41/1000 [00:09<03:40,  4.35it/s]
Permutations:   4%|▍         | 42/1000 [00:09<03:42,  4.31it/s]
Permutations:   4%|▍         | 43/1000 [00:09<03:42,  4.30it/s]
Permutations:   4%|▍         | 44/1000 [00:10<03:41,  4.33it/s]
Permutations:   4%|▍         | 45/1000 [00:10<03:40,  4.33it/s]
Permutations:   5%|▍         | 46/1000 [00:10<03:39,  4.34it/s]
Permutations:   5%|▍         | 47/1000 [00:10<03:42,  4.28it/s]
Permutations:   5%|▍         | 48/1000 [00:11<03:41,  4.30it/s]
Permutations:   5%|▍         | 49/1000 [00:11<03:40,  4.32it/s]
Permutations:   5%|▌         | 50/1000 [00:11<03:38,  4.34it/s]
Permutations:   5%|▌         | 51/1000 [00:11<03:40,  4.29it/s]
Permutations:   5%|▌         | 52/1000 [00:12<03:39,  4.32it/s]
Permutations:   5%|▌         | 53/1000 [00:12<03:38,  4.33it/s]
Permutations:   5%|▌         | 54/1000 [00:12<03:37,  4.34it/s]
Permutations:   6%|▌         | 55/1000 [00:12<03:39,  4.30it/s]
Permutations:   6%|▌         | 56/1000 [00:12<03:39,  4.31it/s]
Permutations:   6%|▌         | 57/1000 [00:13<03:37,  4.33it/s]
Permutations:   6%|▌         | 58/1000 [00:13<03:36,  4.34it/s]
Permutations:   6%|▌         | 59/1000 [00:13<03:36,  4.35it/s]
Permutations:   6%|▌         | 60/1000 [00:13<03:45,  4.18it/s]
Permutations:   6%|▌         | 61/1000 [00:14<03:41,  4.23it/s]
Permutations:   6%|▌         | 62/1000 [00:14<03:39,  4.27it/s]
Permutations:   6%|▋         | 63/1000 [00:14<03:37,  4.30it/s]
Permutations:   6%|▋         | 64/1000 [00:14<03:41,  4.23it/s]
Permutations:   6%|▋         | 65/1000 [00:15<03:38,  4.27it/s]
Permutations:   7%|▋         | 66/1000 [00:15<03:37,  4.30it/s]
Permutations:   7%|▋         | 67/1000 [00:15<03:36,  4.30it/s]
Permutations:   7%|▋         | 68/1000 [00:15<03:38,  4.27it/s]
Permutations:   7%|▋         | 69/1000 [00:16<03:36,  4.29it/s]
Permutations:   7%|▋         | 70/1000 [00:16<03:35,  4.31it/s]
Permutations:   7%|▋         | 71/1000 [00:16<03:34,  4.33it/s]
Permutations:   7%|▋         | 72/1000 [00:16<03:36,  4.29it/s]
Permutations:   7%|▋         | 73/1000 [00:16<03:35,  4.29it/s]
Permutations:   7%|▋         | 74/1000 [00:17<03:34,  4.32it/s]
Permutations:   8%|▊         | 75/1000 [00:17<03:34,  4.31it/s]
Permutations:   8%|▊         | 76/1000 [00:17<03:33,  4.33it/s]
Permutations:   8%|▊         | 77/1000 [00:17<03:35,  4.28it/s]
Permutations:   8%|▊         | 78/1000 [00:18<03:34,  4.30it/s]
Permutations:   8%|▊         | 79/1000 [00:18<03:33,  4.32it/s]
Permutations:   8%|▊         | 80/1000 [00:18<03:32,  4.32it/s]
Permutations:   8%|▊         | 81/1000 [00:18<03:34,  4.28it/s]
Permutations:   8%|▊         | 82/1000 [00:19<03:33,  4.30it/s]
Permutations:   8%|▊         | 83/1000 [00:19<03:32,  4.32it/s]
Permutations:   8%|▊         | 84/1000 [00:19<03:33,  4.29it/s]
Permutations:   8%|▊         | 85/1000 [00:19<03:33,  4.29it/s]
Permutations:   9%|▊         | 86/1000 [00:19<03:32,  4.31it/s]
Permutations:   9%|▊         | 87/1000 [00:20<03:31,  4.33it/s]
Permutations:   9%|▉         | 88/1000 [00:20<03:30,  4.34it/s]
Permutations:   9%|▉         | 89/1000 [00:20<03:31,  4.31it/s]
Permutations:   9%|▉         | 90/1000 [00:20<03:30,  4.32it/s]
Permutations:   9%|▉         | 91/1000 [00:21<03:29,  4.33it/s]
Permutations:   9%|▉         | 92/1000 [00:21<03:29,  4.34it/s]
Permutations:   9%|▉         | 93/1000 [00:21<03:28,  4.35it/s]
Permutations:   9%|▉         | 94/1000 [00:21<03:28,  4.35it/s]
Permutations:  10%|▉         | 95/1000 [00:22<03:27,  4.35it/s]
Permutations:  10%|▉         | 96/1000 [00:22<03:27,  4.36it/s]
Permutations:  10%|▉         | 97/1000 [00:22<03:27,  4.36it/s]
Permutations:  10%|▉         | 98/1000 [00:22<03:26,  4.36it/s]
Permutations:  10%|▉         | 99/1000 [00:22<03:26,  4.36it/s]
Permutations:  10%|█         | 100/1000 [00:23<03:26,  4.36it/s]
Permutations:  10%|█         | 101/1000 [00:23<03:26,  4.36it/s]
Permutations:  10%|█         | 102/1000 [00:23<03:25,  4.36it/s]
Permutations:  10%|█         | 103/1000 [00:23<03:25,  4.36it/s]
Permutations:  10%|█         | 104/1000 [00:24<03:25,  4.36it/s]
Permutations:  10%|█         | 105/1000 [00:24<03:25,  4.35it/s]
Permutations:  11%|█         | 106/1000 [00:24<03:25,  4.36it/s]
Permutations:  11%|█         | 107/1000 [00:24<03:26,  4.33it/s]
Permutations:  11%|█         | 108/1000 [00:25<03:25,  4.34it/s]
Permutations:  11%|█         | 109/1000 [00:25<03:24,  4.35it/s]
Permutations:  11%|█         | 110/1000 [00:25<03:24,  4.35it/s]
Permutations:  11%|█         | 111/1000 [00:25<03:24,  4.34it/s]
Permutations:  11%|█         | 112/1000 [00:25<03:25,  4.32it/s]
Permutations:  11%|█▏        | 113/1000 [00:26<03:25,  4.33it/s]
Permutations:  11%|█▏        | 114/1000 [00:26<03:24,  4.34it/s]
Permutations:  12%|█▏        | 115/1000 [00:26<03:24,  4.33it/s]
Permutations:  12%|█▏        | 116/1000 [00:26<03:24,  4.32it/s]
Permutations:  12%|█▏        | 117/1000 [00:27<03:23,  4.33it/s]
Permutations:  12%|█▏        | 118/1000 [00:27<03:23,  4.34it/s]
Permutations:  12%|█▏        | 119/1000 [00:27<03:22,  4.34it/s]
Permutations:  12%|█▏        | 120/1000 [00:27<03:25,  4.28it/s]
Permutations:  12%|█▏        | 121/1000 [00:28<03:24,  4.30it/s]
Permutations:  12%|█▏        | 122/1000 [00:28<03:23,  4.31it/s]
Permutations:  12%|█▏        | 123/1000 [00:28<03:23,  4.32it/s]
Permutations:  12%|█▏        | 124/1000 [00:28<03:23,  4.30it/s]
Permutations:  12%|█▎        | 125/1000 [00:28<03:22,  4.32it/s]
Permutations:  13%|█▎        | 126/1000 [00:29<03:21,  4.33it/s]
Permutations:  13%|█▎        | 127/1000 [00:29<03:21,  4.34it/s]
Permutations:  13%|█▎        | 128/1000 [00:29<03:20,  4.34it/s]
Permutations:  13%|█▎        | 129/1000 [00:29<03:21,  4.33it/s]
Permutations:  13%|█▎        | 130/1000 [00:30<03:20,  4.33it/s]
Permutations:  13%|█▎        | 131/1000 [00:30<03:20,  4.34it/s]
Permutations:  13%|█▎        | 132/1000 [00:30<03:19,  4.34it/s]
Permutations:  13%|█▎        | 133/1000 [00:30<03:21,  4.30it/s]
Permutations:  13%|█▎        | 134/1000 [00:31<03:25,  4.22it/s]
Permutations:  14%|█▎        | 135/1000 [00:31<03:23,  4.26it/s]
Permutations:  14%|█▎        | 136/1000 [00:31<03:21,  4.29it/s]
Permutations:  14%|█▎        | 137/1000 [00:31<03:51,  3.72it/s]
Permutations:  14%|█▍        | 138/1000 [00:32<03:41,  3.89it/s]
Permutations:  14%|█▍        | 139/1000 [00:32<03:33,  4.03it/s]
Permutations:  14%|█▍        | 140/1000 [00:32<03:28,  4.12it/s]
Permutations:  14%|█▍        | 141/1000 [00:32<03:26,  4.15it/s]
Permutations:  14%|█▍        | 142/1000 [00:33<03:23,  4.21it/s]
Permutations:  14%|█▍        | 143/1000 [00:33<03:21,  4.26it/s]
Permutations:  14%|█▍        | 144/1000 [00:33<03:19,  4.29it/s]
Permutations:  14%|█▍        | 145/1000 [00:33<03:20,  4.27it/s]
Permutations:  15%|█▍        | 146/1000 [00:33<03:23,  4.19it/s]
Permutations:  15%|█▍        | 147/1000 [00:34<03:22,  4.21it/s]
Permutations:  15%|█▍        | 148/1000 [00:34<03:22,  4.22it/s]
Permutations:  15%|█▍        | 149/1000 [00:34<03:21,  4.23it/s]
Permutations:  15%|█▌        | 150/1000 [00:34<03:21,  4.22it/s]
Permutations:  15%|█▌        | 151/1000 [00:35<03:21,  4.21it/s]
Permutations:  15%|█▌        | 152/1000 [00:35<03:20,  4.23it/s]
Permutations:  15%|█▌        | 153/1000 [00:35<03:19,  4.24it/s]
Permutations:  15%|█▌        | 154/1000 [00:35<03:20,  4.23it/s]
Permutations:  16%|█▌        | 155/1000 [00:36<03:20,  4.21it/s]
Permutations:  16%|█▌        | 156/1000 [00:36<03:19,  4.23it/s]
Permutations:  16%|█▌        | 157/1000 [00:36<03:19,  4.23it/s]
Permutations:  16%|█▌        | 158/1000 [00:36<03:19,  4.23it/s]
Permutations:  16%|█▌        | 159/1000 [00:37<03:18,  4.24it/s]
Permutations:  16%|█▌        | 160/1000 [00:37<03:17,  4.26it/s]
Permutations:  16%|█▌        | 161/1000 [00:37<03:16,  4.27it/s]
Permutations:  16%|█▌        | 162/1000 [00:37<03:17,  4.24it/s]
Permutations:  16%|█▋        | 163/1000 [00:37<03:16,  4.25it/s]
Permutations:  16%|█▋        | 164/1000 [00:38<03:16,  4.26it/s]
Permutations:  16%|█▋        | 165/1000 [00:38<03:16,  4.26it/s]
Permutations:  17%|█▋        | 166/1000 [00:38<03:15,  4.27it/s]
Permutations:  17%|█▋        | 167/1000 [00:38<03:15,  4.26it/s]
Permutations:  17%|█▋        | 168/1000 [00:39<03:15,  4.26it/s]
Permutations:  17%|█▋        | 169/1000 [00:39<03:16,  4.24it/s]
Permutations:  17%|█▋        | 170/1000 [00:39<03:14,  4.26it/s]
Permutations:  17%|█▋        | 171/1000 [00:39<03:14,  4.26it/s]
Permutations:  17%|█▋        | 172/1000 [00:40<03:14,  4.25it/s]
Permutations:  17%|█▋        | 173/1000 [00:40<03:13,  4.27it/s]
Permutations:  17%|█▋        | 174/1000 [00:40<03:13,  4.27it/s]
Permutations:  18%|█▊        | 175/1000 [00:40<03:13,  4.26it/s]
Permutations:  18%|█▊        | 176/1000 [00:41<03:12,  4.27it/s]
Permutations:  18%|█▊        | 177/1000 [00:41<03:13,  4.25it/s]
Permutations:  18%|█▊        | 178/1000 [00:41<03:13,  4.26it/s]
Permutations:  18%|█▊        | 179/1000 [00:41<03:13,  4.25it/s]
Permutations:  18%|█▊        | 180/1000 [00:41<03:12,  4.25it/s]
Permutations:  18%|█▊        | 181/1000 [00:42<03:12,  4.26it/s]
Permutations:  18%|█▊        | 182/1000 [00:42<03:12,  4.26it/s]
Permutations:  18%|█▊        | 183/1000 [00:42<03:11,  4.26it/s]
Permutations:  18%|█▊        | 184/1000 [00:42<03:11,  4.25it/s]
Permutations:  18%|█▊        | 185/1000 [00:43<03:12,  4.24it/s]
Permutations:  19%|█▊        | 186/1000 [00:43<03:11,  4.25it/s]
Permutations:  19%|█▊        | 187/1000 [00:43<03:10,  4.27it/s]
Permutations:  19%|█▉        | 188/1000 [00:43<03:14,  4.18it/s]
Permutations:  19%|█▉        | 189/1000 [00:44<03:15,  4.15it/s]
Permutations:  19%|█▉        | 190/1000 [00:44<03:12,  4.20it/s]
Permutations:  19%|█▉        | 191/1000 [00:44<03:11,  4.22it/s]
Permutations:  19%|█▉        | 192/1000 [00:44<03:12,  4.20it/s]
Permutations:  19%|█▉        | 193/1000 [00:45<03:11,  4.22it/s]
Permutations:  19%|█▉        | 194/1000 [00:45<03:10,  4.24it/s]
Permutations:  20%|█▉        | 195/1000 [00:45<03:09,  4.25it/s]
Permutations:  20%|█▉        | 196/1000 [00:45<03:10,  4.22it/s]
Permutations:  20%|█▉        | 197/1000 [00:45<03:09,  4.23it/s]
Permutations:  20%|█▉        | 198/1000 [00:46<03:10,  4.20it/s]
Permutations:  20%|█▉        | 199/1000 [00:46<03:10,  4.21it/s]
Permutations:  20%|██        | 200/1000 [00:46<03:10,  4.20it/s]
Permutations:  20%|██        | 201/1000 [00:46<03:10,  4.19it/s]
Permutations:  20%|██        | 202/1000 [00:47<03:09,  4.21it/s]
Permutations:  20%|██        | 203/1000 [00:47<03:08,  4.23it/s]
Permutations:  20%|██        | 204/1000 [00:47<03:08,  4.23it/s]
Permutations:  20%|██        | 205/1000 [00:47<03:07,  4.23it/s]
Permutations:  21%|██        | 206/1000 [00:48<03:07,  4.23it/s]
Permutations:  21%|██        | 207/1000 [00:48<03:07,  4.23it/s]
Permutations:  21%|██        | 208/1000 [00:48<03:06,  4.24it/s]
Permutations:  21%|██        | 209/1000 [00:48<03:07,  4.22it/s]
Permutations:  21%|██        | 210/1000 [00:49<03:06,  4.24it/s]
Permutations:  21%|██        | 211/1000 [00:49<03:06,  4.24it/s]
Permutations:  21%|██        | 212/1000 [00:49<03:05,  4.24it/s]
Permutations:  21%|██▏       | 213/1000 [00:49<03:06,  4.22it/s]
Permutations:  21%|██▏       | 214/1000 [00:50<03:05,  4.23it/s]
Permutations:  22%|██▏       | 215/1000 [00:50<03:05,  4.24it/s]
Permutations:  22%|██▏       | 216/1000 [00:50<03:04,  4.24it/s]
Permutations:  22%|██▏       | 217/1000 [00:50<03:05,  4.22it/s]
Permutations:  22%|██▏       | 218/1000 [00:50<03:05,  4.23it/s]
Permutations:  22%|██▏       | 219/1000 [00:51<03:03,  4.25it/s]
Permutations:  22%|██▏       | 220/1000 [00:51<03:05,  4.20it/s]
Permutations:  22%|██▏       | 221/1000 [00:51<03:05,  4.21it/s]
Permutations:  22%|██▏       | 222/1000 [00:51<03:06,  4.18it/s]
Permutations:  22%|██▏       | 223/1000 [00:52<03:04,  4.20it/s]
Permutations:  22%|██▏       | 224/1000 [00:52<03:03,  4.23it/s]
Permutations:  22%|██▎       | 225/1000 [00:52<03:03,  4.22it/s]
Permutations:  23%|██▎       | 226/1000 [00:52<03:03,  4.21it/s]
Permutations:  23%|██▎       | 227/1000 [00:53<03:03,  4.22it/s]
Permutations:  23%|██▎       | 228/1000 [00:53<03:02,  4.22it/s]
Permutations:  23%|██▎       | 229/1000 [00:53<03:01,  4.24it/s]
Permutations:  23%|██▎       | 230/1000 [00:53<03:03,  4.20it/s]
Permutations:  23%|██▎       | 231/1000 [00:54<03:04,  4.18it/s]
Permutations:  23%|██▎       | 232/1000 [00:54<03:03,  4.19it/s]
Permutations:  23%|██▎       | 233/1000 [00:54<03:02,  4.20it/s]
Permutations:  23%|██▎       | 234/1000 [00:54<03:04,  4.16it/s]
Permutations:  24%|██▎       | 235/1000 [00:54<03:02,  4.19it/s]
Permutations:  24%|██▎       | 236/1000 [00:55<03:01,  4.22it/s]
Permutations:  24%|██▎       | 237/1000 [00:55<03:00,  4.23it/s]
Permutations:  24%|██▍       | 238/1000 [00:55<03:00,  4.22it/s]
Permutations:  24%|██▍       | 239/1000 [00:55<02:59,  4.23it/s]
Permutations:  24%|██▍       | 240/1000 [00:56<02:58,  4.25it/s]
Permutations:  24%|██▍       | 241/1000 [00:56<02:58,  4.25it/s]
Permutations:  24%|██▍       | 242/1000 [00:56<03:00,  4.21it/s]
Permutations:  24%|██▍       | 243/1000 [00:56<02:59,  4.21it/s]
Permutations:  24%|██▍       | 244/1000 [00:57<02:59,  4.22it/s]
Permutations:  24%|██▍       | 245/1000 [00:57<02:58,  4.22it/s]
Permutations:  25%|██▍       | 246/1000 [00:57<02:58,  4.23it/s]
Permutations:  25%|██▍       | 247/1000 [00:57<02:59,  4.18it/s]
Permutations:  25%|██▍       | 248/1000 [00:58<02:58,  4.20it/s]
Permutations:  25%|██▍       | 249/1000 [00:58<02:57,  4.23it/s]
Permutations:  25%|██▌       | 250/1000 [00:58<02:56,  4.25it/s]
Permutations:  25%|██▌       | 251/1000 [00:58<02:57,  4.23it/s]
Permutations:  25%|██▌       | 252/1000 [00:59<02:56,  4.24it/s]
Permutations:  25%|██▌       | 253/1000 [00:59<02:56,  4.24it/s]
Permutations:  25%|██▌       | 254/1000 [00:59<02:56,  4.23it/s]
Permutations:  26%|██▌       | 255/1000 [00:59<02:56,  4.21it/s]
Permutations:  26%|██▌       | 256/1000 [00:59<02:56,  4.22it/s]
Permutations:  26%|██▌       | 257/1000 [01:00<02:56,  4.22it/s]
Permutations:  26%|██▌       | 258/1000 [01:00<02:55,  4.24it/s]
Permutations:  26%|██▌       | 259/1000 [01:00<02:54,  4.25it/s]
Permutations:  26%|██▌       | 260/1000 [01:00<02:55,  4.22it/s]
Permutations:  26%|██▌       | 261/1000 [01:01<02:54,  4.23it/s]
Permutations:  26%|██▌       | 262/1000 [01:01<02:53,  4.25it/s]
Permutations:  26%|██▋       | 263/1000 [01:01<02:54,  4.23it/s]
Permutations:  26%|██▋       | 264/1000 [01:01<02:54,  4.22it/s]
Permutations:  26%|██▋       | 265/1000 [01:02<02:53,  4.23it/s]
Permutations:  27%|██▋       | 266/1000 [01:02<02:52,  4.24it/s]
Permutations:  27%|██▋       | 267/1000 [01:02<02:51,  4.28it/s]
Permutations:  27%|██▋       | 268/1000 [01:02<02:51,  4.26it/s]
Permutations:  27%|██▋       | 269/1000 [01:03<02:50,  4.29it/s]
Permutations:  27%|██▋       | 270/1000 [01:03<02:49,  4.32it/s]
Permutations:  27%|██▋       | 271/1000 [01:03<02:48,  4.34it/s]
Permutations:  27%|██▋       | 272/1000 [01:03<02:49,  4.29it/s]
Permutations:  27%|██▋       | 273/1000 [01:03<02:51,  4.23it/s]
Permutations:  27%|██▋       | 274/1000 [01:04<02:50,  4.26it/s]
Permutations:  28%|██▊       | 275/1000 [01:04<02:53,  4.17it/s]
Permutations:  28%|██▊       | 276/1000 [01:04<02:58,  4.06it/s]
Permutations:  28%|██▊       | 277/1000 [01:04<02:55,  4.12it/s]
Permutations:  28%|██▊       | 278/1000 [01:05<02:52,  4.19it/s]
Permutations:  28%|██▊       | 279/1000 [01:05<02:50,  4.24it/s]
Permutations:  28%|██▊       | 280/1000 [01:05<02:48,  4.28it/s]
Permutations:  28%|██▊       | 281/1000 [01:05<02:49,  4.25it/s]
Permutations:  28%|██▊       | 282/1000 [01:06<02:47,  4.28it/s]
Permutations:  28%|██▊       | 283/1000 [01:06<02:46,  4.30it/s]
Permutations:  28%|██▊       | 284/1000 [01:06<02:45,  4.32it/s]
Permutations:  28%|██▊       | 285/1000 [01:06<02:46,  4.29it/s]
Permutations:  29%|██▊       | 286/1000 [01:07<02:45,  4.30it/s]
Permutations:  29%|██▊       | 287/1000 [01:07<02:45,  4.32it/s]
Permutations:  29%|██▉       | 288/1000 [01:07<02:44,  4.33it/s]
Permutations:  29%|██▉       | 289/1000 [01:07<02:45,  4.29it/s]
Permutations:  29%|██▉       | 290/1000 [01:07<02:45,  4.29it/s]
Permutations:  29%|██▉       | 291/1000 [01:08<02:44,  4.30it/s]
Permutations:  29%|██▉       | 292/1000 [01:08<02:43,  4.32it/s]
Permutations:  29%|██▉       | 293/1000 [01:08<02:43,  4.33it/s]
Permutations:  29%|██▉       | 294/1000 [01:08<02:44,  4.29it/s]
Permutations:  30%|██▉       | 295/1000 [01:09<02:43,  4.31it/s]
Permutations:  30%|██▉       | 296/1000 [01:09<02:42,  4.33it/s]
Permutations:  30%|██▉       | 297/1000 [01:09<02:42,  4.33it/s]
Permutations:  30%|██▉       | 298/1000 [01:09<02:43,  4.29it/s]
Permutations:  30%|██▉       | 299/1000 [01:10<02:42,  4.32it/s]
Permutations:  30%|███       | 300/1000 [01:10<02:41,  4.33it/s]
Permutations:  30%|███       | 301/1000 [01:10<02:40,  4.34it/s]
Permutations:  30%|███       | 302/1000 [01:10<02:42,  4.30it/s]
Permutations:  30%|███       | 303/1000 [01:10<02:41,  4.32it/s]
Permutations:  30%|███       | 304/1000 [01:11<02:40,  4.33it/s]
Permutations:  30%|███       | 305/1000 [01:11<02:40,  4.34it/s]
Permutations:  31%|███       | 306/1000 [01:11<02:39,  4.35it/s]
Permutations:  31%|███       | 307/1000 [01:11<02:41,  4.28it/s]
Permutations:  31%|███       | 308/1000 [01:12<02:40,  4.30it/s]
Permutations:  31%|███       | 309/1000 [01:12<02:41,  4.29it/s]
Permutations:  31%|███       | 310/1000 [01:12<02:40,  4.31it/s]
Permutations:  31%|███       | 311/1000 [01:12<02:39,  4.31it/s]
Permutations:  31%|███       | 312/1000 [01:13<02:38,  4.33it/s]
Permutations:  31%|███▏      | 313/1000 [01:13<02:38,  4.34it/s]
Permutations:  31%|███▏      | 314/1000 [01:13<02:37,  4.35it/s]
Permutations:  32%|███▏      | 315/1000 [01:13<02:40,  4.27it/s]
Permutations:  32%|███▏      | 316/1000 [01:13<02:43,  4.19it/s]
Permutations:  32%|███▏      | 317/1000 [01:14<02:40,  4.24it/s]
Permutations:  32%|███▏      | 318/1000 [01:14<02:39,  4.28it/s]
Permutations:  32%|███▏      | 319/1000 [01:14<02:38,  4.31it/s]
Permutations:  32%|███▏      | 320/1000 [01:14<02:38,  4.28it/s]
Permutations:  32%|███▏      | 321/1000 [01:15<02:37,  4.30it/s]
Permutations:  32%|███▏      | 322/1000 [01:15<02:36,  4.32it/s]
Permutations:  32%|███▏      | 323/1000 [01:15<02:36,  4.34it/s]
Permutations:  32%|███▏      | 324/1000 [01:15<02:37,  4.30it/s]
Permutations:  32%|███▎      | 325/1000 [01:16<02:36,  4.32it/s]
Permutations:  33%|███▎      | 326/1000 [01:16<02:35,  4.34it/s]
Permutations:  33%|███▎      | 327/1000 [01:16<02:34,  4.35it/s]
Permutations:  33%|███▎      | 328/1000 [01:16<02:36,  4.31it/s]
Permutations:  33%|███▎      | 329/1000 [01:17<02:36,  4.28it/s]
Permutations:  33%|███▎      | 330/1000 [01:17<02:35,  4.31it/s]
Permutations:  33%|███▎      | 331/1000 [01:17<02:34,  4.32it/s]
Permutations:  33%|███▎      | 332/1000 [01:17<02:34,  4.33it/s]
Permutations:  33%|███▎      | 333/1000 [01:17<02:35,  4.28it/s]
Permutations:  33%|███▎      | 334/1000 [01:18<02:34,  4.31it/s]
Permutations:  34%|███▎      | 335/1000 [01:18<02:33,  4.32it/s]
Permutations:  34%|███▎      | 336/1000 [01:18<02:33,  4.34it/s]
Permutations:  34%|███▎      | 337/1000 [01:18<02:34,  4.30it/s]
Permutations:  34%|███▍      | 338/1000 [01:19<02:33,  4.32it/s]
Permutations:  34%|███▍      | 339/1000 [01:19<02:32,  4.33it/s]
Permutations:  34%|███▍      | 340/1000 [01:19<02:32,  4.34it/s]
Permutations:  34%|███▍      | 341/1000 [01:19<02:33,  4.30it/s]
Permutations:  34%|███▍      | 342/1000 [01:20<02:32,  4.32it/s]
Permutations:  34%|███▍      | 343/1000 [01:20<02:31,  4.33it/s]
Permutations:  34%|███▍      | 344/1000 [01:20<02:30,  4.35it/s]
Permutations:  34%|███▍      | 345/1000 [01:20<02:31,  4.32it/s]
Permutations:  35%|███▍      | 346/1000 [01:20<02:32,  4.30it/s]
Permutations:  35%|███▍      | 347/1000 [01:21<02:31,  4.31it/s]
Permutations:  35%|███▍      | 348/1000 [01:21<02:30,  4.33it/s]
Permutations:  35%|███▍      | 349/1000 [01:21<02:29,  4.34it/s]
Permutations:  35%|███▌      | 350/1000 [01:21<02:31,  4.30it/s]
Permutations:  35%|███▌      | 351/1000 [01:22<02:30,  4.31it/s]
Permutations:  35%|███▌      | 352/1000 [01:22<02:29,  4.32it/s]
Permutations:  35%|███▌      | 353/1000 [01:22<02:29,  4.33it/s]
Permutations:  35%|███▌      | 354/1000 [01:22<02:30,  4.29it/s]
Permutations:  36%|███▌      | 355/1000 [01:23<02:29,  4.31it/s]
Permutations:  36%|███▌      | 356/1000 [01:23<02:28,  4.33it/s]
Permutations:  36%|███▌      | 357/1000 [01:23<02:28,  4.34it/s]
Permutations:  36%|███▌      | 358/1000 [01:23<02:29,  4.31it/s]
Permutations:  36%|███▌      | 359/1000 [01:23<02:33,  4.18it/s]
Permutations:  36%|███▌      | 360/1000 [01:24<02:31,  4.22it/s]
Permutations:  36%|███▌      | 361/1000 [01:24<02:29,  4.26it/s]
Permutations:  36%|███▌      | 362/1000 [01:24<02:28,  4.29it/s]
Permutations:  36%|███▋      | 363/1000 [01:24<02:29,  4.26it/s]
Permutations:  36%|███▋      | 364/1000 [01:25<02:28,  4.29it/s]
Permutations:  36%|███▋      | 365/1000 [01:25<02:27,  4.31it/s]
Permutations:  37%|███▋      | 366/1000 [01:25<02:26,  4.33it/s]
Permutations:  37%|███▋      | 367/1000 [01:25<02:27,  4.29it/s]
Permutations:  37%|███▋      | 368/1000 [01:26<02:26,  4.31it/s]
Permutations:  37%|███▋      | 369/1000 [01:26<02:25,  4.33it/s]
Permutations:  37%|███▋      | 370/1000 [01:26<02:25,  4.34it/s]
Permutations:  37%|███▋      | 371/1000 [01:26<02:26,  4.29it/s]
Permutations:  37%|███▋      | 372/1000 [01:26<02:25,  4.31it/s]
Permutations:  37%|███▋      | 373/1000 [01:27<02:26,  4.28it/s]
Permutations:  37%|███▋      | 374/1000 [01:27<02:25,  4.30it/s]
Permutations:  38%|███▊      | 375/1000 [01:27<02:24,  4.32it/s]
Permutations:  38%|███▊      | 376/1000 [01:27<02:25,  4.29it/s]
Permutations:  38%|███▊      | 377/1000 [01:28<02:24,  4.31it/s]
Permutations:  38%|███▊      | 378/1000 [01:28<02:23,  4.32it/s]
Permutations:  38%|███▊      | 379/1000 [01:28<02:23,  4.33it/s]
Permutations:  38%|███▊      | 380/1000 [01:28<02:24,  4.30it/s]
Permutations:  38%|███▊      | 381/1000 [01:29<02:24,  4.29it/s]
Permutations:  38%|███▊      | 382/1000 [01:29<02:23,  4.31it/s]
Permutations:  38%|███▊      | 383/1000 [01:29<02:22,  4.33it/s]
Permutations:  38%|███▊      | 384/1000 [01:29<02:23,  4.28it/s]
Permutations:  38%|███▊      | 385/1000 [01:29<02:22,  4.31it/s]
Permutations:  39%|███▊      | 386/1000 [01:30<02:22,  4.31it/s]
Permutations:  39%|███▊      | 387/1000 [01:30<02:21,  4.33it/s]
Permutations:  39%|███▉      | 388/1000 [01:30<02:21,  4.33it/s]
Permutations:  39%|███▉      | 389/1000 [01:30<02:22,  4.29it/s]
Permutations:  39%|███▉      | 390/1000 [01:31<02:21,  4.32it/s]
Permutations:  39%|███▉      | 391/1000 [01:31<02:20,  4.32it/s]
Permutations:  39%|███▉      | 392/1000 [01:31<02:20,  4.33it/s]
Permutations:  39%|███▉      | 393/1000 [01:31<02:21,  4.29it/s]
Permutations:  39%|███▉      | 394/1000 [01:32<02:20,  4.31it/s]
Permutations:  40%|███▉      | 395/1000 [01:32<02:21,  4.28it/s]
Permutations:  40%|███▉      | 396/1000 [01:32<02:20,  4.30it/s]
Permutations:  40%|███▉      | 397/1000 [01:32<02:21,  4.26it/s]
Permutations:  40%|███▉      | 398/1000 [01:33<02:20,  4.28it/s]
Permutations:  40%|███▉      | 399/1000 [01:33<02:19,  4.30it/s]
Permutations:  40%|████      | 400/1000 [01:33<02:19,  4.31it/s]
Permutations:  40%|████      | 401/1000 [01:33<02:20,  4.26it/s]
Permutations:  40%|████      | 402/1000 [01:33<02:22,  4.21it/s]
Permutations:  40%|████      | 403/1000 [01:34<02:20,  4.25it/s]
Permutations:  40%|████      | 404/1000 [01:34<02:19,  4.27it/s]
Permutations:  40%|████      | 405/1000 [01:34<02:18,  4.30it/s]
Permutations:  41%|████      | 406/1000 [01:34<02:19,  4.27it/s]
Permutations:  41%|████      | 407/1000 [01:35<02:18,  4.29it/s]
Permutations:  41%|████      | 408/1000 [01:35<02:17,  4.31it/s]
Permutations:  41%|████      | 409/1000 [01:35<02:16,  4.33it/s]
Permutations:  41%|████      | 410/1000 [01:35<02:17,  4.29it/s]
Permutations:  41%|████      | 411/1000 [01:36<02:16,  4.31it/s]
Permutations:  41%|████      | 412/1000 [01:36<02:16,  4.32it/s]
Permutations:  41%|████▏     | 413/1000 [01:36<02:15,  4.32it/s]
Permutations:  41%|████▏     | 414/1000 [01:36<02:16,  4.29it/s]
Permutations:  42%|████▏     | 415/1000 [01:36<02:15,  4.31it/s]
Permutations:  42%|████▏     | 416/1000 [01:37<02:20,  4.14it/s]
Permutations:  42%|████▏     | 417/1000 [01:37<02:23,  4.06it/s]
Permutations:  42%|████▏     | 418/1000 [01:37<02:21,  4.12it/s]
Permutations:  42%|████▏     | 419/1000 [01:37<02:18,  4.18it/s]
Permutations:  42%|████▏     | 420/1000 [01:38<02:17,  4.23it/s]
Permutations:  42%|████▏     | 421/1000 [01:38<02:17,  4.22it/s]
Permutations:  42%|████▏     | 422/1000 [01:38<02:15,  4.25it/s]
Permutations:  42%|████▏     | 423/1000 [01:38<02:15,  4.26it/s]
Permutations:  42%|████▏     | 424/1000 [01:39<02:14,  4.29it/s]
Permutations:  42%|████▎     | 425/1000 [01:39<02:13,  4.31it/s]
Permutations:  43%|████▎     | 426/1000 [01:39<02:12,  4.32it/s]
Permutations:  43%|████▎     | 427/1000 [01:39<02:13,  4.28it/s]
Permutations:  43%|████▎     | 428/1000 [01:40<02:12,  4.31it/s]
Permutations:  43%|████▎     | 429/1000 [01:40<02:12,  4.32it/s]
Permutations:  43%|████▎     | 430/1000 [01:40<02:11,  4.33it/s]
Permutations:  43%|████▎     | 431/1000 [01:40<02:11,  4.32it/s]
Permutations:  43%|████▎     | 432/1000 [01:40<02:11,  4.33it/s]
Permutations:  43%|████▎     | 433/1000 [01:41<02:10,  4.34it/s]
Permutations:  43%|████▎     | 434/1000 [01:41<02:10,  4.35it/s]
Permutations:  44%|████▎     | 435/1000 [01:41<02:09,  4.35it/s]
Permutations:  44%|████▎     | 436/1000 [01:41<02:10,  4.34it/s]
Permutations:  44%|████▎     | 437/1000 [01:42<02:09,  4.34it/s]
Permutations:  44%|████▍     | 438/1000 [01:42<02:09,  4.35it/s]
Permutations:  44%|████▍     | 439/1000 [01:42<02:10,  4.31it/s]
Permutations:  44%|████▍     | 440/1000 [01:42<02:09,  4.31it/s]
Permutations:  44%|████▍     | 441/1000 [01:43<02:09,  4.32it/s]
Permutations:  44%|████▍     | 442/1000 [01:43<02:08,  4.33it/s]
Permutations:  44%|████▍     | 443/1000 [01:43<02:08,  4.33it/s]
Permutations:  44%|████▍     | 444/1000 [01:43<02:10,  4.25it/s]
Permutations:  44%|████▍     | 445/1000 [01:44<02:10,  4.24it/s]
Permutations:  45%|████▍     | 446/1000 [01:44<02:09,  4.27it/s]
Permutations:  45%|████▍     | 447/1000 [01:44<02:08,  4.29it/s]
Permutations:  45%|████▍     | 448/1000 [01:44<02:08,  4.31it/s]
Permutations:  45%|████▍     | 449/1000 [01:44<02:08,  4.30it/s]
Permutations:  45%|████▌     | 450/1000 [01:45<02:07,  4.32it/s]
Permutations:  45%|████▌     | 451/1000 [01:45<02:07,  4.32it/s]
Permutations:  45%|████▌     | 452/1000 [01:45<02:06,  4.32it/s]
Permutations:  45%|████▌     | 453/1000 [01:45<02:06,  4.31it/s]
Permutations:  45%|████▌     | 454/1000 [01:46<02:06,  4.32it/s]
Permutations:  46%|████▌     | 455/1000 [01:46<02:05,  4.33it/s]
Permutations:  46%|████▌     | 456/1000 [01:46<02:05,  4.34it/s]
Permutations:  46%|████▌     | 457/1000 [01:46<02:05,  4.32it/s]
Permutations:  46%|████▌     | 458/1000 [01:47<02:05,  4.33it/s]
Permutations:  46%|████▌     | 459/1000 [01:47<02:05,  4.32it/s]
Permutations:  46%|████▌     | 460/1000 [01:47<02:05,  4.31it/s]
Permutations:  46%|████▌     | 461/1000 [01:47<02:06,  4.28it/s]
Permutations:  46%|████▌     | 462/1000 [01:47<02:05,  4.29it/s]
Permutations:  46%|████▋     | 463/1000 [01:48<02:04,  4.30it/s]
Permutations:  46%|████▋     | 464/1000 [01:48<02:04,  4.31it/s]
Permutations:  46%|████▋     | 465/1000 [01:48<02:04,  4.31it/s]
Permutations:  47%|████▋     | 466/1000 [01:48<02:04,  4.31it/s]
Permutations:  47%|████▋     | 467/1000 [01:49<02:03,  4.32it/s]
Permutations:  47%|████▋     | 468/1000 [01:49<02:03,  4.32it/s]
Permutations:  47%|████▋     | 469/1000 [01:49<02:02,  4.33it/s]
Permutations:  47%|████▋     | 470/1000 [01:49<02:02,  4.31it/s]
Permutations:  47%|████▋     | 471/1000 [01:50<02:02,  4.32it/s]
Permutations:  47%|████▋     | 472/1000 [01:50<02:01,  4.33it/s]
Permutations:  47%|████▋     | 473/1000 [01:50<02:01,  4.34it/s]
Permutations:  47%|████▋     | 474/1000 [01:50<02:01,  4.33it/s]
Permutations:  48%|████▊     | 475/1000 [01:50<02:01,  4.33it/s]
Permutations:  48%|████▊     | 476/1000 [01:51<02:01,  4.32it/s]
Permutations:  48%|████▊     | 477/1000 [01:51<02:00,  4.33it/s]
Permutations:  48%|████▊     | 478/1000 [01:51<02:00,  4.34it/s]
Permutations:  48%|████▊     | 479/1000 [01:51<02:00,  4.31it/s]
Permutations:  48%|████▊     | 480/1000 [01:52<02:00,  4.32it/s]
Permutations:  48%|████▊     | 481/1000 [01:52<02:00,  4.32it/s]
Permutations:  48%|████▊     | 482/1000 [01:52<01:59,  4.33it/s]
Permutations:  48%|████▊     | 483/1000 [01:52<02:00,  4.29it/s]
Permutations:  48%|████▊     | 484/1000 [01:53<01:59,  4.30it/s]
Permutations:  48%|████▊     | 485/1000 [01:53<01:59,  4.32it/s]
Permutations:  49%|████▊     | 486/1000 [01:53<01:58,  4.33it/s]
Permutations:  49%|████▊     | 487/1000 [01:53<01:59,  4.29it/s]
Permutations:  49%|████▉     | 488/1000 [01:53<02:01,  4.23it/s]
Permutations:  49%|████▉     | 489/1000 [01:54<01:59,  4.26it/s]
Permutations:  49%|████▉     | 490/1000 [01:54<01:59,  4.28it/s]
Permutations:  49%|████▉     | 491/1000 [01:54<01:58,  4.30it/s]
Permutations:  49%|████▉     | 492/1000 [01:54<01:58,  4.29it/s]
Permutations:  49%|████▉     | 493/1000 [01:55<01:57,  4.31it/s]
Permutations:  49%|████▉     | 494/1000 [01:55<01:57,  4.31it/s]
Permutations:  50%|████▉     | 495/1000 [01:55<01:56,  4.32it/s]
Permutations:  50%|████▉     | 496/1000 [01:55<01:56,  4.32it/s]
Permutations:  50%|████▉     | 497/1000 [01:56<01:56,  4.33it/s]
Permutations:  50%|████▉     | 498/1000 [01:56<01:56,  4.33it/s]
Permutations:  50%|████▉     | 499/1000 [01:56<01:55,  4.33it/s]
Permutations:  50%|█████     | 500/1000 [01:56<01:55,  4.34it/s]
Permutations:  50%|█████     | 501/1000 [01:56<01:55,  4.33it/s]
Permutations:  50%|█████     | 502/1000 [01:57<01:54,  4.34it/s]
Permutations:  50%|█████     | 503/1000 [01:57<01:54,  4.34it/s]
Permutations:  50%|█████     | 504/1000 [01:57<01:54,  4.32it/s]
Permutations:  50%|█████     | 505/1000 [01:57<01:55,  4.30it/s]
Permutations:  51%|█████     | 506/1000 [01:58<01:54,  4.31it/s]
Permutations:  51%|█████     | 507/1000 [01:58<01:54,  4.30it/s]
Permutations:  51%|█████     | 508/1000 [01:58<01:54,  4.28it/s]
Permutations:  51%|█████     | 509/1000 [01:58<01:54,  4.30it/s]
Permutations:  51%|█████     | 510/1000 [01:59<01:53,  4.31it/s]
Permutations:  51%|█████     | 511/1000 [01:59<01:53,  4.33it/s]
Permutations:  51%|█████     | 512/1000 [01:59<01:52,  4.33it/s]
Permutations:  51%|█████▏    | 513/1000 [01:59<01:52,  4.33it/s]
Permutations:  51%|█████▏    | 514/1000 [01:59<01:52,  4.34it/s]
Permutations:  52%|█████▏    | 515/1000 [02:00<01:51,  4.34it/s]
Permutations:  52%|█████▏    | 516/1000 [02:00<01:51,  4.34it/s]
Permutations:  52%|█████▏    | 517/1000 [02:00<01:51,  4.34it/s]
Permutations:  52%|█████▏    | 518/1000 [02:00<01:52,  4.30it/s]
Permutations:  52%|█████▏    | 519/1000 [02:01<01:51,  4.32it/s]
Permutations:  52%|█████▏    | 520/1000 [02:01<01:51,  4.32it/s]
Permutations:  52%|█████▏    | 521/1000 [02:01<01:50,  4.32it/s]
Permutations:  52%|█████▏    | 522/1000 [02:01<01:51,  4.28it/s]
Permutations:  52%|█████▏    | 523/1000 [02:02<01:50,  4.30it/s]
Permutations:  52%|█████▏    | 524/1000 [02:02<01:50,  4.32it/s]
Permutations:  52%|█████▎    | 525/1000 [02:02<01:49,  4.32it/s]
Permutations:  53%|█████▎    | 526/1000 [02:02<01:50,  4.28it/s]
Permutations:  53%|█████▎    | 527/1000 [02:03<01:50,  4.26it/s]
Permutations:  53%|█████▎    | 528/1000 [02:03<01:50,  4.28it/s]
Permutations:  53%|█████▎    | 529/1000 [02:03<01:49,  4.30it/s]
Permutations:  53%|█████▎    | 530/1000 [02:03<01:49,  4.29it/s]
Permutations:  53%|█████▎    | 531/1000 [02:03<01:53,  4.15it/s]
Permutations:  53%|█████▎    | 532/1000 [02:04<01:51,  4.20it/s]
Permutations:  53%|█████▎    | 533/1000 [02:04<01:50,  4.24it/s]
Permutations:  53%|█████▎    | 534/1000 [02:04<01:49,  4.26it/s]
Permutations:  54%|█████▎    | 535/1000 [02:04<01:49,  4.23it/s]
Permutations:  54%|█████▎    | 536/1000 [02:05<01:48,  4.26it/s]
Permutations:  54%|█████▎    | 537/1000 [02:05<01:48,  4.27it/s]
Permutations:  54%|█████▍    | 538/1000 [02:05<01:47,  4.28it/s]
Permutations:  54%|█████▍    | 539/1000 [02:05<01:48,  4.24it/s]
Permutations:  54%|█████▍    | 540/1000 [02:06<01:47,  4.28it/s]
Permutations:  54%|█████▍    | 541/1000 [02:06<01:47,  4.29it/s]
Permutations:  54%|█████▍    | 542/1000 [02:06<01:46,  4.31it/s]
Permutations:  54%|█████▍    | 543/1000 [02:06<01:47,  4.27it/s]
Permutations:  54%|█████▍    | 544/1000 [02:06<01:46,  4.29it/s]
Permutations:  55%|█████▍    | 545/1000 [02:07<01:45,  4.31it/s]
Permutations:  55%|█████▍    | 546/1000 [02:07<01:45,  4.32it/s]
Permutations:  55%|█████▍    | 547/1000 [02:07<01:44,  4.33it/s]
Permutations:  55%|█████▍    | 548/1000 [02:07<01:45,  4.29it/s]
Permutations:  55%|█████▍    | 549/1000 [02:08<01:45,  4.27it/s]
Permutations:  55%|█████▌    | 550/1000 [02:08<01:45,  4.28it/s]
Permutations:  55%|█████▌    | 551/1000 [02:08<01:44,  4.29it/s]
Permutations:  55%|█████▌    | 552/1000 [02:08<01:44,  4.29it/s]
Permutations:  55%|█████▌    | 553/1000 [02:09<01:43,  4.30it/s]
Permutations:  55%|█████▌    | 554/1000 [02:09<01:43,  4.32it/s]
Permutations:  56%|█████▌    | 555/1000 [02:09<01:43,  4.32it/s]
Permutations:  56%|█████▌    | 556/1000 [02:09<01:43,  4.28it/s]
Permutations:  56%|█████▌    | 557/1000 [02:10<01:49,  4.04it/s]
Permutations:  56%|█████▌    | 558/1000 [02:10<01:47,  4.12it/s]
Permutations:  56%|█████▌    | 559/1000 [02:10<01:45,  4.17it/s]
Permutations:  56%|█████▌    | 560/1000 [02:10<01:45,  4.17it/s]
Permutations:  56%|█████▌    | 561/1000 [02:11<01:44,  4.22it/s]
Permutations:  56%|█████▌    | 562/1000 [02:11<01:42,  4.26it/s]
Permutations:  56%|█████▋    | 563/1000 [02:11<01:41,  4.29it/s]
Permutations:  56%|█████▋    | 564/1000 [02:11<01:41,  4.30it/s]
Permutations:  56%|█████▋    | 565/1000 [02:11<01:41,  4.26it/s]
Permutations:  57%|█████▋    | 566/1000 [02:12<01:41,  4.29it/s]
Permutations:  57%|█████▋    | 567/1000 [02:12<01:40,  4.30it/s]
Permutations:  57%|█████▋    | 568/1000 [02:12<01:40,  4.32it/s]
Permutations:  57%|█████▋    | 569/1000 [02:12<01:40,  4.27it/s]
Permutations:  57%|█████▋    | 570/1000 [02:13<01:40,  4.29it/s]
Permutations:  57%|█████▋    | 571/1000 [02:13<01:40,  4.27it/s]
Permutations:  57%|█████▋    | 572/1000 [02:13<01:39,  4.29it/s]
Permutations:  57%|█████▋    | 573/1000 [02:13<01:41,  4.20it/s]
Permutations:  57%|█████▋    | 574/1000 [02:14<01:42,  4.17it/s]
Permutations:  57%|█████▊    | 575/1000 [02:14<01:40,  4.22it/s]
Permutations:  58%|█████▊    | 576/1000 [02:14<01:39,  4.25it/s]
Permutations:  58%|█████▊    | 577/1000 [02:14<01:39,  4.24it/s]
Permutations:  58%|█████▊    | 578/1000 [02:14<01:38,  4.27it/s]
Permutations:  58%|█████▊    | 579/1000 [02:15<01:38,  4.29it/s]
Permutations:  58%|█████▊    | 580/1000 [02:15<01:37,  4.31it/s]
Permutations:  58%|█████▊    | 581/1000 [02:15<01:36,  4.32it/s]
Permutations:  58%|█████▊    | 582/1000 [02:15<01:37,  4.28it/s]
Permutations:  58%|█████▊    | 583/1000 [02:16<01:37,  4.30it/s]
Permutations:  58%|█████▊    | 584/1000 [02:16<01:36,  4.31it/s]
Permutations:  58%|█████▊    | 585/1000 [02:16<01:35,  4.33it/s]
Permutations:  59%|█████▊    | 586/1000 [02:16<01:36,  4.29it/s]
Permutations:  59%|█████▊    | 587/1000 [02:17<01:36,  4.30it/s]
Permutations:  59%|█████▉    | 588/1000 [02:17<01:35,  4.31it/s]
Permutations:  59%|█████▉    | 589/1000 [02:17<01:35,  4.32it/s]
Permutations:  59%|█████▉    | 590/1000 [02:17<01:35,  4.28it/s]
Permutations:  59%|█████▉    | 591/1000 [02:18<01:35,  4.29it/s]
Permutations:  59%|█████▉    | 592/1000 [02:18<01:34,  4.31it/s]
Permutations:  59%|█████▉    | 593/1000 [02:18<01:35,  4.26it/s]
Permutations:  59%|█████▉    | 594/1000 [02:18<01:35,  4.27it/s]
Permutations:  60%|█████▉    | 595/1000 [02:18<01:35,  4.25it/s]
Permutations:  60%|█████▉    | 596/1000 [02:19<01:34,  4.28it/s]
Permutations:  60%|█████▉    | 597/1000 [02:19<01:33,  4.30it/s]
Permutations:  60%|█████▉    | 598/1000 [02:19<01:33,  4.31it/s]
Permutations:  60%|█████▉    | 599/1000 [02:19<01:33,  4.27it/s]
Permutations:  60%|██████    | 600/1000 [02:20<01:33,  4.29it/s]
Permutations:  60%|██████    | 601/1000 [02:20<01:32,  4.31it/s]
Permutations:  60%|██████    | 602/1000 [02:20<01:32,  4.32it/s]
Permutations:  60%|██████    | 603/1000 [02:20<01:32,  4.28it/s]
Permutations:  60%|██████    | 604/1000 [02:21<01:32,  4.30it/s]
Permutations:  60%|██████    | 605/1000 [02:21<01:31,  4.31it/s]
Permutations:  61%|██████    | 606/1000 [02:21<01:31,  4.31it/s]
Permutations:  61%|██████    | 607/1000 [02:21<01:31,  4.28it/s]
Permutations:  61%|██████    | 608/1000 [02:21<01:31,  4.29it/s]
Permutations:  61%|██████    | 609/1000 [02:22<01:30,  4.31it/s]
Permutations:  61%|██████    | 610/1000 [02:22<01:30,  4.32it/s]
Permutations:  61%|██████    | 611/1000 [02:22<01:29,  4.33it/s]
Permutations:  61%|██████    | 612/1000 [02:22<01:30,  4.28it/s]
Permutations:  61%|██████▏   | 613/1000 [02:23<01:29,  4.30it/s]
Permutations:  61%|██████▏   | 614/1000 [02:23<01:29,  4.31it/s]
Permutations:  62%|██████▏   | 615/1000 [02:23<01:30,  4.24it/s]
Permutations:  62%|██████▏   | 616/1000 [02:23<01:30,  4.22it/s]
Permutations:  62%|██████▏   | 617/1000 [02:24<01:30,  4.22it/s]
Permutations:  62%|██████▏   | 618/1000 [02:24<01:29,  4.25it/s]
Permutations:  62%|██████▏   | 619/1000 [02:24<01:28,  4.28it/s]
Permutations:  62%|██████▏   | 620/1000 [02:24<01:29,  4.25it/s]
Permutations:  62%|██████▏   | 621/1000 [02:25<01:28,  4.28it/s]
Permutations:  62%|██████▏   | 622/1000 [02:25<01:27,  4.30it/s]
Permutations:  62%|██████▏   | 623/1000 [02:25<01:27,  4.31it/s]
Permutations:  62%|██████▏   | 624/1000 [02:25<01:26,  4.32it/s]
Permutations:  62%|██████▎   | 625/1000 [02:25<01:27,  4.28it/s]
Permutations:  63%|██████▎   | 626/1000 [02:26<01:26,  4.30it/s]
Permutations:  63%|██████▎   | 627/1000 [02:26<01:26,  4.32it/s]
Permutations:  63%|██████▎   | 628/1000 [02:26<01:25,  4.33it/s]
Permutations:  63%|██████▎   | 629/1000 [02:26<01:26,  4.28it/s]
Permutations:  63%|██████▎   | 630/1000 [02:27<01:25,  4.30it/s]
Permutations:  63%|██████▎   | 631/1000 [02:27<01:25,  4.31it/s]
Permutations:  63%|██████▎   | 632/1000 [02:27<01:25,  4.32it/s]
Permutations:  63%|██████▎   | 633/1000 [02:27<01:25,  4.28it/s]
Permutations:  63%|██████▎   | 634/1000 [02:28<01:25,  4.30it/s]
Permutations:  64%|██████▎   | 635/1000 [02:28<01:24,  4.31it/s]
Permutations:  64%|██████▎   | 636/1000 [02:28<01:24,  4.32it/s]
Permutations:  64%|██████▎   | 637/1000 [02:28<01:24,  4.30it/s]
Permutations:  64%|██████▍   | 638/1000 [02:28<01:23,  4.31it/s]
Permutations:  64%|██████▍   | 639/1000 [02:29<01:23,  4.33it/s]
Permutations:  64%|██████▍   | 640/1000 [02:29<01:23,  4.33it/s]
Permutations:  64%|██████▍   | 641/1000 [02:29<01:22,  4.34it/s]
Permutations:  64%|██████▍   | 642/1000 [02:29<01:23,  4.30it/s]
Permutations:  64%|██████▍   | 643/1000 [02:30<01:22,  4.30it/s]
Permutations:  64%|██████▍   | 644/1000 [02:30<01:22,  4.32it/s]
Permutations:  64%|██████▍   | 645/1000 [02:30<01:22,  4.32it/s]
Permutations:  65%|██████▍   | 646/1000 [02:30<01:22,  4.30it/s]
Permutations:  65%|██████▍   | 647/1000 [02:31<01:21,  4.31it/s]
Permutations:  65%|██████▍   | 648/1000 [02:31<01:21,  4.32it/s]
Permutations:  65%|██████▍   | 649/1000 [02:31<01:20,  4.33it/s]
Permutations:  65%|██████▌   | 650/1000 [02:31<01:21,  4.29it/s]
Permutations:  65%|██████▌   | 651/1000 [02:31<01:20,  4.31it/s]
Permutations:  65%|██████▌   | 652/1000 [02:32<01:20,  4.32it/s]
Permutations:  65%|██████▌   | 653/1000 [02:32<01:20,  4.32it/s]
Permutations:  65%|██████▌   | 654/1000 [02:32<01:19,  4.33it/s]
Permutations:  66%|██████▌   | 655/1000 [02:32<01:20,  4.29it/s]
Permutations:  66%|██████▌   | 656/1000 [02:33<01:19,  4.31it/s]
Permutations:  66%|██████▌   | 657/1000 [02:33<01:19,  4.32it/s]
Permutations:  66%|██████▌   | 658/1000 [02:33<01:19,  4.33it/s]
Permutations:  66%|██████▌   | 659/1000 [02:33<01:19,  4.27it/s]
Permutations:  66%|██████▌   | 660/1000 [02:34<01:20,  4.24it/s]
Permutations:  66%|██████▌   | 661/1000 [02:34<01:19,  4.27it/s]
Permutations:  66%|██████▌   | 662/1000 [02:34<01:18,  4.29it/s]
Permutations:  66%|██████▋   | 663/1000 [02:34<01:19,  4.26it/s]
Permutations:  66%|██████▋   | 664/1000 [02:34<01:18,  4.28it/s]
Permutations:  66%|██████▋   | 665/1000 [02:35<01:17,  4.30it/s]
Permutations:  67%|██████▋   | 666/1000 [02:35<01:17,  4.32it/s]
Permutations:  67%|██████▋   | 667/1000 [02:35<01:17,  4.32it/s]
Permutations:  67%|██████▋   | 668/1000 [02:35<01:17,  4.28it/s]
Permutations:  67%|██████▋   | 669/1000 [02:36<01:17,  4.26it/s]
Permutations:  67%|██████▋   | 670/1000 [02:36<01:17,  4.25it/s]
Permutations:  67%|██████▋   | 671/1000 [02:36<01:17,  4.26it/s]
Permutations:  67%|██████▋   | 672/1000 [02:36<01:17,  4.24it/s]
Permutations:  67%|██████▋   | 673/1000 [02:37<01:17,  4.24it/s]
Permutations:  67%|██████▋   | 674/1000 [02:37<01:17,  4.23it/s]
Permutations:  68%|██████▊   | 675/1000 [02:37<01:16,  4.24it/s]
Permutations:  68%|██████▊   | 676/1000 [02:37<01:16,  4.24it/s]
Permutations:  68%|██████▊   | 677/1000 [02:38<01:16,  4.23it/s]
Permutations:  68%|██████▊   | 678/1000 [02:38<01:16,  4.22it/s]
Permutations:  68%|██████▊   | 679/1000 [02:38<01:16,  4.21it/s]
Permutations:  68%|██████▊   | 680/1000 [02:38<01:16,  4.20it/s]
Permutations:  68%|██████▊   | 681/1000 [02:39<01:16,  4.19it/s]
Permutations:  68%|██████▊   | 682/1000 [02:39<01:15,  4.21it/s]
Permutations:  68%|██████▊   | 683/1000 [02:39<01:14,  4.23it/s]
Permutations:  68%|██████▊   | 684/1000 [02:39<01:14,  4.22it/s]
Permutations:  68%|██████▊   | 685/1000 [02:39<01:14,  4.22it/s]
Permutations:  69%|██████▊   | 686/1000 [02:40<01:14,  4.22it/s]
Permutations:  69%|██████▊   | 687/1000 [02:40<01:14,  4.23it/s]
Permutations:  69%|██████▉   | 688/1000 [02:40<01:13,  4.23it/s]
Permutations:  69%|██████▉   | 689/1000 [02:40<01:13,  4.24it/s]
Permutations:  69%|██████▉   | 690/1000 [02:41<01:12,  4.27it/s]
Permutations:  69%|██████▉   | 691/1000 [02:41<01:12,  4.29it/s]
Permutations:  69%|██████▉   | 692/1000 [02:41<01:11,  4.31it/s]
Permutations:  69%|██████▉   | 693/1000 [02:41<01:12,  4.26it/s]
Permutations:  69%|██████▉   | 694/1000 [02:42<01:11,  4.28it/s]
Permutations:  70%|██████▉   | 695/1000 [02:42<01:10,  4.30it/s]
Permutations:  70%|██████▉   | 696/1000 [02:42<01:10,  4.31it/s]
Permutations:  70%|██████▉   | 697/1000 [02:42<01:13,  4.10it/s]
Permutations:  70%|██████▉   | 698/1000 [02:43<01:13,  4.09it/s]
Permutations:  70%|██████▉   | 699/1000 [02:43<01:12,  4.16it/s]
Permutations:  70%|███████   | 700/1000 [02:43<01:11,  4.22it/s]
Permutations:  70%|███████   | 701/1000 [02:43<01:11,  4.20it/s]
Permutations:  70%|███████   | 702/1000 [02:43<01:12,  4.09it/s]
Permutations:  70%|███████   | 703/1000 [02:44<01:11,  4.16it/s]
Permutations:  70%|███████   | 704/1000 [02:44<01:10,  4.21it/s]
Permutations:  70%|███████   | 705/1000 [02:44<01:09,  4.25it/s]
Permutations:  71%|███████   | 706/1000 [02:44<01:09,  4.22it/s]
Permutations:  71%|███████   | 707/1000 [02:45<01:08,  4.26it/s]
Permutations:  71%|███████   | 708/1000 [02:45<01:08,  4.28it/s]
Permutations:  71%|███████   | 709/1000 [02:45<01:07,  4.30it/s]
Permutations:  71%|███████   | 710/1000 [02:45<01:08,  4.26it/s]
Permutations:  71%|███████   | 711/1000 [02:46<01:07,  4.28it/s]
Permutations:  71%|███████   | 712/1000 [02:46<01:07,  4.29it/s]
Permutations:  71%|███████▏  | 713/1000 [02:46<01:06,  4.30it/s]
Permutations:  71%|███████▏  | 714/1000 [02:46<01:06,  4.31it/s]
Permutations:  72%|███████▏  | 715/1000 [02:47<01:05,  4.32it/s]
Permutations:  72%|███████▏  | 716/1000 [02:47<01:05,  4.33it/s]
Permutations:  72%|███████▏  | 717/1000 [02:47<01:05,  4.32it/s]
Permutations:  72%|███████▏  | 718/1000 [02:47<01:05,  4.32it/s]
Permutations:  72%|███████▏  | 719/1000 [02:47<01:05,  4.32it/s]
Permutations:  72%|███████▏  | 720/1000 [02:48<01:04,  4.33it/s]
Permutations:  72%|███████▏  | 721/1000 [02:48<01:04,  4.32it/s]
Permutations:  72%|███████▏  | 722/1000 [02:48<01:04,  4.33it/s]
Permutations:  72%|███████▏  | 723/1000 [02:48<01:03,  4.34it/s]
Permutations:  72%|███████▏  | 724/1000 [02:49<01:04,  4.29it/s]
Permutations:  72%|███████▎  | 725/1000 [02:49<01:03,  4.30it/s]
Permutations:  73%|███████▎  | 726/1000 [02:49<01:03,  4.31it/s]
Permutations:  73%|███████▎  | 727/1000 [02:49<01:03,  4.31it/s]
Permutations:  73%|███████▎  | 728/1000 [02:50<01:03,  4.32it/s]
Permutations:  73%|███████▎  | 729/1000 [02:50<01:02,  4.32it/s]
Permutations:  73%|███████▎  | 730/1000 [02:50<01:02,  4.33it/s]
Permutations:  73%|███████▎  | 731/1000 [02:50<01:02,  4.33it/s]
Permutations:  73%|███████▎  | 732/1000 [02:50<01:02,  4.32it/s]
Permutations:  73%|███████▎  | 733/1000 [02:51<01:01,  4.33it/s]
Permutations:  73%|███████▎  | 734/1000 [02:51<01:01,  4.33it/s]
Permutations:  74%|███████▎  | 735/1000 [02:51<01:01,  4.33it/s]
Permutations:  74%|███████▎  | 736/1000 [02:51<01:00,  4.33it/s]
Permutations:  74%|███████▎  | 737/1000 [02:52<01:00,  4.33it/s]
Permutations:  74%|███████▍  | 738/1000 [02:52<01:00,  4.34it/s]
Permutations:  74%|███████▍  | 739/1000 [02:52<01:00,  4.34it/s]
Permutations:  74%|███████▍  | 740/1000 [02:52<00:59,  4.34it/s]
Permutations:  74%|███████▍  | 741/1000 [02:53<00:59,  4.34it/s]
Permutations:  74%|███████▍  | 742/1000 [02:53<00:59,  4.34it/s]
Permutations:  74%|███████▍  | 743/1000 [02:53<00:59,  4.34it/s]
Permutations:  74%|███████▍  | 744/1000 [02:53<00:59,  4.32it/s]
Permutations:  74%|███████▍  | 745/1000 [02:53<01:00,  4.19it/s]
Permutations:  75%|███████▍  | 746/1000 [02:54<01:00,  4.19it/s]
Permutations:  75%|███████▍  | 747/1000 [02:54<01:00,  4.18it/s]
Permutations:  75%|███████▍  | 748/1000 [02:54<00:59,  4.23it/s]
Permutations:  75%|███████▍  | 749/1000 [02:54<00:59,  4.20it/s]
Permutations:  75%|███████▌  | 750/1000 [02:55<00:58,  4.24it/s]
Permutations:  75%|███████▌  | 751/1000 [02:55<00:58,  4.27it/s]
Permutations:  75%|███████▌  | 752/1000 [02:55<00:57,  4.29it/s]
Permutations:  75%|███████▌  | 753/1000 [02:55<00:57,  4.29it/s]
Permutations:  75%|███████▌  | 754/1000 [02:56<00:57,  4.30it/s]
Permutations:  76%|███████▌  | 755/1000 [02:56<00:57,  4.27it/s]
Permutations:  76%|███████▌  | 756/1000 [02:56<00:56,  4.29it/s]
Permutations:  76%|███████▌  | 757/1000 [02:56<00:57,  4.25it/s]
Permutations:  76%|███████▌  | 758/1000 [02:57<00:56,  4.27it/s]
Permutations:  76%|███████▌  | 759/1000 [02:57<00:56,  4.29it/s]
Permutations:  76%|███████▌  | 760/1000 [02:57<00:55,  4.30it/s]
Permutations:  76%|███████▌  | 761/1000 [02:57<00:55,  4.29it/s]
Permutations:  76%|███████▌  | 762/1000 [02:57<00:55,  4.27it/s]
Permutations:  76%|███████▋  | 763/1000 [02:58<00:55,  4.29it/s]
Permutations:  76%|███████▋  | 764/1000 [02:58<00:54,  4.30it/s]
Permutations:  76%|███████▋  | 765/1000 [02:58<00:54,  4.32it/s]
Permutations:  77%|███████▋  | 766/1000 [02:58<00:54,  4.26it/s]
Permutations:  77%|███████▋  | 767/1000 [02:59<00:54,  4.28it/s]
Permutations:  77%|███████▋  | 768/1000 [02:59<00:54,  4.26it/s]
Permutations:  77%|███████▋  | 769/1000 [02:59<00:53,  4.28it/s]
Permutations:  77%|███████▋  | 770/1000 [02:59<00:54,  4.25it/s]
Permutations:  77%|███████▋  | 771/1000 [03:00<00:53,  4.27it/s]
Permutations:  77%|███████▋  | 772/1000 [03:00<00:53,  4.28it/s]
Permutations:  77%|███████▋  | 773/1000 [03:00<00:52,  4.30it/s]
Permutations:  77%|███████▋  | 774/1000 [03:00<00:53,  4.25it/s]
Permutations:  78%|███████▊  | 775/1000 [03:00<00:52,  4.27it/s]
Permutations:  78%|███████▊  | 776/1000 [03:01<00:52,  4.28it/s]
Permutations:  78%|███████▊  | 777/1000 [03:01<00:51,  4.30it/s]
Permutations:  78%|███████▊  | 778/1000 [03:01<00:51,  4.32it/s]
Permutations:  78%|███████▊  | 779/1000 [03:01<00:51,  4.27it/s]
Permutations:  78%|███████▊  | 780/1000 [03:02<00:51,  4.29it/s]
Permutations:  78%|███████▊  | 781/1000 [03:02<00:50,  4.31it/s]
Permutations:  78%|███████▊  | 782/1000 [03:02<00:50,  4.32it/s]
Permutations:  78%|███████▊  | 783/1000 [03:02<00:50,  4.27it/s]
Permutations:  78%|███████▊  | 784/1000 [03:03<00:50,  4.29it/s]
Permutations:  78%|███████▊  | 785/1000 [03:03<00:49,  4.31it/s]
Permutations:  79%|███████▊  | 786/1000 [03:03<00:49,  4.32it/s]
Permutations:  79%|███████▊  | 787/1000 [03:03<00:50,  4.22it/s]
Permutations:  79%|███████▉  | 788/1000 [03:04<00:50,  4.17it/s]
Permutations:  79%|███████▉  | 789/1000 [03:04<00:50,  4.21it/s]
Permutations:  79%|███████▉  | 790/1000 [03:04<00:49,  4.21it/s]
Permutations:  79%|███████▉  | 791/1000 [03:04<00:49,  4.18it/s]
Permutations:  79%|███████▉  | 792/1000 [03:04<00:49,  4.23it/s]
Permutations:  79%|███████▉  | 793/1000 [03:05<00:48,  4.26it/s]
Permutations:  79%|███████▉  | 794/1000 [03:05<00:48,  4.27it/s]
Permutations:  80%|███████▉  | 795/1000 [03:05<00:47,  4.30it/s]
Permutations:  80%|███████▉  | 796/1000 [03:05<00:47,  4.26it/s]
Permutations:  80%|███████▉  | 797/1000 [03:06<00:47,  4.28it/s]
Permutations:  80%|███████▉  | 798/1000 [03:06<00:47,  4.29it/s]
Permutations:  80%|███████▉  | 799/1000 [03:06<00:46,  4.31it/s]
Permutations:  80%|████████  | 800/1000 [03:06<00:46,  4.27it/s]
Permutations:  80%|████████  | 801/1000 [03:07<00:46,  4.30it/s]
Permutations:  80%|████████  | 802/1000 [03:07<00:45,  4.32it/s]
Permutations:  80%|████████  | 803/1000 [03:07<00:45,  4.33it/s]
Permutations:  80%|████████  | 804/1000 [03:07<00:45,  4.28it/s]
Permutations:  80%|████████  | 805/1000 [03:08<00:45,  4.30it/s]
Permutations:  81%|████████  | 806/1000 [03:08<00:44,  4.31it/s]
Permutations:  81%|████████  | 807/1000 [03:08<00:44,  4.32it/s]
Permutations:  81%|████████  | 808/1000 [03:08<00:44,  4.31it/s]
Permutations:  81%|████████  | 809/1000 [03:08<00:44,  4.28it/s]
Permutations:  81%|████████  | 810/1000 [03:09<00:44,  4.30it/s]
Permutations:  81%|████████  | 811/1000 [03:09<00:43,  4.32it/s]
Permutations:  81%|████████  | 812/1000 [03:09<00:43,  4.29it/s]
Permutations:  81%|████████▏ | 813/1000 [03:09<00:43,  4.26it/s]
Permutations:  81%|████████▏ | 814/1000 [03:10<00:43,  4.28it/s]
Permutations:  82%|████████▏ | 815/1000 [03:10<00:42,  4.30it/s]
Permutations:  82%|████████▏ | 816/1000 [03:10<00:42,  4.31it/s]
Permutations:  82%|████████▏ | 817/1000 [03:10<00:42,  4.27it/s]
Permutations:  82%|████████▏ | 818/1000 [03:11<00:42,  4.30it/s]
Permutations:  82%|████████▏ | 819/1000 [03:11<00:41,  4.31it/s]
Permutations:  82%|████████▏ | 820/1000 [03:11<00:41,  4.33it/s]
Permutations:  82%|████████▏ | 821/1000 [03:11<00:41,  4.30it/s]
Permutations:  82%|████████▏ | 822/1000 [03:11<00:41,  4.29it/s]
Permutations:  82%|████████▏ | 823/1000 [03:12<00:41,  4.31it/s]
Permutations:  82%|████████▏ | 824/1000 [03:12<00:40,  4.32it/s]
Permutations:  82%|████████▎ | 825/1000 [03:12<00:40,  4.34it/s]
Permutations:  83%|████████▎ | 826/1000 [03:12<00:40,  4.34it/s]
Permutations:  83%|████████▎ | 827/1000 [03:13<00:39,  4.34it/s]
Permutations:  83%|████████▎ | 828/1000 [03:13<00:39,  4.35it/s]
Permutations:  83%|████████▎ | 829/1000 [03:13<00:39,  4.35it/s]
Permutations:  83%|████████▎ | 830/1000 [03:13<00:39,  4.33it/s]
Permutations:  83%|████████▎ | 831/1000 [03:14<00:39,  4.26it/s]
Permutations:  83%|████████▎ | 832/1000 [03:14<00:39,  4.26it/s]
Permutations:  83%|████████▎ | 833/1000 [03:14<00:39,  4.25it/s]
Permutations:  83%|████████▎ | 834/1000 [03:14<00:39,  4.22it/s]
Permutations:  84%|████████▎ | 835/1000 [03:14<00:39,  4.22it/s]
Permutations:  84%|████████▎ | 836/1000 [03:15<00:38,  4.22it/s]
Permutations:  84%|████████▎ | 837/1000 [03:15<00:39,  4.17it/s]
Permutations:  84%|████████▍ | 838/1000 [03:15<00:40,  3.98it/s]
Permutations:  84%|████████▍ | 839/1000 [03:15<00:39,  4.04it/s]
Permutations:  84%|████████▍ | 840/1000 [03:16<00:39,  4.09it/s]
Permutations:  84%|████████▍ | 841/1000 [03:16<00:38,  4.13it/s]
Permutations:  84%|████████▍ | 842/1000 [03:16<00:38,  4.16it/s]
Permutations:  84%|████████▍ | 843/1000 [03:16<00:38,  4.13it/s]
Permutations:  84%|████████▍ | 844/1000 [03:17<00:37,  4.16it/s]
Permutations:  84%|████████▍ | 845/1000 [03:17<00:37,  4.18it/s]
Permutations:  85%|████████▍ | 846/1000 [03:17<00:36,  4.19it/s]
Permutations:  85%|████████▍ | 847/1000 [03:17<00:36,  4.16it/s]
Permutations:  85%|████████▍ | 848/1000 [03:18<00:36,  4.18it/s]
Permutations:  85%|████████▍ | 849/1000 [03:18<00:36,  4.19it/s]
Permutations:  85%|████████▌ | 850/1000 [03:18<00:35,  4.19it/s]
Permutations:  85%|████████▌ | 851/1000 [03:18<00:35,  4.20it/s]
Permutations:  85%|████████▌ | 852/1000 [03:19<00:35,  4.20it/s]
Permutations:  85%|████████▌ | 853/1000 [03:19<00:35,  4.20it/s]
Permutations:  85%|████████▌ | 854/1000 [03:19<00:34,  4.21it/s]
Permutations:  86%|████████▌ | 855/1000 [03:19<00:34,  4.15it/s]
Permutations:  86%|████████▌ | 856/1000 [03:20<00:34,  4.16it/s]
Permutations:  86%|████████▌ | 857/1000 [03:20<00:34,  4.18it/s]
Permutations:  86%|████████▌ | 858/1000 [03:20<00:33,  4.18it/s]
Permutations:  86%|████████▌ | 859/1000 [03:20<00:33,  4.17it/s]
Permutations:  86%|████████▌ | 860/1000 [03:21<00:33,  4.18it/s]
Permutations:  86%|████████▌ | 861/1000 [03:21<00:33,  4.19it/s]
Permutations:  86%|████████▌ | 862/1000 [03:21<00:32,  4.20it/s]
Permutations:  86%|████████▋ | 863/1000 [03:21<00:32,  4.19it/s]
Permutations:  86%|████████▋ | 864/1000 [03:21<00:32,  4.20it/s]
Permutations:  86%|████████▋ | 865/1000 [03:22<00:31,  4.22it/s]
Permutations:  87%|████████▋ | 866/1000 [03:22<00:38,  3.48it/s]
Permutations:  87%|████████▋ | 867/1000 [03:22<00:36,  3.66it/s]
Permutations:  87%|████████▋ | 868/1000 [03:23<00:34,  3.81it/s]
Permutations:  87%|████████▋ | 869/1000 [03:23<00:33,  3.92it/s]
Permutations:  87%|████████▋ | 870/1000 [03:23<00:32,  4.01it/s]
Permutations:  87%|████████▋ | 871/1000 [03:23<00:32,  4.00it/s]
Permutations:  87%|████████▋ | 872/1000 [03:24<00:31,  4.01it/s]
Permutations:  87%|████████▋ | 873/1000 [03:24<00:31,  4.08it/s]
Permutations:  87%|████████▋ | 874/1000 [03:24<00:30,  4.14it/s]
Permutations:  88%|████████▊ | 875/1000 [03:24<00:30,  4.16it/s]
Permutations:  88%|████████▊ | 876/1000 [03:24<00:29,  4.16it/s]
Permutations:  88%|████████▊ | 877/1000 [03:25<00:29,  4.18it/s]
Permutations:  88%|████████▊ | 878/1000 [03:25<00:29,  4.20it/s]
Permutations:  88%|████████▊ | 879/1000 [03:25<00:28,  4.21it/s]
Permutations:  88%|████████▊ | 880/1000 [03:25<00:28,  4.23it/s]
Permutations:  88%|████████▊ | 881/1000 [03:26<00:28,  4.22it/s]
Permutations:  88%|████████▊ | 882/1000 [03:26<00:27,  4.23it/s]
Permutations:  88%|████████▊ | 883/1000 [03:26<00:27,  4.23it/s]
Permutations:  88%|████████▊ | 884/1000 [03:26<00:27,  4.23it/s]
Permutations:  88%|████████▊ | 885/1000 [03:27<00:27,  4.23it/s]
Permutations:  89%|████████▊ | 886/1000 [03:27<00:26,  4.24it/s]
Permutations:  89%|████████▊ | 887/1000 [03:27<00:26,  4.24it/s]
Permutations:  89%|████████▉ | 888/1000 [03:27<00:26,  4.22it/s]
Permutations:  89%|████████▉ | 889/1000 [03:28<00:26,  4.22it/s]
Permutations:  89%|████████▉ | 890/1000 [03:28<00:25,  4.23it/s]
Permutations:  89%|████████▉ | 891/1000 [03:28<00:25,  4.23it/s]
Permutations:  89%|████████▉ | 892/1000 [03:28<00:25,  4.23it/s]
Permutations:  89%|████████▉ | 893/1000 [03:29<00:25,  4.23it/s]
Permutations:  89%|████████▉ | 894/1000 [03:29<00:25,  4.24it/s]
Permutations:  90%|████████▉ | 895/1000 [03:29<00:24,  4.24it/s]
Permutations:  90%|████████▉ | 896/1000 [03:29<00:24,  4.24it/s]
Permutations:  90%|████████▉ | 897/1000 [03:29<00:24,  4.24it/s]
Permutations:  90%|████████▉ | 898/1000 [03:30<00:24,  4.22it/s]
Permutations:  90%|████████▉ | 899/1000 [03:30<00:23,  4.23it/s]
Permutations:  90%|█████████ | 900/1000 [03:30<00:23,  4.23it/s]
Permutations:  90%|█████████ | 901/1000 [03:30<00:23,  4.22it/s]
Permutations:  90%|█████████ | 902/1000 [03:31<00:23,  4.23it/s]
Permutations:  90%|█████████ | 903/1000 [03:31<00:22,  4.24it/s]
Permutations:  90%|█████████ | 904/1000 [03:31<00:22,  4.24it/s]
Permutations:  90%|█████████ | 905/1000 [03:31<00:22,  4.23it/s]
Permutations:  91%|█████████ | 906/1000 [03:32<00:22,  4.23it/s]
Permutations:  91%|█████████ | 907/1000 [03:32<00:21,  4.23it/s]
Permutations:  91%|█████████ | 908/1000 [03:32<00:21,  4.23it/s]
Permutations:  91%|█████████ | 909/1000 [03:32<00:21,  4.22it/s]
Permutations:  91%|█████████ | 910/1000 [03:33<00:21,  4.22it/s]
Permutations:  91%|█████████ | 911/1000 [03:33<00:21,  4.22it/s]
Permutations:  91%|█████████ | 912/1000 [03:33<00:20,  4.24it/s]
Permutations:  91%|█████████▏| 913/1000 [03:33<00:20,  4.20it/s]
Permutations:  91%|█████████▏| 914/1000 [03:33<00:20,  4.17it/s]
Permutations:  92%|█████████▏| 915/1000 [03:34<00:20,  4.18it/s]
Permutations:  92%|█████████▏| 916/1000 [03:34<00:19,  4.21it/s]
Permutations:  92%|█████████▏| 917/1000 [03:34<00:19,  4.22it/s]
Permutations:  92%|█████████▏| 918/1000 [03:34<00:19,  4.22it/s]
Permutations:  92%|█████████▏| 919/1000 [03:35<00:19,  4.18it/s]
Permutations:  92%|█████████▏| 920/1000 [03:35<00:19,  4.20it/s]
Permutations:  92%|█████████▏| 921/1000 [03:35<00:18,  4.21it/s]
Permutations:  92%|█████████▏| 922/1000 [03:35<00:18,  4.22it/s]
Permutations:  92%|█████████▏| 923/1000 [03:36<00:18,  4.23it/s]
Permutations:  92%|█████████▏| 924/1000 [03:36<00:17,  4.24it/s]
Permutations:  92%|█████████▎| 925/1000 [03:36<00:17,  4.23it/s]
Permutations:  93%|█████████▎| 926/1000 [03:36<00:17,  4.22it/s]
Permutations:  93%|█████████▎| 927/1000 [03:37<00:17,  4.22it/s]
Permutations:  93%|█████████▎| 928/1000 [03:37<00:17,  4.22it/s]
Permutations:  93%|█████████▎| 929/1000 [03:37<00:16,  4.23it/s]
Permutations:  93%|█████████▎| 930/1000 [03:37<00:16,  4.22it/s]
Permutations:  93%|█████████▎| 931/1000 [03:38<00:16,  4.22it/s]
Permutations:  93%|█████████▎| 932/1000 [03:38<00:16,  4.22it/s]
Permutations:  93%|█████████▎| 933/1000 [03:38<00:15,  4.22it/s]
Permutations:  93%|█████████▎| 934/1000 [03:38<00:15,  4.20it/s]
Permutations:  94%|█████████▎| 935/1000 [03:38<00:15,  4.20it/s]
Permutations:  94%|█████████▎| 936/1000 [03:39<00:15,  4.22it/s]
Permutations:  94%|█████████▎| 937/1000 [03:39<00:14,  4.23it/s]
Permutations:  94%|█████████▍| 938/1000 [03:39<00:14,  4.23it/s]
Permutations:  94%|█████████▍| 939/1000 [03:39<00:14,  4.22it/s]
Permutations:  94%|█████████▍| 940/1000 [03:40<00:14,  4.23it/s]
Permutations:  94%|█████████▍| 941/1000 [03:40<00:14,  4.20it/s]
Permutations:  94%|█████████▍| 942/1000 [03:40<00:13,  4.20it/s]
Permutations:  94%|█████████▍| 943/1000 [03:40<00:13,  4.20it/s]
Permutations:  94%|█████████▍| 944/1000 [03:41<00:13,  4.21it/s]
Permutations:  94%|█████████▍| 945/1000 [03:41<00:13,  4.22it/s]
Permutations:  95%|█████████▍| 946/1000 [03:41<00:12,  4.23it/s]
Permutations:  95%|█████████▍| 947/1000 [03:41<00:12,  4.21it/s]
Permutations:  95%|█████████▍| 948/1000 [03:42<00:12,  4.22it/s]
Permutations:  95%|█████████▍| 949/1000 [03:42<00:12,  4.22it/s]
Permutations:  95%|█████████▌| 950/1000 [03:42<00:11,  4.22it/s]
Permutations:  95%|█████████▌| 951/1000 [03:42<00:11,  4.21it/s]
Permutations:  95%|█████████▌| 952/1000 [03:42<00:11,  4.21it/s]
Permutations:  95%|█████████▌| 953/1000 [03:43<00:11,  4.21it/s]
Permutations:  95%|█████████▌| 954/1000 [03:43<00:10,  4.22it/s]
Permutations:  96%|█████████▌| 955/1000 [03:43<00:10,  4.22it/s]
Permutations:  96%|█████████▌| 956/1000 [03:43<00:10,  4.13it/s]
Permutations:  96%|█████████▌| 957/1000 [03:44<00:10,  4.18it/s]
Permutations:  96%|█████████▌| 958/1000 [03:44<00:09,  4.23it/s]
Permutations:  96%|█████████▌| 959/1000 [03:44<00:09,  4.27it/s]
Permutations:  96%|█████████▌| 960/1000 [03:44<00:09,  4.24it/s]
Permutations:  96%|█████████▌| 961/1000 [03:45<00:09,  4.27it/s]
Permutations:  96%|█████████▌| 962/1000 [03:45<00:08,  4.29it/s]
Permutations:  96%|█████████▋| 963/1000 [03:45<00:08,  4.23it/s]
Permutations:  96%|█████████▋| 964/1000 [03:45<00:08,  4.21it/s]
Permutations:  96%|█████████▋| 965/1000 [03:46<00:08,  4.25it/s]
Permutations:  97%|█████████▋| 966/1000 [03:46<00:07,  4.28it/s]
Permutations:  97%|█████████▋| 967/1000 [03:46<00:07,  4.30it/s]
Permutations:  97%|█████████▋| 968/1000 [03:46<00:07,  4.26it/s]
Permutations:  97%|█████████▋| 969/1000 [03:46<00:07,  4.29it/s]
Permutations:  97%|█████████▋| 970/1000 [03:47<00:06,  4.30it/s]
Permutations:  97%|█████████▋| 971/1000 [03:47<00:06,  4.32it/s]
Permutations:  97%|█████████▋| 972/1000 [03:47<00:06,  4.33it/s]
Permutations:  97%|█████████▋| 973/1000 [03:47<00:06,  4.30it/s]
Permutations:  97%|█████████▋| 974/1000 [03:48<00:06,  4.32it/s]
Permutations:  98%|█████████▊| 975/1000 [03:48<00:06,  4.05it/s]
Permutations:  98%|█████████▊| 976/1000 [03:48<00:05,  4.14it/s]
Permutations:  98%|█████████▊| 977/1000 [03:48<00:05,  4.15it/s]
Permutations:  98%|█████████▊| 978/1000 [03:49<00:05,  4.20it/s]
Permutations:  98%|█████████▊| 979/1000 [03:49<00:04,  4.25it/s]
Permutations:  98%|█████████▊| 980/1000 [03:49<00:04,  4.28it/s]
Permutations:  98%|█████████▊| 981/1000 [03:49<00:04,  4.24it/s]
Permutations:  98%|█████████▊| 982/1000 [03:50<00:04,  4.27it/s]
Permutations:  98%|█████████▊| 983/1000 [03:50<00:03,  4.30it/s]
Permutations:  98%|█████████▊| 984/1000 [03:50<00:03,  4.26it/s]
Permutations:  98%|█████████▊| 985/1000 [03:50<00:03,  4.26it/s]
Permutations:  99%|█████████▊| 986/1000 [03:50<00:03,  4.28it/s]
Permutations:  99%|█████████▊| 987/1000 [03:51<00:03,  4.30it/s]
Permutations:  99%|█████████▉| 988/1000 [03:51<00:02,  4.31it/s]
Permutations:  99%|█████████▉| 989/1000 [03:51<00:02,  4.32it/s]
Permutations:  99%|█████████▉| 990/1000 [03:51<00:02,  4.28it/s]
Permutations:  99%|█████████▉| 991/1000 [03:52<00:02,  4.30it/s]
Permutations:  99%|█████████▉| 992/1000 [03:52<00:01,  4.31it/s]
Permutations:  99%|█████████▉| 993/1000 [03:52<00:01,  4.32it/s]
Permutations:  99%|█████████▉| 994/1000 [03:52<00:01,  4.28it/s]
Permutations: 100%|█████████▉| 995/1000 [03:53<00:01,  4.30it/s]
Permutations: 100%|█████████▉| 996/1000 [03:53<00:00,  4.31it/s]
Permutations: 100%|█████████▉| 997/1000 [03:53<00:00,  4.32it/s]
Permutations: 100%|█████████▉| 998/1000 [03:53<00:00,  4.19it/s]
Permutations: 100%|█████████▉| 999/1000 [03:54<00:00,  4.16it/s]
Permutations: 100%|██████████| 1000/1000 [03:54<00:00,  4.21it/s]
Permutations: 100%|██████████| 1000/1000 [03:54<00:00,  4.27it/s]
✓ Permutation testing complete
  Significant feature-motif pairs (FDR < 0.05): 163/192

Saving results to outputs/feature_analysis_topk/
✓ Saved latent_correlations.csv
✓ Saved feature_motif_correlations.csv

Generating visualizations...
✓ Saved feature_motif_heatmap.png
✓ Saved feature_motif_heatmap_significant.png
✓ Saved correlation_distributions.png
✓ Saved null_distributions.png
✓ Saved volcano_plot.png
✓ Saved top_features_per_motif.png

================================================================================
SUMMARY STATISTICS
================================================================================
Total feature-motif pairs analyzed: 192
Significant pairs (FDR < 0.05): 163

Significant features per motif:
  in_feedforward_loop: 41
  in_feedback_loop: 41
  in_single_input_module: 41
  in_cascade: 40

✓ Analysis complete!
✓ Results saved to: outputs/feature_analysis_topk/
================================================================================

Running: /data/users/goodarzilab/shervin/miniconda3/bin/python3 /data/users/goodarzilab/shervin/182-GNN_SAE/sae/run_interpretability_experiments.py --variant topk
✓ Auto-loaded best config for TOPK:
  latent_dim=256
  k=16
  composite_score=0.6389583333333333

======================================================================
MOTIF-SPECIFIC ABLATION WITH EFFECT SIZE FILTERING
======================================================================
SAE Configuration:
  latent_dim=256, k=16
Graph Type:
  Single-motif graphs (0-3999)
Feature Selection:
  FDR threshold: < 0.05
  Min |rpb| threshold: >= 0
Random Controls:
  Trials per feature count: 20

Filtering criteria:
  - FDR < 0.05: 163 pairs
  - |rpb| >= 0: 192 pairs
  - Both criteria: 163 pairs
Saved feature mapping to: ablations/interpretability_topk_latent256_k16_rpb0.00_results/feature_motif_mapping.json

Non-filtered features available for random controls: 1

Filtered features per motif:
  Cascade: 40 features
  Feedback Loop: 41 features
  Feedforward Loop: 41 features
  Single Input Module: 41 features

======================================================================
MONOSEMANTICITY ANALYSIS
======================================================================

Feature specificity (after filtering):
  Monosemantic (1 motif only): 6
  Polysemantic (2 motifs): 0
  Polysemantic (3 motifs): 7
  Polysemantic (4 motifs): 34

  Total unique features: 47
  Monosemantic rate: 12.8%
  Polysemantic rate: 87.2%

Most polysemantic features (top 10):
  z117: 4 motifs (in_feedforward_loop, in_feedback_loop, in_single_input_module, in_cascade) [rpb: -0.129, 0.361, -0.128, -0.062]
  z118: 4 motifs (in_feedforward_loop, in_feedback_loop, in_single_input_module, in_cascade) [rpb: -0.081, 0.231, -0.081, -0.042]
  z122: 4 motifs (in_feedforward_loop, in_feedback_loop, in_single_input_module, in_cascade) [rpb: -0.082, 0.244, -0.082, -0.054]
  z125: 4 motifs (in_feedforward_loop, in_feedback_loop, in_single_input_module, in_cascade) [rpb: -0.114, 0.333, -0.113, -0.071]
  z126: 4 motifs (in_feedforward_loop, in_feedback_loop, in_single_input_module, in_cascade) [rpb: 0.294, -0.735, 0.293, 0.046]
  z129: 4 motifs (in_feedforward_loop, in_feedback_loop, in_single_input_module, in_cascade) [rpb: -0.118, 0.343, -0.117, -0.071]
  z131: 4 motifs (in_feedforward_loop, in_feedback_loop, in_single_input_module, in_cascade) [rpb: -0.081, 0.231, -0.081, -0.043]
  z132: 4 motifs (in_feedforward_loop, in_feedback_loop, in_single_input_module, in_cascade) [rpb: -0.087, 0.253, -0.086, -0.053]
  z136: 4 motifs (in_feedforward_loop, in_feedback_loop, in_single_input_module, in_cascade) [rpb: -0.083, 0.242, -0.083, -0.050]
  z154: 4 motifs (in_feedforward_loop, in_feedback_loop, in_single_input_module, in_cascade) [rpb: -0.115, 0.344, -0.114, -0.079]

======================================================================
STEP 1: Motif-Specific Ablations
======================================================================

Ablating Cascade features (40)...

Ablating Feedback Loop features (41)...

Ablating Feedforward Loop features (41)...

Ablating Single Input Module features (41)...

======================================================================
STEP 2: Random Control Trials
======================================================================

Running 20 random control trials (ablating 40 features each)...

Random trials (40 features):   0%|          | 0/20 [00:00<?, ?it/s]
Random trials (40 features):   5%|▌         | 1/20 [00:08<02:47,  8.81s/it]
Random trials (40 features):  10%|█         | 2/20 [00:17<02:35,  8.64s/it]
Random trials (40 features):  15%|█▌        | 3/20 [00:26<02:27,  8.66s/it]
Random trials (40 features):  20%|██        | 4/20 [00:34<02:19,  8.72s/it]
Random trials (40 features):  25%|██▌       | 5/20 [00:43<02:08,  8.55s/it]
Random trials (40 features):  30%|███       | 6/20 [00:51<02:01,  8.64s/it]
Random trials (40 features):  35%|███▌      | 7/20 [01:00<01:52,  8.63s/it]
Random trials (40 features):  40%|████      | 8/20 [01:09<01:45,  8.76s/it]
Random trials (40 features):  45%|████▌     | 9/20 [01:18<01:36,  8.75s/it]
Random trials (40 features):  50%|█████     | 10/20 [01:27<01:28,  8.86s/it]
Random trials (40 features):  55%|█████▌    | 11/20 [01:36<01:20,  8.89s/it]
Random trials (40 features):  60%|██████    | 12/20 [01:45<01:11,  8.91s/it]
Random trials (40 features):  65%|██████▌   | 13/20 [01:54<01:03,  9.04s/it]
Random trials (40 features):  70%|███████   | 14/20 [02:03<00:53,  8.96s/it]
Random trials (40 features):  75%|███████▌  | 15/20 [02:11<00:43,  8.80s/it]
Random trials (40 features):  80%|████████  | 16/20 [02:20<00:34,  8.72s/it]
Random trials (40 features):  85%|████████▌ | 17/20 [02:29<00:26,  8.69s/it]
Random trials (40 features):  90%|█████████ | 18/20 [02:37<00:17,  8.58s/it]
Random trials (40 features):  95%|█████████▌| 19/20 [02:46<00:08,  8.74s/it]
Random trials (40 features): 100%|██████████| 20/20 [02:55<00:00,  8.81s/it]
Random trials (40 features): 100%|██████████| 20/20 [02:55<00:00,  8.77s/it]
Warning: Only 1 non-filtered features available, need 40
Warning: Only 1 non-filtered features available, need 40
Warning: Only 1 non-filtered features available, need 40
Warning: Only 1 non-filtered features available, need 40
Warning: Only 1 non-filtered features available, need 40
Warning: Only 1 non-filtered features available, need 40
Warning: Only 1 non-filtered features available, need 40
Warning: Only 1 non-filtered features available, need 40
Warning: Only 1 non-filtered features available, need 40
Warning: Only 1 non-filtered features available, need 40
Warning: Only 1 non-filtered features available, need 40
Warning: Only 1 non-filtered features available, need 40
Warning: Only 1 non-filtered features available, need 40
Warning: Only 1 non-filtered features available, need 40
Warning: Only 1 non-filtered features available, need 40
Warning: Only 1 non-filtered features available, need 40
Warning: Only 1 non-filtered features available, need 40
Warning: Only 1 non-filtered features available, need 40
Warning: Only 1 non-filtered features available, need 40
Warning: Only 1 non-filtered features available, need 40

Running 20 random control trials (ablating 41 features each)...

Random trials (41 features):   0%|          | 0/20 [00:00<?, ?it/s]
Random trials (41 features):   5%|▌         | 1/20 [00:09<02:56,  9.27s/it]
Random trials (41 features):  10%|█         | 2/20 [00:18<02:42,  9.01s/it]
Random trials (41 features):  15%|█▌        | 3/20 [00:27<02:33,  9.05s/it]
Random trials (41 features):  20%|██        | 4/20 [00:35<02:21,  8.86s/it]
Random trials (41 features):  25%|██▌       | 5/20 [00:44<02:12,  8.81s/it]
Random trials (41 features):  30%|███       | 6/20 [00:52<02:01,  8.71s/it]
Random trials (41 features):  35%|███▌      | 7/20 [01:01<01:54,  8.78s/it]
Random trials (41 features):  40%|████      | 8/20 [01:10<01:43,  8.66s/it]
Random trials (41 features):  45%|████▌     | 9/20 [01:18<01:34,  8.63s/it]
Random trials (41 features):  50%|█████     | 10/20 [01:27<01:25,  8.58s/it]
Random trials (41 features):  55%|█████▌    | 11/20 [01:35<01:16,  8.49s/it]
Random trials (41 features):  60%|██████    | 12/20 [01:44<01:08,  8.62s/it]
Random trials (41 features):  65%|██████▌   | 13/20 [01:52<00:59,  8.56s/it]
Random trials (41 features):  70%|███████   | 14/20 [02:01<00:51,  8.56s/it]
Random trials (41 features):  75%|███████▌  | 15/20 [02:10<00:42,  8.53s/it]
Random trials (41 features):  80%|████████  | 16/20 [02:18<00:34,  8.54s/it]
Random trials (41 features):  85%|████████▌ | 17/20 [02:27<00:26,  8.70s/it]
Random trials (41 features):  90%|█████████ | 18/20 [02:36<00:17,  8.61s/it]
Random trials (41 features):  95%|█████████▌| 19/20 [02:44<00:08,  8.52s/it]
Random trials (41 features): 100%|██████████| 20/20 [02:52<00:00,  8.47s/it]
Random trials (41 features): 100%|██████████| 20/20 [02:52<00:00,  8.64s/it]
/data/users/goodarzilab/shervin/miniconda3/lib/python3.12/site-packages/scipy/stats/_axis_nan_policy.py:573: RuntimeWarning: Precision loss occurred in moment calculation due to catastrophic cancellation. This occurs when the data are nearly identical. Results may be unreliable.
  res = hypotest_fun_out(*samples, **kwds)
Warning: Only 1 non-filtered features available, need 41
Warning: Only 1 non-filtered features available, need 41
Warning: Only 1 non-filtered features available, need 41
Warning: Only 1 non-filtered features available, need 41
Warning: Only 1 non-filtered features available, need 41
Warning: Only 1 non-filtered features available, need 41
Warning: Only 1 non-filtered features available, need 41
Warning: Only 1 non-filtered features available, need 41
Warning: Only 1 non-filtered features available, need 41
Warning: Only 1 non-filtered features available, need 41
Warning: Only 1 non-filtered features available, need 41
Warning: Only 1 non-filtered features available, need 41
Warning: Only 1 non-filtered features available, need 41
Warning: Only 1 non-filtered features available, need 41
Warning: Only 1 non-filtered features available, need 41
Warning: Only 1 non-filtered features available, need 41
Warning: Only 1 non-filtered features available, need 41
Warning: Only 1 non-filtered features available, need 41
Warning: Only 1 non-filtered features available, need 41
Warning: Only 1 non-filtered features available, need 41

======================================================================
STEP 3: Statistical Comparison
======================================================================

Statistical Significance Results:
            Feature_Set                Motif  N_Features  Specific_Impact   Random_Mean    Random_Std       Z_Score  Percentile  P_Value  Significant
0               Cascade  Single Input Module          40     2.115014e-08  0.000000e+00  0.000000e+00  0.000000e+00       100.0      0.0         True
1               Cascade        Feedback Loop          40     2.085027e-05 -3.004691e-08  6.617445e-24  3.155344e+18       100.0      0.0         True
2               Cascade              Cascade          40    -6.182598e-08  0.000000e+00  0.000000e+00  0.000000e+00         0.0      0.0         True
3               Cascade     Feedforward Loop          40    -8.720955e-09  0.000000e+00  0.000000e+00  0.000000e+00         0.0      0.0         True
4         Feedback Loop  Single Input Module          41     2.751083e-08  0.000000e+00  0.000000e+00  0.000000e+00       100.0      0.0         True
5         Feedback Loop        Feedback Loop          41     5.993892e-04 -3.004691e-08  6.617445e-24  9.058167e+19       100.0      0.0         True
6         Feedback Loop              Cascade          41    -7.993709e-08  0.000000e+00  0.000000e+00  0.000000e+00         0.0      0.0         True
7         Feedback Loop     Feedforward Loop          41    -1.109630e-08  0.000000e+00  0.000000e+00  0.000000e+00         0.0      0.0         True
8      Feedforward Loop  Single Input Module          41     2.751083e-08  0.000000e+00  0.000000e+00  0.000000e+00       100.0      0.0         True
9      Feedforward Loop        Feedback Loop          41     5.993892e-04 -3.004691e-08  6.617445e-24  9.058167e+19       100.0      0.0         True
10     Feedforward Loop              Cascade          41    -7.993709e-08  0.000000e+00  0.000000e+00  0.000000e+00         0.0      0.0         True
11     Feedforward Loop     Feedforward Loop          41    -1.109630e-08  0.000000e+00  0.000000e+00  0.000000e+00         0.0      0.0         True
12  Single Input Module  Single Input Module          41     2.751083e-08  0.000000e+00  0.000000e+00  0.000000e+00       100.0      0.0         True
13  Single Input Module        Feedback Loop          41     5.993892e-04 -3.004691e-08  6.617445e-24  9.058167e+19       100.0      0.0         True
14  Single Input Module              Cascade          41    -7.993709e-08  0.000000e+00  0.000000e+00  0.000000e+00         0.0      0.0         True
15  Single Input Module     Feedforward Loop          41    -1.109630e-08  0.000000e+00  0.000000e+00  0.000000e+00         0.0      0.0         True

======================================================================
STEP 4: Generate Visualizations
======================================================================
Saved: ablations/interpretability_topk_latent256_k16_rpb0.00_plots/interpretability_vs_random_controls.png

Saved phase_3a_config.json to both current directory and ablations/ for Phase 3b/3c to use

======================================================================
EXPERIMENTS COMPLETE
======================================================================
Configuration:
  SAE: latent_dim=256, k=16
  Filtering: FDR<0.05 and |rpb|>=0
  Random trials: 20 per feature count

Total features tested: 163
Monosemantic features: 6

Output directories:
  Results: ablations/interpretability_topk_latent256_k16_rpb0.00_results
  Plots: ablations/interpretability_topk_latent256_k16_rpb0.00_plots

Saved config to ablations/phase_3a_config_topk.json

----------------------------------------------------------------------
Processing variant: SWITCH
Config: 8 experts, 128D per expert, k=16 (composite_score=0.616)
----------------------------------------------------------------------

Running feature significance analysis for switch...
Running: /data/users/goodarzilab/shervin/miniconda3/bin/python3 /data/users/goodarzilab/shervin/182-GNN_SAE/sae/analyze_feature_significance.py --variant switch --source-csv outputs/sae_config_comparison.csv
ERROR: Script failed with exit code 1
================================================================================
FEATURE-MOTIF SIGNIFICANCE ANALYSIS: SWITCH
================================================================================

Loading configuration from outputs/sae_config_comparison.csv...
✓ Best config for SWITCH:
  Composite score: 0.616
  Config: latent_dim=1024, experts=8, latent_pe=128, k_pe=16

Loading SAE model...
Traceback (most recent call last):
  File "/data/users/goodarzilab/shervin/182-GNN_SAE/sae/analyze_feature_significance.py", line 605, in <module>
    main()
  File "/data/users/goodarzilab/shervin/182-GNN_SAE/sae/analyze_feature_significance.py", line 519, in main
    model = load_sae_model(args.variant, best_config)
            ^^^^^^^^^^^^^^^^^^^^^^^^^^^^^^^^^^^^^^^^^
  File "/data/users/goodarzilab/shervin/182-GNN_SAE/sae/analyze_feature_significance.py", line 74, in load_sae_model
    raise FileNotFoundError(f"Checkpoint not found: {checkpoint_path}")
FileNotFoundError: Checkpoint not found: checkpoints/sae_switch_experts8_latent128_k16_seed42.pt

Warning: Feature significance analysis failed for switch, but continuing...
Running: /data/users/goodarzilab/shervin/miniconda3/bin/python3 /data/users/goodarzilab/shervin/182-GNN_SAE/sae/run_interpretability_experiments.py --variant switch
✓ Auto-loaded best config for SWITCH:
  latent_dim=1024
  num_experts=8
  latent_per_expert=128
  k_per_expert=16
  composite_score=0.6159759114583333

======================================================================
MOTIF-SPECIFIC ABLATION WITH EFFECT SIZE FILTERING
======================================================================
SAE Configuration:
  latent_dim=1024, k=8
Graph Type:
  Single-motif graphs (0-3999)
Feature Selection:
  FDR threshold: < 0.05
  Min |rpb| threshold: >= 0
Random Controls:
  Trials per feature count: 20
ERROR: Correlation data not found at outputs/feature_analysis_switch/latent_correlations.csv
  Have you run: python analyze_feature_significance.py --variant switch?
ERROR: Could not load correlation data


----------------------------------------------------------------------
Processing variant: GATED
Config: High capacity, low sparsity penalty (composite_score=0.451)
----------------------------------------------------------------------

Running feature significance analysis for gated...
Running: /data/users/goodarzilab/shervin/miniconda3/bin/python3 /data/users/goodarzilab/shervin/182-GNN_SAE/sae/analyze_feature_significance.py --variant gated --source-csv outputs/sae_config_comparison.csv
================================================================================
FEATURE-MOTIF SIGNIFICANCE ANALYSIS: GATED
================================================================================

Loading configuration from outputs/sae_config_comparison.csv...
✓ Best config for GATED:
  Composite score: 0.451
  Config: latent_dim=512, lambda=1e-04

Loading SAE model...
✓ Loaded GATED SAE (latent_dim=512)

Loading test graph IDs...
✓ Loaded 400 test graph IDs
Extracting SAE latent representations for test nodes...

Processing test graphs:   0%|          | 0/400 [00:00<?, ?it/s]
Processing test graphs:   0%|          | 1/400 [00:00<00:40,  9.79it/s]
Processing test graphs:   9%|▉         | 35/400 [00:00<00:01, 201.00it/s]
Processing test graphs:  18%|█▊        | 70/400 [00:00<00:01, 268.19it/s]
Processing test graphs:  27%|██▋       | 109/400 [00:00<00:00, 313.22it/s]
Processing test graphs:  37%|███▋      | 147/400 [00:00<00:00, 335.58it/s]
Processing test graphs:  46%|████▋     | 185/400 [00:00<00:00, 349.99it/s]
Processing test graphs:  56%|█████▌    | 223/400 [00:00<00:00, 348.23it/s]
Processing test graphs:  65%|██████▌   | 261/400 [00:00<00:00, 358.05it/s]
Processing test graphs:  75%|███████▌  | 300/400 [00:00<00:00, 365.00it/s]
Processing test graphs:  84%|████████▍ | 338/400 [00:01<00:00, 369.03it/s]
Processing test graphs:  94%|█████████▍| 375/400 [00:01<00:00, 365.03it/s]
Processing test graphs: 100%|██████████| 400/400 [00:01<00:00, 335.79it/s]
✓ Extracted latent representations for 4000 nodes
Computing point-biserial correlations...
✓ Computed 1120 correlations

Running permutation test with 1000 permutations...

Permutations:   0%|          | 0/1000 [00:00<?, ?it/s]
Permutations:   0%|          | 1/1000 [00:01<20:04,  1.21s/it]
Permutations:   0%|          | 2/1000 [00:02<20:03,  1.21s/it]
Permutations:   0%|          | 3/1000 [00:03<20:04,  1.21s/it]
Permutations:   0%|          | 4/1000 [00:04<20:07,  1.21s/it]
Permutations:   0%|          | 5/1000 [00:06<20:05,  1.21s/it]
Permutations:   1%|          | 6/1000 [00:07<20:04,  1.21s/it]
Permutations:   1%|          | 7/1000 [00:08<20:07,  1.22s/it]
Permutations:   1%|          | 8/1000 [00:09<20:05,  1.22s/it]
Permutations:   1%|          | 9/1000 [00:10<20:02,  1.21s/it]
Permutations:   1%|          | 10/1000 [00:12<19:59,  1.21s/it]
Permutations:   1%|          | 11/1000 [00:13<19:57,  1.21s/it]
Permutations:   1%|          | 12/1000 [00:14<20:03,  1.22s/it]
Permutations:   1%|▏         | 13/1000 [00:15<20:10,  1.23s/it]
Permutations:   1%|▏         | 14/1000 [00:17<20:15,  1.23s/it]
Permutations:   2%|▏         | 15/1000 [00:18<20:42,  1.26s/it]
Permutations:   2%|▏         | 16/1000 [00:19<20:38,  1.26s/it]
Permutations:   2%|▏         | 17/1000 [00:20<20:35,  1.26s/it]
Permutations:   2%|▏         | 18/1000 [00:22<20:31,  1.25s/it]
Permutations:   2%|▏         | 19/1000 [00:23<20:29,  1.25s/it]
Permutations:   2%|▏         | 20/1000 [00:24<20:24,  1.25s/it]
Permutations:   2%|▏         | 21/1000 [00:25<20:15,  1.24s/it]
Permutations:   2%|▏         | 22/1000 [00:27<20:05,  1.23s/it]
Permutations:   2%|▏         | 23/1000 [00:28<20:05,  1.23s/it]
Permutations:   2%|▏         | 24/1000 [00:29<20:01,  1.23s/it]
Permutations:   2%|▎         | 25/1000 [00:30<20:06,  1.24s/it]
Permutations:   3%|▎         | 26/1000 [00:32<20:07,  1.24s/it]
Permutations:   3%|▎         | 27/1000 [00:33<20:06,  1.24s/it]
Permutations:   3%|▎         | 28/1000 [00:34<20:10,  1.25s/it]
Permutations:   3%|▎         | 29/1000 [00:35<20:10,  1.25s/it]
Permutations:   3%|▎         | 30/1000 [00:37<20:08,  1.25s/it]
Permutations:   3%|▎         | 31/1000 [00:38<20:10,  1.25s/it]
Permutations:   3%|▎         | 32/1000 [00:39<20:07,  1.25s/it]
Permutations:   3%|▎         | 33/1000 [00:40<20:04,  1.25s/it]
Permutations:   3%|▎         | 34/1000 [00:41<20:00,  1.24s/it]
Permutations:   4%|▎         | 35/1000 [00:43<20:00,  1.24s/it]
Permutations:   4%|▎         | 36/1000 [00:44<19:50,  1.24s/it]
Permutations:   4%|▎         | 37/1000 [00:45<19:45,  1.23s/it]
Permutations:   4%|▍         | 38/1000 [00:46<19:38,  1.23s/it]
Permutations:   4%|▍         | 39/1000 [00:48<19:37,  1.23s/it]
Permutations:   4%|▍         | 40/1000 [00:49<19:31,  1.22s/it]
Permutations:   4%|▍         | 41/1000 [00:50<19:29,  1.22s/it]
Permutations:   4%|▍         | 42/1000 [00:51<19:39,  1.23s/it]
Permutations:   4%|▍         | 43/1000 [00:53<19:31,  1.22s/it]
Permutations:   4%|▍         | 44/1000 [00:54<19:25,  1.22s/it]
Permutations:   4%|▍         | 45/1000 [00:55<19:21,  1.22s/it]
Permutations:   5%|▍         | 46/1000 [00:56<19:19,  1.22s/it]
Permutations:   5%|▍         | 47/1000 [00:57<19:24,  1.22s/it]
Permutations:   5%|▍         | 48/1000 [00:59<19:20,  1.22s/it]
Permutations:   5%|▍         | 49/1000 [01:00<19:18,  1.22s/it]
Permutations:   5%|▌         | 50/1000 [01:01<19:18,  1.22s/it]
Permutations:   5%|▌         | 51/1000 [01:02<19:15,  1.22s/it]
Permutations:   5%|▌         | 52/1000 [01:03<19:12,  1.22s/it]
Permutations:   5%|▌         | 53/1000 [01:05<19:10,  1.22s/it]
Permutations:   5%|▌         | 54/1000 [01:06<19:09,  1.21s/it]
Permutations:   6%|▌         | 55/1000 [01:07<19:14,  1.22s/it]
Permutations:   6%|▌         | 56/1000 [01:08<19:10,  1.22s/it]
Permutations:   6%|▌         | 57/1000 [01:10<19:07,  1.22s/it]
Permutations:   6%|▌         | 58/1000 [01:11<19:07,  1.22s/it]
Permutations:   6%|▌         | 59/1000 [01:12<19:07,  1.22s/it]
Permutations:   6%|▌         | 60/1000 [01:13<19:04,  1.22s/it]
Permutations:   6%|▌         | 61/1000 [01:14<19:02,  1.22s/it]
Permutations:   6%|▌         | 62/1000 [01:16<19:07,  1.22s/it]
Permutations:   6%|▋         | 63/1000 [01:17<19:14,  1.23s/it]
Permutations:   6%|▋         | 64/1000 [01:18<19:18,  1.24s/it]
Permutations:   6%|▋         | 65/1000 [01:19<19:11,  1.23s/it]
Permutations:   7%|▋         | 66/1000 [01:21<19:07,  1.23s/it]
Permutations:   7%|▋         | 67/1000 [01:22<19:01,  1.22s/it]
Permutations:   7%|▋         | 68/1000 [01:23<19:12,  1.24s/it]
Permutations:   7%|▋         | 69/1000 [01:24<19:05,  1.23s/it]
Permutations:   7%|▋         | 70/1000 [01:26<19:01,  1.23s/it]
Permutations:   7%|▋         | 71/1000 [01:27<18:56,  1.22s/it]
Permutations:   7%|▋         | 72/1000 [01:28<18:57,  1.23s/it]
Permutations:   7%|▋         | 73/1000 [01:29<18:52,  1.22s/it]
Permutations:   7%|▋         | 74/1000 [01:30<18:51,  1.22s/it]
Permutations:   8%|▊         | 75/1000 [01:32<18:55,  1.23s/it]
Permutations:   8%|▊         | 76/1000 [01:33<19:23,  1.26s/it]
Permutations:   8%|▊         | 77/1000 [01:34<19:22,  1.26s/it]
Permutations:   8%|▊         | 78/1000 [01:35<19:21,  1.26s/it]
Permutations:   8%|▊         | 79/1000 [01:37<19:13,  1.25s/it]
Permutations:   8%|▊         | 80/1000 [01:38<19:05,  1.24s/it]
Permutations:   8%|▊         | 81/1000 [01:39<18:53,  1.23s/it]
Permutations:   8%|▊         | 82/1000 [01:40<18:44,  1.22s/it]
Permutations:   8%|▊         | 83/1000 [01:42<18:41,  1.22s/it]
Permutations:   8%|▊         | 84/1000 [01:43<18:42,  1.22s/it]
Permutations:   8%|▊         | 85/1000 [01:44<18:45,  1.23s/it]
Permutations:   9%|▊         | 86/1000 [01:45<18:46,  1.23s/it]
Permutations:   9%|▊         | 87/1000 [01:47<18:48,  1.24s/it]
Permutations:   9%|▉         | 88/1000 [01:48<18:46,  1.23s/it]
Permutations:   9%|▉         | 89/1000 [01:49<18:37,  1.23s/it]
Permutations:   9%|▉         | 90/1000 [01:50<18:31,  1.22s/it]
Permutations:   9%|▉         | 91/1000 [01:51<18:28,  1.22s/it]
Permutations:   9%|▉         | 92/1000 [01:53<18:23,  1.22s/it]
Permutations:   9%|▉         | 93/1000 [01:54<18:20,  1.21s/it]
Permutations:   9%|▉         | 94/1000 [01:55<18:18,  1.21s/it]
Permutations:  10%|▉         | 95/1000 [01:56<18:32,  1.23s/it]
Permutations:  10%|▉         | 96/1000 [01:58<18:29,  1.23s/it]
Permutations:  10%|▉         | 97/1000 [01:59<18:24,  1.22s/it]
Permutations:  10%|▉         | 98/1000 [02:00<18:19,  1.22s/it]
Permutations:  10%|▉         | 99/1000 [02:01<18:19,  1.22s/it]
Permutations:  10%|█         | 100/1000 [02:02<18:17,  1.22s/it]
Permutations:  10%|█         | 101/1000 [02:04<18:14,  1.22s/it]
Permutations:  10%|█         | 102/1000 [02:05<18:11,  1.22s/it]
Permutations:  10%|█         | 103/1000 [02:06<18:19,  1.23s/it]
Permutations:  10%|█         | 104/1000 [02:07<18:24,  1.23s/it]
Permutations:  10%|█         | 105/1000 [02:08<18:16,  1.23s/it]
Permutations:  11%|█         | 106/1000 [02:10<18:12,  1.22s/it]
Permutations:  11%|█         | 107/1000 [02:11<18:07,  1.22s/it]
Permutations:  11%|█         | 108/1000 [02:12<18:07,  1.22s/it]
Permutations:  11%|█         | 109/1000 [02:13<18:13,  1.23s/it]
Permutations:  11%|█         | 110/1000 [02:15<18:13,  1.23s/it]
Permutations:  11%|█         | 111/1000 [02:16<18:14,  1.23s/it]
Permutations:  11%|█         | 112/1000 [02:17<18:21,  1.24s/it]
Permutations:  11%|█▏        | 113/1000 [02:18<18:15,  1.24s/it]
Permutations:  11%|█▏        | 114/1000 [02:20<18:16,  1.24s/it]
Permutations:  12%|█▏        | 115/1000 [02:21<18:14,  1.24s/it]
Permutations:  12%|█▏        | 116/1000 [02:22<18:18,  1.24s/it]
Permutations:  12%|█▏        | 117/1000 [02:23<18:16,  1.24s/it]
Permutations:  12%|█▏        | 118/1000 [02:25<18:11,  1.24s/it]
Permutations:  12%|█▏        | 119/1000 [02:26<18:10,  1.24s/it]
Permutations:  12%|█▏        | 120/1000 [02:27<18:14,  1.24s/it]
Permutations:  12%|█▏        | 121/1000 [02:28<18:13,  1.24s/it]
Permutations:  12%|█▏        | 122/1000 [02:30<18:27,  1.26s/it]
Permutations:  12%|█▏        | 123/1000 [02:31<18:21,  1.26s/it]
Permutations:  12%|█▏        | 124/1000 [02:32<18:17,  1.25s/it]
Permutations:  12%|█▎        | 125/1000 [02:33<18:12,  1.25s/it]
Permutations:  13%|█▎        | 126/1000 [02:35<18:07,  1.24s/it]
Permutations:  13%|█▎        | 127/1000 [02:36<18:07,  1.25s/it]
Permutations:  13%|█▎        | 128/1000 [02:37<18:08,  1.25s/it]
Permutations:  13%|█▎        | 129/1000 [02:38<18:03,  1.24s/it]
Permutations:  13%|█▎        | 130/1000 [02:40<17:59,  1.24s/it]
Permutations:  13%|█▎        | 131/1000 [02:41<17:58,  1.24s/it]
Permutations:  13%|█▎        | 132/1000 [02:42<18:00,  1.24s/it]
Permutations:  13%|█▎        | 133/1000 [02:43<18:33,  1.28s/it]
Permutations:  13%|█▎        | 134/1000 [02:45<18:19,  1.27s/it]
Permutations:  14%|█▎        | 135/1000 [02:46<18:08,  1.26s/it]
Permutations:  14%|█▎        | 136/1000 [02:47<18:05,  1.26s/it]
Permutations:  14%|█▎        | 137/1000 [02:48<17:58,  1.25s/it]
Permutations:  14%|█▍        | 138/1000 [02:50<17:54,  1.25s/it]
Permutations:  14%|█▍        | 139/1000 [02:51<17:51,  1.24s/it]
Permutations:  14%|█▍        | 140/1000 [02:52<17:49,  1.24s/it]
Permutations:  14%|█▍        | 141/1000 [02:53<17:43,  1.24s/it]
Permutations:  14%|█▍        | 142/1000 [02:55<17:36,  1.23s/it]
Permutations:  14%|█▍        | 143/1000 [02:56<17:31,  1.23s/it]
Permutations:  14%|█▍        | 144/1000 [02:57<17:33,  1.23s/it]
Permutations:  14%|█▍        | 145/1000 [02:58<17:33,  1.23s/it]
Permutations:  15%|█▍        | 146/1000 [02:59<17:34,  1.24s/it]
Permutations:  15%|█▍        | 147/1000 [03:01<17:34,  1.24s/it]
Permutations:  15%|█▍        | 148/1000 [03:02<17:48,  1.25s/it]
Permutations:  15%|█▍        | 149/1000 [03:03<17:45,  1.25s/it]
Permutations:  15%|█▌        | 150/1000 [03:04<17:34,  1.24s/it]
Permutations:  15%|█▌        | 151/1000 [03:06<17:26,  1.23s/it]
Permutations:  15%|█▌        | 152/1000 [03:07<17:20,  1.23s/it]
Permutations:  15%|█▌        | 153/1000 [03:08<17:25,  1.23s/it]
Permutations:  15%|█▌        | 154/1000 [03:09<17:19,  1.23s/it]
Permutations:  16%|█▌        | 155/1000 [03:11<17:15,  1.23s/it]
Permutations:  16%|█▌        | 156/1000 [03:12<17:12,  1.22s/it]
Permutations:  16%|█▌        | 157/1000 [03:13<17:15,  1.23s/it]
Permutations:  16%|█▌        | 158/1000 [03:14<17:18,  1.23s/it]
Permutations:  16%|█▌        | 159/1000 [03:15<17:15,  1.23s/it]
Permutations:  16%|█▌        | 160/1000 [03:17<17:09,  1.23s/it]
Permutations:  16%|█▌        | 161/1000 [03:18<17:19,  1.24s/it]
Permutations:  16%|█▌        | 162/1000 [03:19<17:12,  1.23s/it]
Permutations:  16%|█▋        | 163/1000 [03:20<17:07,  1.23s/it]
Permutations:  16%|█▋        | 164/1000 [03:22<17:03,  1.22s/it]
Permutations:  16%|█▋        | 165/1000 [03:23<17:00,  1.22s/it]
Permutations:  17%|█▋        | 166/1000 [03:24<16:57,  1.22s/it]
Permutations:  17%|█▋        | 167/1000 [03:25<16:55,  1.22s/it]
Permutations:  17%|█▋        | 168/1000 [03:26<16:54,  1.22s/it]
Permutations:  17%|█▋        | 169/1000 [03:28<16:54,  1.22s/it]
Permutations:  17%|█▋        | 170/1000 [03:29<16:58,  1.23s/it]
Permutations:  17%|█▋        | 171/1000 [03:30<16:58,  1.23s/it]
Permutations:  17%|█▋        | 172/1000 [03:31<17:01,  1.23s/it]
Permutations:  17%|█▋        | 173/1000 [03:33<17:01,  1.24s/it]
Permutations:  17%|█▋        | 174/1000 [03:34<17:04,  1.24s/it]
Permutations:  18%|█▊        | 175/1000 [03:35<17:16,  1.26s/it]
Permutations:  18%|█▊        | 176/1000 [03:36<17:12,  1.25s/it]
Permutations:  18%|█▊        | 177/1000 [03:38<17:12,  1.25s/it]
Permutations:  18%|█▊        | 178/1000 [03:39<17:05,  1.25s/it]
Permutations:  18%|█▊        | 179/1000 [03:40<16:57,  1.24s/it]
Permutations:  18%|█▊        | 180/1000 [03:41<16:50,  1.23s/it]
Permutations:  18%|█▊        | 181/1000 [03:43<16:45,  1.23s/it]
Permutations:  18%|█▊        | 182/1000 [03:44<16:46,  1.23s/it]
Permutations:  18%|█▊        | 183/1000 [03:45<16:48,  1.23s/it]
Permutations:  18%|█▊        | 184/1000 [03:46<16:50,  1.24s/it]
Permutations:  18%|█▊        | 185/1000 [03:48<16:54,  1.24s/it]
Permutations:  19%|█▊        | 186/1000 [03:49<16:55,  1.25s/it]
Permutations:  19%|█▊        | 187/1000 [03:50<16:55,  1.25s/it]
Permutations:  19%|█▉        | 188/1000 [03:51<16:52,  1.25s/it]
Permutations:  19%|█▉        | 189/1000 [03:53<16:49,  1.24s/it]
Permutations:  19%|█▉        | 190/1000 [03:54<16:49,  1.25s/it]
Permutations:  19%|█▉        | 191/1000 [03:55<16:47,  1.24s/it]
Permutations:  19%|█▉        | 192/1000 [03:56<16:44,  1.24s/it]
Permutations:  19%|█▉        | 193/1000 [03:58<16:42,  1.24s/it]
Permutations:  19%|█▉        | 194/1000 [03:59<16:40,  1.24s/it]
Permutations:  20%|█▉        | 195/1000 [04:00<16:31,  1.23s/it]
Permutations:  20%|█▉        | 196/1000 [04:01<16:26,  1.23s/it]
Permutations:  20%|█▉        | 197/1000 [04:02<16:23,  1.22s/it]
Permutations:  20%|█▉        | 198/1000 [04:04<16:19,  1.22s/it]
Permutations:  20%|█▉        | 199/1000 [04:05<16:18,  1.22s/it]
Permutations:  20%|██        | 200/1000 [04:06<16:15,  1.22s/it]
Permutations:  20%|██        | 201/1000 [04:07<16:26,  1.24s/it]
Permutations:  20%|██        | 202/1000 [04:09<16:27,  1.24s/it]
Permutations:  20%|██        | 203/1000 [04:10<16:29,  1.24s/it]
Permutations:  20%|██        | 204/1000 [04:11<16:28,  1.24s/it]
Permutations:  20%|██        | 205/1000 [04:12<16:27,  1.24s/it]
Permutations:  21%|██        | 206/1000 [04:14<16:26,  1.24s/it]
Permutations:  21%|██        | 207/1000 [04:15<16:25,  1.24s/it]
Permutations:  21%|██        | 208/1000 [04:16<16:23,  1.24s/it]
Permutations:  21%|██        | 209/1000 [04:17<16:21,  1.24s/it]
Permutations:  21%|██        | 210/1000 [04:19<16:20,  1.24s/it]
Permutations:  21%|██        | 211/1000 [04:20<16:21,  1.24s/it]
Permutations:  21%|██        | 212/1000 [04:21<16:20,  1.24s/it]
Permutations:  21%|██▏       | 213/1000 [04:22<16:18,  1.24s/it]
Permutations:  21%|██▏       | 214/1000 [04:24<16:15,  1.24s/it]
Permutations:  22%|██▏       | 215/1000 [04:25<16:16,  1.24s/it]
Permutations:  22%|██▏       | 216/1000 [04:26<16:15,  1.24s/it]
Permutations:  22%|██▏       | 217/1000 [04:27<16:14,  1.24s/it]
Permutations:  22%|██▏       | 218/1000 [04:28<16:11,  1.24s/it]
Permutations:  22%|██▏       | 219/1000 [04:30<16:11,  1.24s/it]
Permutations:  22%|██▏       | 220/1000 [04:31<16:09,  1.24s/it]
Permutations:  22%|██▏       | 221/1000 [04:32<16:09,  1.24s/it]
Permutations:  22%|██▏       | 222/1000 [04:33<16:08,  1.25s/it]
Permutations:  22%|██▏       | 223/1000 [04:35<16:08,  1.25s/it]
Permutations:  22%|██▏       | 224/1000 [04:36<16:08,  1.25s/it]
Permutations:  22%|██▎       | 225/1000 [04:37<16:09,  1.25s/it]
Permutations:  23%|██▎       | 226/1000 [04:38<16:07,  1.25s/it]
Permutations:  23%|██▎       | 227/1000 [04:40<16:17,  1.26s/it]
Permutations:  23%|██▎       | 228/1000 [04:41<16:14,  1.26s/it]
Permutations:  23%|██▎       | 229/1000 [04:42<16:08,  1.26s/it]
Permutations:  23%|██▎       | 230/1000 [04:44<16:03,  1.25s/it]
Permutations:  23%|██▎       | 231/1000 [04:45<16:01,  1.25s/it]
Permutations:  23%|██▎       | 232/1000 [04:46<16:02,  1.25s/it]
Permutations:  23%|██▎       | 233/1000 [04:47<16:03,  1.26s/it]
Permutations:  23%|██▎       | 234/1000 [04:49<16:00,  1.25s/it]
Permutations:  24%|██▎       | 235/1000 [04:50<15:58,  1.25s/it]
Permutations:  24%|██▎       | 236/1000 [04:51<16:01,  1.26s/it]
Permutations:  24%|██▎       | 237/1000 [04:52<15:57,  1.26s/it]
Permutations:  24%|██▍       | 238/1000 [04:54<15:54,  1.25s/it]
Permutations:  24%|██▍       | 239/1000 [04:55<15:51,  1.25s/it]
Permutations:  24%|██▍       | 240/1000 [04:56<15:50,  1.25s/it]
Permutations:  24%|██▍       | 241/1000 [04:57<15:52,  1.25s/it]
Permutations:  24%|██▍       | 242/1000 [04:59<15:49,  1.25s/it]
Permutations:  24%|██▍       | 243/1000 [05:00<15:47,  1.25s/it]
Permutations:  24%|██▍       | 244/1000 [05:01<15:46,  1.25s/it]
Permutations:  24%|██▍       | 245/1000 [05:02<15:43,  1.25s/it]
Permutations:  25%|██▍       | 246/1000 [05:04<15:40,  1.25s/it]
Permutations:  25%|██▍       | 247/1000 [05:05<15:38,  1.25s/it]
Permutations:  25%|██▍       | 248/1000 [05:06<15:38,  1.25s/it]
Permutations:  25%|██▍       | 249/1000 [05:07<15:39,  1.25s/it]
Permutations:  25%|██▌       | 250/1000 [05:09<15:37,  1.25s/it]
Permutations:  25%|██▌       | 251/1000 [05:10<15:36,  1.25s/it]
Permutations:  25%|██▌       | 252/1000 [05:11<15:24,  1.24s/it]
Permutations:  25%|██▌       | 253/1000 [05:12<15:06,  1.21s/it]
Permutations:  25%|██▌       | 254/1000 [05:13<15:03,  1.21s/it]
Permutations:  26%|██▌       | 255/1000 [05:15<14:50,  1.20s/it]
Permutations:  26%|██▌       | 256/1000 [05:16<14:42,  1.19s/it]
Permutations:  26%|██▌       | 257/1000 [05:17<14:34,  1.18s/it]
Permutations:  26%|██▌       | 258/1000 [05:18<14:35,  1.18s/it]
Permutations:  26%|██▌       | 259/1000 [05:19<14:28,  1.17s/it]
Permutations:  26%|██▌       | 260/1000 [05:20<14:24,  1.17s/it]
Permutations:  26%|██▌       | 261/1000 [05:22<14:23,  1.17s/it]
Permutations:  26%|██▌       | 262/1000 [05:23<14:19,  1.17s/it]
Permutations:  26%|██▋       | 263/1000 [05:24<14:16,  1.16s/it]
Permutations:  26%|██▋       | 264/1000 [05:25<14:14,  1.16s/it]
Permutations:  26%|██▋       | 265/1000 [05:26<14:14,  1.16s/it]
Permutations:  27%|██▋       | 266/1000 [05:27<14:17,  1.17s/it]
Permutations:  27%|██▋       | 267/1000 [05:28<14:15,  1.17s/it]
Permutations:  27%|██▋       | 268/1000 [05:30<14:12,  1.16s/it]
Permutations:  27%|██▋       | 269/1000 [05:31<14:09,  1.16s/it]
Permutations:  27%|██▋       | 270/1000 [05:32<14:09,  1.16s/it]
Permutations:  27%|██▋       | 271/1000 [05:33<14:06,  1.16s/it]
Permutations:  27%|██▋       | 272/1000 [05:34<14:03,  1.16s/it]
Permutations:  27%|██▋       | 273/1000 [05:35<14:01,  1.16s/it]
Permutations:  27%|██▋       | 274/1000 [05:37<14:07,  1.17s/it]
Permutations:  28%|██▊       | 275/1000 [05:38<14:10,  1.17s/it]
Permutations:  28%|██▊       | 276/1000 [05:39<14:11,  1.18s/it]
Permutations:  28%|██▊       | 277/1000 [05:40<14:11,  1.18s/it]
Permutations:  28%|██▊       | 278/1000 [05:41<14:13,  1.18s/it]
Permutations:  28%|██▊       | 279/1000 [05:43<14:11,  1.18s/it]
Permutations:  28%|██▊       | 280/1000 [05:44<14:10,  1.18s/it]
Permutations:  28%|██▊       | 281/1000 [05:45<14:09,  1.18s/it]
Permutations:  28%|██▊       | 282/1000 [05:46<14:18,  1.20s/it]
Permutations:  28%|██▊       | 283/1000 [05:47<14:17,  1.20s/it]
Permutations:  28%|██▊       | 284/1000 [05:49<14:13,  1.19s/it]
Permutations:  28%|██▊       | 285/1000 [05:50<14:10,  1.19s/it]
Permutations:  29%|██▊       | 286/1000 [05:51<14:05,  1.18s/it]
Permutations:  29%|██▊       | 287/1000 [05:52<14:01,  1.18s/it]
Permutations:  29%|██▉       | 288/1000 [05:53<13:55,  1.17s/it]
Permutations:  29%|██▉       | 289/1000 [05:54<13:51,  1.17s/it]
Permutations:  29%|██▉       | 290/1000 [05:56<13:47,  1.17s/it]
Permutations:  29%|██▉       | 291/1000 [05:57<13:45,  1.16s/it]
Permutations:  29%|██▉       | 292/1000 [05:58<13:46,  1.17s/it]
Permutations:  29%|██▉       | 293/1000 [05:59<13:44,  1.17s/it]
Permutations:  29%|██▉       | 294/1000 [06:00<13:41,  1.16s/it]
Permutations:  30%|██▉       | 295/1000 [06:01<13:38,  1.16s/it]
Permutations:  30%|██▉       | 296/1000 [06:03<13:39,  1.16s/it]
Permutations:  30%|██▉       | 297/1000 [06:04<13:37,  1.16s/it]
Permutations:  30%|██▉       | 298/1000 [06:05<13:37,  1.16s/it]
Permutations:  30%|██▉       | 299/1000 [06:06<13:37,  1.17s/it]
Permutations:  30%|███       | 300/1000 [06:07<13:39,  1.17s/it]
Permutations:  30%|███       | 301/1000 [06:08<13:36,  1.17s/it]
Permutations:  30%|███       | 302/1000 [06:10<13:34,  1.17s/it]
Permutations:  30%|███       | 303/1000 [06:11<13:32,  1.17s/it]
Permutations:  30%|███       | 304/1000 [06:12<13:31,  1.17s/it]
Permutations:  30%|███       | 305/1000 [06:13<13:30,  1.17s/it]
Permutations:  31%|███       | 306/1000 [06:14<13:29,  1.17s/it]
Permutations:  31%|███       | 307/1000 [06:15<13:27,  1.17s/it]
Permutations:  31%|███       | 308/1000 [06:16<13:25,  1.16s/it]
Permutations:  31%|███       | 309/1000 [06:18<13:29,  1.17s/it]
Permutations:  31%|███       | 310/1000 [06:19<13:36,  1.18s/it]
Permutations:  31%|███       | 311/1000 [06:20<13:32,  1.18s/it]
Permutations:  31%|███       | 312/1000 [06:21<13:28,  1.17s/it]
Permutations:  31%|███▏      | 313/1000 [06:22<13:25,  1.17s/it]
Permutations:  31%|███▏      | 314/1000 [06:24<13:21,  1.17s/it]
Permutations:  32%|███▏      | 315/1000 [06:25<13:19,  1.17s/it]
Permutations:  32%|███▏      | 316/1000 [06:26<13:18,  1.17s/it]
Permutations:  32%|███▏      | 317/1000 [06:27<13:21,  1.17s/it]
Permutations:  32%|███▏      | 318/1000 [06:28<13:21,  1.17s/it]
Permutations:  32%|███▏      | 319/1000 [06:29<13:17,  1.17s/it]
Permutations:  32%|███▏      | 320/1000 [06:31<13:14,  1.17s/it]
Permutations:  32%|███▏      | 321/1000 [06:32<13:12,  1.17s/it]
Permutations:  32%|███▏      | 322/1000 [06:33<13:12,  1.17s/it]
Permutations:  32%|███▏      | 323/1000 [06:34<13:11,  1.17s/it]
Permutations:  32%|███▏      | 324/1000 [06:35<13:09,  1.17s/it]
Permutations:  32%|███▎      | 325/1000 [06:36<13:06,  1.17s/it]
Permutations:  33%|███▎      | 326/1000 [06:38<13:12,  1.18s/it]
Permutations:  33%|███▎      | 327/1000 [06:39<13:08,  1.17s/it]
Permutations:  33%|███▎      | 328/1000 [06:40<13:07,  1.17s/it]
Permutations:  33%|███▎      | 329/1000 [06:41<13:02,  1.17s/it]
Permutations:  33%|███▎      | 330/1000 [06:42<13:00,  1.17s/it]
Permutations:  33%|███▎      | 331/1000 [06:43<13:00,  1.17s/it]
Permutations:  33%|███▎      | 332/1000 [06:45<12:59,  1.17s/it]
Permutations:  33%|███▎      | 333/1000 [06:46<12:56,  1.16s/it]
Permutations:  33%|███▎      | 334/1000 [06:47<12:54,  1.16s/it]
Permutations:  34%|███▎      | 335/1000 [06:48<12:59,  1.17s/it]
Permutations:  34%|███▎      | 336/1000 [06:49<12:54,  1.17s/it]
Permutations:  34%|███▎      | 337/1000 [06:50<12:52,  1.16s/it]
Permutations:  34%|███▍      | 338/1000 [06:52<12:59,  1.18s/it]
Permutations:  34%|███▍      | 339/1000 [06:53<12:53,  1.17s/it]
Permutations:  34%|███▍      | 340/1000 [06:54<12:53,  1.17s/it]
Permutations:  34%|███▍      | 341/1000 [06:55<12:49,  1.17s/it]
Permutations:  34%|███▍      | 342/1000 [06:56<12:46,  1.16s/it]
Permutations:  34%|███▍      | 343/1000 [06:57<12:49,  1.17s/it]
Permutations:  34%|███▍      | 344/1000 [06:59<12:45,  1.17s/it]
Permutations:  34%|███▍      | 345/1000 [07:00<12:41,  1.16s/it]
Permutations:  35%|███▍      | 346/1000 [07:01<12:37,  1.16s/it]
Permutations:  35%|███▍      | 347/1000 [07:02<12:35,  1.16s/it]
Permutations:  35%|███▍      | 348/1000 [07:03<12:35,  1.16s/it]
Permutations:  35%|███▍      | 349/1000 [07:04<12:33,  1.16s/it]
Permutations:  35%|███▌      | 350/1000 [07:06<12:32,  1.16s/it]
Permutations:  35%|███▌      | 351/1000 [07:07<12:31,  1.16s/it]
Permutations:  35%|███▌      | 352/1000 [07:08<12:34,  1.16s/it]
Permutations:  35%|███▌      | 353/1000 [07:09<12:36,  1.17s/it]
Permutations:  35%|███▌      | 354/1000 [07:10<12:32,  1.17s/it]
Permutations:  36%|███▌      | 355/1000 [07:11<12:30,  1.16s/it]
Permutations:  36%|███▌      | 356/1000 [07:13<12:27,  1.16s/it]
Permutations:  36%|███▌      | 357/1000 [07:14<12:27,  1.16s/it]
Permutations:  36%|███▌      | 358/1000 [07:15<12:25,  1.16s/it]
Permutations:  36%|███▌      | 359/1000 [07:16<12:25,  1.16s/it]
Permutations:  36%|███▌      | 360/1000 [07:17<12:23,  1.16s/it]
Permutations:  36%|███▌      | 361/1000 [07:18<12:31,  1.18s/it]
Permutations:  36%|███▌      | 362/1000 [07:20<12:53,  1.21s/it]
Permutations:  36%|███▋      | 363/1000 [07:21<13:03,  1.23s/it]
Permutations:  36%|███▋      | 364/1000 [07:22<13:03,  1.23s/it]
Permutations:  36%|███▋      | 365/1000 [07:23<12:54,  1.22s/it]
Permutations:  37%|███▋      | 366/1000 [07:25<12:42,  1.20s/it]
Permutations:  37%|███▋      | 367/1000 [07:26<12:32,  1.19s/it]
Permutations:  37%|███▋      | 368/1000 [07:27<12:26,  1.18s/it]
Permutations:  37%|███▋      | 369/1000 [07:28<12:31,  1.19s/it]
Permutations:  37%|███▋      | 370/1000 [07:29<12:29,  1.19s/it]
Permutations:  37%|███▋      | 371/1000 [07:30<12:21,  1.18s/it]
Permutations:  37%|███▋      | 372/1000 [07:32<12:15,  1.17s/it]
Permutations:  37%|███▋      | 373/1000 [07:33<12:10,  1.16s/it]
Permutations:  37%|███▋      | 374/1000 [07:34<12:08,  1.16s/it]
Permutations:  38%|███▊      | 375/1000 [07:35<12:04,  1.16s/it]
Permutations:  38%|███▊      | 376/1000 [07:36<12:01,  1.16s/it]
Permutations:  38%|███▊      | 377/1000 [07:37<11:59,  1.16s/it]
Permutations:  38%|███▊      | 378/1000 [07:39<11:58,  1.16s/it]
Permutations:  38%|███▊      | 379/1000 [07:40<12:11,  1.18s/it]
Permutations:  38%|███▊      | 380/1000 [07:41<12:09,  1.18s/it]
Permutations:  38%|███▊      | 381/1000 [07:42<12:08,  1.18s/it]
Permutations:  38%|███▊      | 382/1000 [07:43<12:01,  1.17s/it]
Permutations:  38%|███▊      | 383/1000 [07:44<11:58,  1.16s/it]
Permutations:  38%|███▊      | 384/1000 [07:46<11:54,  1.16s/it]
Permutations:  38%|███▊      | 385/1000 [07:47<11:50,  1.16s/it]
Permutations:  39%|███▊      | 386/1000 [07:48<11:48,  1.15s/it]
Permutations:  39%|███▊      | 387/1000 [07:49<11:45,  1.15s/it]
Permutations:  39%|███▉      | 388/1000 [07:50<11:46,  1.15s/it]
Permutations:  39%|███▉      | 389/1000 [07:51<11:44,  1.15s/it]
Permutations:  39%|███▉      | 390/1000 [07:52<11:42,  1.15s/it]
Permutations:  39%|███▉      | 391/1000 [07:54<11:41,  1.15s/it]
Permutations:  39%|███▉      | 392/1000 [07:55<11:42,  1.16s/it]
Permutations:  39%|███▉      | 393/1000 [07:56<11:46,  1.16s/it]
Permutations:  39%|███▉      | 394/1000 [07:57<11:54,  1.18s/it]
Permutations:  40%|███▉      | 395/1000 [07:58<11:49,  1.17s/it]
Permutations:  40%|███▉      | 396/1000 [07:59<11:46,  1.17s/it]
Permutations:  40%|███▉      | 397/1000 [08:01<11:41,  1.16s/it]
Permutations:  40%|███▉      | 398/1000 [08:02<11:37,  1.16s/it]
Permutations:  40%|███▉      | 399/1000 [08:03<11:34,  1.16s/it]
Permutations:  40%|████      | 400/1000 [08:04<11:31,  1.15s/it]
Permutations:  40%|████      | 401/1000 [08:05<11:30,  1.15s/it]
Permutations:  40%|████      | 402/1000 [08:06<11:28,  1.15s/it]
Permutations:  40%|████      | 403/1000 [08:08<11:28,  1.15s/it]
Permutations:  40%|████      | 404/1000 [08:09<11:26,  1.15s/it]
Permutations:  40%|████      | 405/1000 [08:10<11:25,  1.15s/it]
Permutations:  41%|████      | 406/1000 [08:11<11:24,  1.15s/it]
Permutations:  41%|████      | 407/1000 [08:12<11:22,  1.15s/it]
Permutations:  41%|████      | 408/1000 [08:13<11:25,  1.16s/it]
Permutations:  41%|████      | 409/1000 [08:14<11:28,  1.16s/it]
Permutations:  41%|████      | 410/1000 [08:16<11:30,  1.17s/it]
Permutations:  41%|████      | 411/1000 [08:17<11:27,  1.17s/it]
Permutations:  41%|████      | 412/1000 [08:18<11:25,  1.17s/it]
Permutations:  41%|████▏     | 413/1000 [08:19<11:29,  1.17s/it]
Permutations:  41%|████▏     | 414/1000 [08:20<11:25,  1.17s/it]
Permutations:  42%|████▏     | 415/1000 [08:21<11:21,  1.16s/it]
Permutations:  42%|████▏     | 416/1000 [08:23<11:19,  1.16s/it]
Permutations:  42%|████▏     | 417/1000 [08:24<12:06,  1.25s/it]
Permutations:  42%|████▏     | 418/1000 [08:25<12:04,  1.24s/it]
Permutations:  42%|████▏     | 419/1000 [08:26<11:48,  1.22s/it]
Permutations:  42%|████▏     | 420/1000 [08:28<11:48,  1.22s/it]
Permutations:  42%|████▏     | 421/1000 [08:29<12:11,  1.26s/it]
Permutations:  42%|████▏     | 422/1000 [08:30<11:56,  1.24s/it]
Permutations:  42%|████▏     | 423/1000 [08:32<12:07,  1.26s/it]
Permutations:  42%|████▏     | 424/1000 [08:33<11:47,  1.23s/it]
Permutations:  42%|████▎     | 425/1000 [08:34<11:49,  1.23s/it]
Permutations:  43%|████▎     | 426/1000 [08:35<11:42,  1.22s/it]
Permutations:  43%|████▎     | 427/1000 [08:36<11:30,  1.20s/it]
Permutations:  43%|████▎     | 428/1000 [08:38<11:33,  1.21s/it]
Permutations:  43%|████▎     | 429/1000 [08:39<11:49,  1.24s/it]
Permutations:  43%|████▎     | 430/1000 [08:40<11:54,  1.25s/it]
Permutations:  43%|████▎     | 431/1000 [08:41<11:42,  1.24s/it]
Permutations:  43%|████▎     | 432/1000 [08:43<11:30,  1.22s/it]
Permutations:  43%|████▎     | 433/1000 [08:44<11:18,  1.20s/it]
Permutations:  43%|████▎     | 434/1000 [08:45<11:09,  1.18s/it]
Permutations:  44%|████▎     | 435/1000 [08:46<11:06,  1.18s/it]
Permutations:  44%|████▎     | 436/1000 [08:47<10:59,  1.17s/it]
Permutations:  44%|████▎     | 437/1000 [08:48<10:54,  1.16s/it]
Permutations:  44%|████▍     | 438/1000 [08:49<10:50,  1.16s/it]
Permutations:  44%|████▍     | 439/1000 [08:51<10:50,  1.16s/it]
Permutations:  44%|████▍     | 440/1000 [08:52<10:47,  1.16s/it]
Permutations:  44%|████▍     | 441/1000 [08:53<10:45,  1.15s/it]
Permutations:  44%|████▍     | 442/1000 [08:54<10:43,  1.15s/it]
Permutations:  44%|████▍     | 443/1000 [08:55<10:41,  1.15s/it]
Permutations:  44%|████▍     | 444/1000 [08:56<10:41,  1.15s/it]
Permutations:  44%|████▍     | 445/1000 [08:57<10:39,  1.15s/it]
Permutations:  45%|████▍     | 446/1000 [08:59<10:37,  1.15s/it]
Permutations:  45%|████▍     | 447/1000 [09:00<10:36,  1.15s/it]
Permutations:  45%|████▍     | 448/1000 [09:01<10:36,  1.15s/it]
Permutations:  45%|████▍     | 449/1000 [09:02<10:44,  1.17s/it]
Permutations:  45%|████▌     | 450/1000 [09:03<10:40,  1.16s/it]
Permutations:  45%|████▌     | 451/1000 [09:04<10:36,  1.16s/it]
Permutations:  45%|████▌     | 452/1000 [09:06<10:33,  1.16s/it]
Permutations:  45%|████▌     | 453/1000 [09:07<10:33,  1.16s/it]
Permutations:  45%|████▌     | 454/1000 [09:08<10:31,  1.16s/it]
Permutations:  46%|████▌     | 455/1000 [09:09<10:29,  1.15s/it]
Permutations:  46%|████▌     | 456/1000 [09:10<10:27,  1.15s/it]
Permutations:  46%|████▌     | 457/1000 [09:11<10:27,  1.16s/it]
Permutations:  46%|████▌     | 458/1000 [09:13<10:26,  1.16s/it]
Permutations:  46%|████▌     | 459/1000 [09:14<10:24,  1.16s/it]
Permutations:  46%|████▌     | 460/1000 [09:15<10:24,  1.16s/it]
Permutations:  46%|████▌     | 461/1000 [09:16<10:22,  1.16s/it]
Permutations:  46%|████▌     | 462/1000 [09:17<10:22,  1.16s/it]
Permutations:  46%|████▋     | 463/1000 [09:18<10:20,  1.16s/it]
Permutations:  46%|████▋     | 464/1000 [09:19<10:19,  1.15s/it]
Permutations:  46%|████▋     | 465/1000 [09:21<10:17,  1.15s/it]
Permutations:  47%|████▋     | 466/1000 [09:22<10:17,  1.16s/it]
Permutations:  47%|████▋     | 467/1000 [09:23<10:16,  1.16s/it]
Permutations:  47%|████▋     | 468/1000 [09:24<10:14,  1.16s/it]
Permutations:  47%|████▋     | 469/1000 [09:25<10:13,  1.16s/it]
Permutations:  47%|████▋     | 470/1000 [09:26<10:12,  1.16s/it]
Permutations:  47%|████▋     | 471/1000 [09:28<10:11,  1.16s/it]
Permutations:  47%|████▋     | 472/1000 [09:29<10:10,  1.16s/it]
Permutations:  47%|████▋     | 473/1000 [09:30<10:09,  1.16s/it]
Permutations:  47%|████▋     | 474/1000 [09:31<10:08,  1.16s/it]
Permutations:  48%|████▊     | 475/1000 [09:32<10:09,  1.16s/it]
Permutations:  48%|████▊     | 476/1000 [09:33<10:07,  1.16s/it]
Permutations:  48%|████▊     | 477/1000 [09:35<10:13,  1.17s/it]
Permutations:  48%|████▊     | 478/1000 [09:36<10:09,  1.17s/it]
Permutations:  48%|████▊     | 479/1000 [09:37<10:09,  1.17s/it]
Permutations:  48%|████▊     | 480/1000 [09:38<10:06,  1.17s/it]
Permutations:  48%|████▊     | 481/1000 [09:39<10:03,  1.16s/it]
Permutations:  48%|████▊     | 482/1000 [09:40<10:01,  1.16s/it]
Permutations:  48%|████▊     | 483/1000 [09:42<09:59,  1.16s/it]
Permutations:  48%|████▊     | 484/1000 [09:43<09:59,  1.16s/it]
Permutations:  48%|████▊     | 485/1000 [09:44<09:57,  1.16s/it]
Permutations:  49%|████▊     | 486/1000 [09:45<09:56,  1.16s/it]
Permutations:  49%|████▊     | 487/1000 [09:46<09:54,  1.16s/it]
Permutations:  49%|████▉     | 488/1000 [09:47<09:54,  1.16s/it]
Permutations:  49%|████▉     | 489/1000 [09:48<09:53,  1.16s/it]
Permutations:  49%|████▉     | 490/1000 [09:50<09:51,  1.16s/it]
Permutations:  49%|████▉     | 491/1000 [09:51<09:50,  1.16s/it]
Permutations:  49%|████▉     | 492/1000 [09:52<09:50,  1.16s/it]
Permutations:  49%|████▉     | 493/1000 [09:53<09:50,  1.16s/it]
Permutations:  49%|████▉     | 494/1000 [09:54<09:48,  1.16s/it]
Permutations:  50%|████▉     | 495/1000 [09:55<09:47,  1.16s/it]
Permutations:  50%|████▉     | 496/1000 [09:57<09:46,  1.16s/it]
Permutations:  50%|████▉     | 497/1000 [09:58<09:45,  1.16s/it]
Permutations:  50%|████▉     | 498/1000 [09:59<09:45,  1.17s/it]
Permutations:  50%|████▉     | 499/1000 [10:00<09:45,  1.17s/it]
Permutations:  50%|█████     | 500/1000 [10:01<09:43,  1.17s/it]
Permutations:  50%|█████     | 501/1000 [10:02<09:43,  1.17s/it]
Permutations:  50%|█████     | 502/1000 [10:04<09:41,  1.17s/it]
Permutations:  50%|█████     | 503/1000 [10:05<09:39,  1.17s/it]
Permutations:  50%|█████     | 504/1000 [10:06<09:37,  1.16s/it]
Permutations:  50%|█████     | 505/1000 [10:07<09:36,  1.16s/it]
Permutations:  51%|█████     | 506/1000 [10:08<09:40,  1.18s/it]
Permutations:  51%|█████     | 507/1000 [10:09<09:37,  1.17s/it]
Permutations:  51%|█████     | 508/1000 [10:11<09:34,  1.17s/it]
Permutations:  51%|█████     | 509/1000 [10:12<09:31,  1.16s/it]
Permutations:  51%|█████     | 510/1000 [10:13<09:29,  1.16s/it]
Permutations:  51%|█████     | 511/1000 [10:14<09:28,  1.16s/it]
Permutations:  51%|█████     | 512/1000 [10:15<09:26,  1.16s/it]
Permutations:  51%|█████▏    | 513/1000 [10:16<09:24,  1.16s/it]
Permutations:  51%|█████▏    | 514/1000 [10:18<09:24,  1.16s/it]
Permutations:  52%|█████▏    | 515/1000 [10:19<09:23,  1.16s/it]
Permutations:  52%|█████▏    | 516/1000 [10:20<09:21,  1.16s/it]
Permutations:  52%|█████▏    | 517/1000 [10:21<09:20,  1.16s/it]
Permutations:  52%|█████▏    | 518/1000 [10:22<09:18,  1.16s/it]
Permutations:  52%|█████▏    | 519/1000 [10:23<09:18,  1.16s/it]
Permutations:  52%|█████▏    | 520/1000 [10:25<09:17,  1.16s/it]
Permutations:  52%|█████▏    | 521/1000 [10:26<09:16,  1.16s/it]
Permutations:  52%|█████▏    | 522/1000 [10:27<09:15,  1.16s/it]
Permutations:  52%|█████▏    | 523/1000 [10:28<09:15,  1.16s/it]
Permutations:  52%|█████▏    | 524/1000 [10:29<09:13,  1.16s/it]
Permutations:  52%|█████▎    | 525/1000 [10:30<09:11,  1.16s/it]
Permutations:  53%|█████▎    | 526/1000 [10:32<09:10,  1.16s/it]
Permutations:  53%|█████▎    | 527/1000 [10:33<09:09,  1.16s/it]
Permutations:  53%|█████▎    | 528/1000 [10:34<09:08,  1.16s/it]
Permutations:  53%|█████▎    | 529/1000 [10:35<09:07,  1.16s/it]
Permutations:  53%|█████▎    | 530/1000 [10:36<09:06,  1.16s/it]
Permutations:  53%|█████▎    | 531/1000 [10:37<09:04,  1.16s/it]
Permutations:  53%|█████▎    | 532/1000 [10:39<09:04,  1.16s/it]
Permutations:  53%|█████▎    | 533/1000 [10:40<09:05,  1.17s/it]
Permutations:  53%|█████▎    | 534/1000 [10:41<09:09,  1.18s/it]
Permutations:  54%|█████▎    | 535/1000 [10:42<09:05,  1.17s/it]
Permutations:  54%|█████▎    | 536/1000 [10:43<09:03,  1.17s/it]
Permutations:  54%|█████▎    | 537/1000 [10:44<09:05,  1.18s/it]
Permutations:  54%|█████▍    | 538/1000 [10:46<09:05,  1.18s/it]
Permutations:  54%|█████▍    | 539/1000 [10:47<09:05,  1.18s/it]
Permutations:  54%|█████▍    | 540/1000 [10:48<09:04,  1.18s/it]
Permutations:  54%|█████▍    | 541/1000 [10:49<09:04,  1.19s/it]
Permutations:  54%|█████▍    | 542/1000 [10:50<09:00,  1.18s/it]
Permutations:  54%|█████▍    | 543/1000 [10:52<08:55,  1.17s/it]
Permutations:  54%|█████▍    | 544/1000 [10:53<08:52,  1.17s/it]
Permutations:  55%|█████▍    | 545/1000 [10:54<08:50,  1.17s/it]
Permutations:  55%|█████▍    | 546/1000 [10:55<08:48,  1.16s/it]
Permutations:  55%|█████▍    | 547/1000 [10:56<08:45,  1.16s/it]
Permutations:  55%|█████▍    | 548/1000 [10:57<08:43,  1.16s/it]
Permutations:  55%|█████▍    | 549/1000 [10:58<08:42,  1.16s/it]
Permutations:  55%|█████▌    | 550/1000 [11:00<08:42,  1.16s/it]
Permutations:  55%|█████▌    | 551/1000 [11:01<08:40,  1.16s/it]
Permutations:  55%|█████▌    | 552/1000 [11:02<08:39,  1.16s/it]
Permutations:  55%|█████▌    | 553/1000 [11:03<08:38,  1.16s/it]
Permutations:  55%|█████▌    | 554/1000 [11:04<08:39,  1.16s/it]
Permutations:  56%|█████▌    | 555/1000 [11:05<08:37,  1.16s/it]
Permutations:  56%|█████▌    | 556/1000 [11:07<08:35,  1.16s/it]
Permutations:  56%|█████▌    | 557/1000 [11:08<08:33,  1.16s/it]
Permutations:  56%|█████▌    | 558/1000 [11:09<08:33,  1.16s/it]
Permutations:  56%|█████▌    | 559/1000 [11:10<08:31,  1.16s/it]
Permutations:  56%|█████▌    | 560/1000 [11:11<08:29,  1.16s/it]
Permutations:  56%|█████▌    | 561/1000 [11:12<08:27,  1.16s/it]
Permutations:  56%|█████▌    | 562/1000 [11:14<08:32,  1.17s/it]
Permutations:  56%|█████▋    | 563/1000 [11:15<08:29,  1.17s/it]
Permutations:  56%|█████▋    | 564/1000 [11:16<08:26,  1.16s/it]
Permutations:  56%|█████▋    | 565/1000 [11:17<08:24,  1.16s/it]
Permutations:  57%|█████▋    | 566/1000 [11:18<08:22,  1.16s/it]
Permutations:  57%|█████▋    | 567/1000 [11:19<08:21,  1.16s/it]
Permutations:  57%|█████▋    | 568/1000 [11:20<08:19,  1.16s/it]
Permutations:  57%|█████▋    | 569/1000 [11:22<08:17,  1.15s/it]
Permutations:  57%|█████▋    | 570/1000 [11:23<08:16,  1.15s/it]
Permutations:  57%|█████▋    | 571/1000 [11:24<08:14,  1.15s/it]
Permutations:  57%|█████▋    | 572/1000 [11:25<08:14,  1.16s/it]
Permutations:  57%|█████▋    | 573/1000 [11:26<08:13,  1.16s/it]
Permutations:  57%|█████▋    | 574/1000 [11:27<08:11,  1.15s/it]
Permutations:  57%|█████▊    | 575/1000 [11:29<08:10,  1.15s/it]
Permutations:  58%|█████▊    | 576/1000 [11:30<08:10,  1.16s/it]
Permutations:  58%|█████▊    | 577/1000 [11:31<08:09,  1.16s/it]
Permutations:  58%|█████▊    | 578/1000 [11:32<08:07,  1.16s/it]
Permutations:  58%|█████▊    | 579/1000 [11:33<08:06,  1.15s/it]
Permutations:  58%|█████▊    | 580/1000 [11:34<08:04,  1.15s/it]
Permutations:  58%|█████▊    | 581/1000 [11:36<08:05,  1.16s/it]
Permutations:  58%|█████▊    | 582/1000 [11:37<08:03,  1.16s/it]
Permutations:  58%|█████▊    | 583/1000 [11:38<08:01,  1.16s/it]
Permutations:  58%|█████▊    | 584/1000 [11:39<08:00,  1.16s/it]
Permutations:  58%|█████▊    | 585/1000 [11:40<08:00,  1.16s/it]
Permutations:  59%|█████▊    | 586/1000 [11:41<07:58,  1.16s/it]
Permutations:  59%|█████▊    | 587/1000 [11:42<07:56,  1.15s/it]
Permutations:  59%|█████▉    | 588/1000 [11:44<07:55,  1.15s/it]
Permutations:  59%|█████▉    | 589/1000 [11:45<07:55,  1.16s/it]
Permutations:  59%|█████▉    | 590/1000 [11:46<07:59,  1.17s/it]
Permutations:  59%|█████▉    | 591/1000 [11:47<07:56,  1.16s/it]
Permutations:  59%|█████▉    | 592/1000 [11:48<07:53,  1.16s/it]
Permutations:  59%|█████▉    | 593/1000 [11:49<07:51,  1.16s/it]
Permutations:  59%|█████▉    | 594/1000 [11:51<07:50,  1.16s/it]
Permutations:  60%|█████▉    | 595/1000 [11:52<07:48,  1.16s/it]
Permutations:  60%|█████▉    | 596/1000 [11:53<07:46,  1.16s/it]
Permutations:  60%|█████▉    | 597/1000 [11:54<07:45,  1.15s/it]
Permutations:  60%|█████▉    | 598/1000 [11:55<07:44,  1.16s/it]
Permutations:  60%|█████▉    | 599/1000 [11:56<07:42,  1.15s/it]
Permutations:  60%|██████    | 600/1000 [11:57<07:41,  1.15s/it]
Permutations:  60%|██████    | 601/1000 [11:59<07:40,  1.15s/it]
Permutations:  60%|██████    | 602/1000 [12:00<07:39,  1.15s/it]
Permutations:  60%|██████    | 603/1000 [12:01<07:38,  1.16s/it]
Permutations:  60%|██████    | 604/1000 [12:02<07:37,  1.16s/it]
Permutations:  60%|██████    | 605/1000 [12:03<07:36,  1.16s/it]
Permutations:  61%|██████    | 606/1000 [12:04<07:35,  1.16s/it]
Permutations:  61%|██████    | 607/1000 [12:06<07:34,  1.16s/it]
Permutations:  61%|██████    | 608/1000 [12:07<07:33,  1.16s/it]
Permutations:  61%|██████    | 609/1000 [12:08<07:32,  1.16s/it]
Permutations:  61%|██████    | 610/1000 [12:09<07:30,  1.16s/it]
Permutations:  61%|██████    | 611/1000 [12:10<07:29,  1.16s/it]
Permutations:  61%|██████    | 612/1000 [12:11<07:28,  1.16s/it]
Permutations:  61%|██████▏   | 613/1000 [12:13<07:27,  1.16s/it]
Permutations:  61%|██████▏   | 614/1000 [12:14<07:26,  1.16s/it]
Permutations:  62%|██████▏   | 615/1000 [12:15<07:25,  1.16s/it]
Permutations:  62%|██████▏   | 616/1000 [12:16<07:24,  1.16s/it]
Permutations:  62%|██████▏   | 617/1000 [12:17<07:22,  1.16s/it]
Permutations:  62%|██████▏   | 618/1000 [12:18<07:27,  1.17s/it]
Permutations:  62%|██████▏   | 619/1000 [12:20<07:24,  1.17s/it]
Permutations:  62%|██████▏   | 620/1000 [12:21<07:22,  1.16s/it]
Permutations:  62%|██████▏   | 621/1000 [12:22<07:20,  1.16s/it]
Permutations:  62%|██████▏   | 622/1000 [12:23<07:18,  1.16s/it]
Permutations:  62%|██████▏   | 623/1000 [12:24<07:16,  1.16s/it]
Permutations:  62%|██████▏   | 624/1000 [12:25<07:14,  1.16s/it]
Permutations:  62%|██████▎   | 625/1000 [12:26<07:14,  1.16s/it]
Permutations:  63%|██████▎   | 626/1000 [12:28<07:12,  1.16s/it]
Permutations:  63%|██████▎   | 627/1000 [12:29<07:10,  1.15s/it]
Permutations:  63%|██████▎   | 628/1000 [12:30<07:08,  1.15s/it]
Permutations:  63%|██████▎   | 629/1000 [12:31<07:08,  1.15s/it]
Permutations:  63%|██████▎   | 630/1000 [12:32<07:06,  1.15s/it]
Permutations:  63%|██████▎   | 631/1000 [12:33<07:05,  1.15s/it]
Permutations:  63%|██████▎   | 632/1000 [12:35<07:04,  1.15s/it]
Permutations:  63%|██████▎   | 633/1000 [12:36<07:02,  1.15s/it]
Permutations:  63%|██████▎   | 634/1000 [12:37<07:02,  1.15s/it]
Permutations:  64%|██████▎   | 635/1000 [12:38<07:01,  1.15s/it]
Permutations:  64%|██████▎   | 636/1000 [12:39<07:00,  1.15s/it]
Permutations:  64%|██████▎   | 637/1000 [12:40<06:58,  1.15s/it]
Permutations:  64%|██████▍   | 638/1000 [12:41<06:58,  1.16s/it]
Permutations:  64%|██████▍   | 639/1000 [12:43<06:56,  1.15s/it]
Permutations:  64%|██████▍   | 640/1000 [12:44<06:55,  1.15s/it]
Permutations:  64%|██████▍   | 641/1000 [12:45<06:53,  1.15s/it]
Permutations:  64%|██████▍   | 642/1000 [12:46<06:52,  1.15s/it]
Permutations:  64%|██████▍   | 643/1000 [12:47<06:52,  1.15s/it]
Permutations:  64%|██████▍   | 644/1000 [12:48<06:50,  1.15s/it]
Permutations:  64%|██████▍   | 645/1000 [12:50<06:49,  1.15s/it]
Permutations:  65%|██████▍   | 646/1000 [12:51<06:48,  1.15s/it]
Permutations:  65%|██████▍   | 647/1000 [12:52<06:53,  1.17s/it]
Permutations:  65%|██████▍   | 648/1000 [12:53<06:50,  1.16s/it]
Permutations:  65%|██████▍   | 649/1000 [12:54<06:47,  1.16s/it]
Permutations:  65%|██████▌   | 650/1000 [12:55<06:45,  1.16s/it]
Permutations:  65%|██████▌   | 651/1000 [12:56<06:43,  1.16s/it]
Permutations:  65%|██████▌   | 652/1000 [12:58<06:42,  1.16s/it]
Permutations:  65%|██████▌   | 653/1000 [12:59<06:40,  1.15s/it]
Permutations:  65%|██████▌   | 654/1000 [13:00<06:38,  1.15s/it]
Permutations:  66%|██████▌   | 655/1000 [13:01<06:37,  1.15s/it]
Permutations:  66%|██████▌   | 656/1000 [13:02<06:37,  1.16s/it]
Permutations:  66%|██████▌   | 657/1000 [13:03<06:36,  1.15s/it]
Permutations:  66%|██████▌   | 658/1000 [13:05<06:34,  1.15s/it]
Permutations:  66%|██████▌   | 659/1000 [13:06<06:33,  1.15s/it]
Permutations:  66%|██████▌   | 660/1000 [13:07<06:33,  1.16s/it]
Permutations:  66%|██████▌   | 661/1000 [13:08<06:31,  1.16s/it]
Permutations:  66%|██████▌   | 662/1000 [13:09<06:30,  1.15s/it]
Permutations:  66%|██████▋   | 663/1000 [13:10<06:28,  1.15s/it]
Permutations:  66%|██████▋   | 664/1000 [13:11<06:27,  1.15s/it]
Permutations:  66%|██████▋   | 665/1000 [13:13<06:27,  1.16s/it]
Permutations:  67%|██████▋   | 666/1000 [13:14<06:25,  1.15s/it]
Permutations:  67%|██████▋   | 667/1000 [13:15<06:24,  1.15s/it]
Permutations:  67%|██████▋   | 668/1000 [13:16<06:22,  1.15s/it]
Permutations:  67%|██████▋   | 669/1000 [13:17<06:22,  1.15s/it]
Permutations:  67%|██████▋   | 670/1000 [13:18<06:20,  1.15s/it]
Permutations:  67%|██████▋   | 671/1000 [13:20<06:19,  1.15s/it]
Permutations:  67%|██████▋   | 672/1000 [13:21<06:18,  1.15s/it]
Permutations:  67%|██████▋   | 673/1000 [13:22<06:17,  1.15s/it]
Permutations:  67%|██████▋   | 674/1000 [13:23<06:16,  1.15s/it]
Permutations:  68%|██████▊   | 675/1000 [13:24<06:19,  1.17s/it]
Permutations:  68%|██████▊   | 676/1000 [13:25<06:17,  1.16s/it]
Permutations:  68%|██████▊   | 677/1000 [13:27<06:15,  1.16s/it]
Permutations:  68%|██████▊   | 678/1000 [13:28<06:14,  1.16s/it]
Permutations:  68%|██████▊   | 679/1000 [13:29<06:12,  1.16s/it]
Permutations:  68%|██████▊   | 680/1000 [13:30<06:10,  1.16s/it]
Permutations:  68%|██████▊   | 681/1000 [13:31<06:09,  1.16s/it]
Permutations:  68%|██████▊   | 682/1000 [13:32<06:08,  1.16s/it]
Permutations:  68%|██████▊   | 683/1000 [13:33<06:07,  1.16s/it]
Permutations:  68%|██████▊   | 684/1000 [13:35<06:06,  1.16s/it]
Permutations:  68%|██████▊   | 685/1000 [13:36<06:04,  1.16s/it]
Permutations:  69%|██████▊   | 686/1000 [13:37<06:03,  1.16s/it]
Permutations:  69%|██████▊   | 687/1000 [13:38<06:02,  1.16s/it]
Permutations:  69%|██████▉   | 688/1000 [13:39<06:01,  1.16s/it]
Permutations:  69%|██████▉   | 689/1000 [13:40<05:59,  1.16s/it]
Permutations:  69%|██████▉   | 690/1000 [13:42<05:58,  1.16s/it]
Permutations:  69%|██████▉   | 691/1000 [13:43<05:57,  1.16s/it]
Permutations:  69%|██████▉   | 692/1000 [13:44<05:55,  1.15s/it]
Permutations:  69%|██████▉   | 693/1000 [13:45<05:53,  1.15s/it]
Permutations:  69%|██████▉   | 694/1000 [13:46<05:52,  1.15s/it]
Permutations:  70%|██████▉   | 695/1000 [13:47<05:51,  1.15s/it]
Permutations:  70%|██████▉   | 696/1000 [13:49<05:51,  1.16s/it]
Permutations:  70%|██████▉   | 697/1000 [13:50<05:49,  1.15s/it]
Permutations:  70%|██████▉   | 698/1000 [13:51<05:48,  1.15s/it]
Permutations:  70%|██████▉   | 699/1000 [13:52<05:47,  1.15s/it]
Permutations:  70%|███████   | 700/1000 [13:53<05:47,  1.16s/it]
Permutations:  70%|███████   | 701/1000 [13:54<05:45,  1.16s/it]
Permutations:  70%|███████   | 702/1000 [13:55<05:44,  1.15s/it]
Permutations:  70%|███████   | 703/1000 [13:57<05:46,  1.17s/it]
Permutations:  70%|███████   | 704/1000 [13:58<05:45,  1.17s/it]
Permutations:  70%|███████   | 705/1000 [13:59<05:42,  1.16s/it]
Permutations:  71%|███████   | 706/1000 [14:00<05:40,  1.16s/it]
Permutations:  71%|███████   | 707/1000 [14:01<05:39,  1.16s/it]
Permutations:  71%|███████   | 708/1000 [14:02<05:37,  1.16s/it]
Permutations:  71%|███████   | 709/1000 [14:04<05:36,  1.16s/it]
Permutations:  71%|███████   | 710/1000 [14:05<05:34,  1.15s/it]
Permutations:  71%|███████   | 711/1000 [14:06<05:33,  1.15s/it]
Permutations:  71%|███████   | 712/1000 [14:07<05:32,  1.15s/it]
Permutations:  71%|███████▏  | 713/1000 [14:08<05:45,  1.20s/it]
Permutations:  71%|███████▏  | 714/1000 [14:09<05:39,  1.19s/it]
Permutations:  72%|███████▏  | 715/1000 [14:11<05:35,  1.18s/it]
Permutations:  72%|███████▏  | 716/1000 [14:12<05:32,  1.17s/it]
Permutations:  72%|███████▏  | 717/1000 [14:13<05:30,  1.17s/it]
Permutations:  72%|███████▏  | 718/1000 [14:14<05:29,  1.17s/it]
Permutations:  72%|███████▏  | 719/1000 [14:15<05:27,  1.17s/it]
Permutations:  72%|███████▏  | 720/1000 [14:16<05:26,  1.16s/it]
Permutations:  72%|███████▏  | 721/1000 [14:18<05:25,  1.17s/it]
Permutations:  72%|███████▏  | 722/1000 [14:19<05:25,  1.17s/it]
Permutations:  72%|███████▏  | 723/1000 [14:20<05:22,  1.16s/it]
Permutations:  72%|███████▏  | 724/1000 [14:21<05:21,  1.16s/it]
Permutations:  72%|███████▎  | 725/1000 [14:22<05:19,  1.16s/it]
Permutations:  73%|███████▎  | 726/1000 [14:23<05:19,  1.16s/it]
Permutations:  73%|███████▎  | 727/1000 [14:25<05:17,  1.16s/it]
Permutations:  73%|███████▎  | 728/1000 [14:26<05:15,  1.16s/it]
Permutations:  73%|███████▎  | 729/1000 [14:27<05:14,  1.16s/it]
Permutations:  73%|███████▎  | 730/1000 [14:28<05:14,  1.17s/it]
Permutations:  73%|███████▎  | 731/1000 [14:29<05:13,  1.17s/it]
Permutations:  73%|███████▎  | 732/1000 [14:31<05:19,  1.19s/it]
Permutations:  73%|███████▎  | 733/1000 [14:32<05:15,  1.18s/it]
Permutations:  73%|███████▎  | 734/1000 [14:33<05:12,  1.18s/it]
Permutations:  74%|███████▎  | 735/1000 [14:34<05:11,  1.18s/it]
Permutations:  74%|███████▎  | 736/1000 [14:35<05:08,  1.17s/it]
Permutations:  74%|███████▎  | 737/1000 [14:36<05:06,  1.17s/it]
Permutations:  74%|███████▍  | 738/1000 [14:37<05:05,  1.17s/it]
Permutations:  74%|███████▍  | 739/1000 [14:39<05:04,  1.16s/it]
Permutations:  74%|███████▍  | 740/1000 [14:40<05:02,  1.17s/it]
Permutations:  74%|███████▍  | 741/1000 [14:41<05:00,  1.16s/it]
Permutations:  74%|███████▍  | 742/1000 [14:42<04:58,  1.16s/it]
Permutations:  74%|███████▍  | 743/1000 [14:43<04:57,  1.16s/it]
Permutations:  74%|███████▍  | 744/1000 [14:44<04:56,  1.16s/it]
Permutations:  74%|███████▍  | 745/1000 [14:46<04:54,  1.16s/it]
Permutations:  75%|███████▍  | 746/1000 [14:47<04:53,  1.15s/it]
Permutations:  75%|███████▍  | 747/1000 [14:48<04:52,  1.16s/it]
Permutations:  75%|███████▍  | 748/1000 [14:49<04:51,  1.16s/it]
Permutations:  75%|███████▍  | 749/1000 [14:50<04:50,  1.16s/it]
Permutations:  75%|███████▌  | 750/1000 [14:51<04:49,  1.16s/it]
Permutations:  75%|███████▌  | 751/1000 [14:53<04:47,  1.16s/it]
Permutations:  75%|███████▌  | 752/1000 [14:54<04:46,  1.16s/it]
Permutations:  75%|███████▌  | 753/1000 [14:55<04:45,  1.16s/it]
Permutations:  75%|███████▌  | 754/1000 [14:56<04:44,  1.16s/it]
Permutations:  76%|███████▌  | 755/1000 [14:57<04:44,  1.16s/it]
Permutations:  76%|███████▌  | 756/1000 [14:58<04:42,  1.16s/it]
Permutations:  76%|███████▌  | 757/1000 [14:59<04:41,  1.16s/it]
Permutations:  76%|███████▌  | 758/1000 [15:01<04:40,  1.16s/it]
Permutations:  76%|███████▌  | 759/1000 [15:02<04:39,  1.16s/it]
Permutations:  76%|███████▌  | 760/1000 [15:03<04:41,  1.17s/it]
Permutations:  76%|███████▌  | 761/1000 [15:04<04:39,  1.17s/it]
Permutations:  76%|███████▌  | 762/1000 [15:05<04:37,  1.17s/it]
Permutations:  76%|███████▋  | 763/1000 [15:06<04:35,  1.16s/it]
Permutations:  76%|███████▋  | 764/1000 [15:08<04:33,  1.16s/it]
Permutations:  76%|███████▋  | 765/1000 [15:09<04:32,  1.16s/it]
Permutations:  77%|███████▋  | 766/1000 [15:10<04:31,  1.16s/it]
Permutations:  77%|███████▋  | 767/1000 [15:11<04:30,  1.16s/it]
Permutations:  77%|███████▋  | 768/1000 [15:12<04:28,  1.16s/it]
Permutations:  77%|███████▋  | 769/1000 [15:13<04:27,  1.16s/it]
Permutations:  77%|███████▋  | 770/1000 [15:15<04:26,  1.16s/it]
Permutations:  77%|███████▋  | 771/1000 [15:16<04:25,  1.16s/it]
Permutations:  77%|███████▋  | 772/1000 [15:17<04:23,  1.16s/it]
Permutations:  77%|███████▋  | 773/1000 [15:18<04:22,  1.16s/it]
Permutations:  77%|███████▋  | 774/1000 [15:19<04:21,  1.16s/it]
Permutations:  78%|███████▊  | 775/1000 [15:20<04:20,  1.16s/it]
Permutations:  78%|███████▊  | 776/1000 [15:22<04:19,  1.16s/it]
Permutations:  78%|███████▊  | 777/1000 [15:23<04:18,  1.16s/it]
Permutations:  78%|███████▊  | 778/1000 [15:24<04:17,  1.16s/it]
Permutations:  78%|███████▊  | 779/1000 [15:25<04:16,  1.16s/it]
Permutations:  78%|███████▊  | 780/1000 [15:26<04:15,  1.16s/it]
Permutations:  78%|███████▊  | 781/1000 [15:27<04:14,  1.16s/it]
Permutations:  78%|███████▊  | 782/1000 [15:28<04:12,  1.16s/it]
Permutations:  78%|███████▊  | 783/1000 [15:30<04:11,  1.16s/it]
Permutations:  78%|███████▊  | 784/1000 [15:31<04:11,  1.16s/it]
Permutations:  78%|███████▊  | 785/1000 [15:32<04:10,  1.16s/it]
Permutations:  79%|███████▊  | 786/1000 [15:33<04:08,  1.16s/it]
Permutations:  79%|███████▊  | 787/1000 [15:34<04:07,  1.16s/it]
Permutations:  79%|███████▉  | 788/1000 [15:36<04:09,  1.17s/it]
Permutations:  79%|███████▉  | 789/1000 [15:37<04:06,  1.17s/it]
Permutations:  79%|███████▉  | 790/1000 [15:38<04:06,  1.17s/it]
Permutations:  79%|███████▉  | 791/1000 [15:39<04:05,  1.17s/it]
Permutations:  79%|███████▉  | 792/1000 [15:40<04:03,  1.17s/it]
Permutations:  79%|███████▉  | 793/1000 [15:41<04:01,  1.17s/it]
Permutations:  79%|███████▉  | 794/1000 [15:43<04:00,  1.17s/it]
Permutations:  80%|███████▉  | 795/1000 [15:44<03:58,  1.16s/it]
Permutations:  80%|███████▉  | 796/1000 [15:45<03:56,  1.16s/it]
Permutations:  80%|███████▉  | 797/1000 [15:46<03:56,  1.16s/it]
Permutations:  80%|███████▉  | 798/1000 [15:47<03:55,  1.17s/it]
Permutations:  80%|███████▉  | 799/1000 [15:48<03:54,  1.16s/it]
Permutations:  80%|████████  | 800/1000 [15:49<03:52,  1.16s/it]
Permutations:  80%|████████  | 801/1000 [15:51<03:51,  1.16s/it]
Permutations:  80%|████████  | 802/1000 [15:52<03:50,  1.16s/it]
Permutations:  80%|████████  | 803/1000 [15:53<03:48,  1.16s/it]
Permutations:  80%|████████  | 804/1000 [15:54<03:47,  1.16s/it]
Permutations:  80%|████████  | 805/1000 [15:55<03:46,  1.16s/it]
Permutations:  81%|████████  | 806/1000 [15:56<03:45,  1.16s/it]
Permutations:  81%|████████  | 807/1000 [15:58<03:44,  1.16s/it]
Permutations:  81%|████████  | 808/1000 [15:59<03:43,  1.16s/it]
Permutations:  81%|████████  | 809/1000 [16:00<03:41,  1.16s/it]
Permutations:  81%|████████  | 810/1000 [16:01<03:41,  1.16s/it]
Permutations:  81%|████████  | 811/1000 [16:02<03:39,  1.16s/it]
Permutations:  81%|████████  | 812/1000 [16:03<03:38,  1.16s/it]
Permutations:  81%|████████▏ | 813/1000 [16:05<03:37,  1.16s/it]
Permutations:  81%|████████▏ | 814/1000 [16:06<03:35,  1.16s/it]
Permutations:  82%|████████▏ | 815/1000 [16:07<03:35,  1.16s/it]
Permutations:  82%|████████▏ | 816/1000 [16:08<03:36,  1.18s/it]
Permutations:  82%|████████▏ | 817/1000 [16:09<03:34,  1.17s/it]
Permutations:  82%|████████▏ | 818/1000 [16:10<03:32,  1.17s/it]
Permutations:  82%|████████▏ | 819/1000 [16:12<03:31,  1.17s/it]
Permutations:  82%|████████▏ | 820/1000 [16:13<03:29,  1.16s/it]
Permutations:  82%|████████▏ | 821/1000 [16:14<03:28,  1.16s/it]
Permutations:  82%|████████▏ | 822/1000 [16:15<03:27,  1.16s/it]
Permutations:  82%|████████▏ | 823/1000 [16:16<03:25,  1.16s/it]
Permutations:  82%|████████▏ | 824/1000 [16:17<03:24,  1.16s/it]
Permutations:  82%|████████▎ | 825/1000 [16:19<03:22,  1.16s/it]
Permutations:  83%|████████▎ | 826/1000 [16:20<03:21,  1.16s/it]
Permutations:  83%|████████▎ | 827/1000 [16:21<03:19,  1.16s/it]
Permutations:  83%|████████▎ | 828/1000 [16:22<03:19,  1.16s/it]
Permutations:  83%|████████▎ | 829/1000 [16:23<03:17,  1.16s/it]
Permutations:  83%|████████▎ | 830/1000 [16:24<03:16,  1.16s/it]
Permutations:  83%|████████▎ | 831/1000 [16:25<03:15,  1.15s/it]
Permutations:  83%|████████▎ | 832/1000 [16:27<03:14,  1.16s/it]
Permutations:  83%|████████▎ | 833/1000 [16:28<03:13,  1.16s/it]
Permutations:  83%|████████▎ | 834/1000 [16:29<03:11,  1.16s/it]
Permutations:  84%|████████▎ | 835/1000 [16:30<03:10,  1.16s/it]
Permutations:  84%|████████▎ | 836/1000 [16:31<03:09,  1.15s/it]
Permutations:  84%|████████▎ | 837/1000 [16:32<03:08,  1.16s/it]
Permutations:  84%|████████▍ | 838/1000 [16:34<03:07,  1.16s/it]
Permutations:  84%|████████▍ | 839/1000 [16:35<03:05,  1.15s/it]
Permutations:  84%|████████▍ | 840/1000 [16:36<03:04,  1.15s/it]
Permutations:  84%|████████▍ | 841/1000 [16:37<03:04,  1.16s/it]
Permutations:  84%|████████▍ | 842/1000 [16:38<03:04,  1.17s/it]
Permutations:  84%|████████▍ | 843/1000 [16:39<03:04,  1.17s/it]
Permutations:  84%|████████▍ | 844/1000 [16:41<03:06,  1.19s/it]
Permutations:  84%|████████▍ | 845/1000 [16:42<03:05,  1.20s/it]
Permutations:  85%|████████▍ | 846/1000 [16:43<03:03,  1.19s/it]
Permutations:  85%|████████▍ | 847/1000 [16:44<03:02,  1.19s/it]
Permutations:  85%|████████▍ | 848/1000 [16:45<03:00,  1.19s/it]
Permutations:  85%|████████▍ | 849/1000 [16:47<02:59,  1.19s/it]
Permutations:  85%|████████▌ | 850/1000 [16:48<02:57,  1.18s/it]
Permutations:  85%|████████▌ | 851/1000 [16:49<02:54,  1.17s/it]
Permutations:  85%|████████▌ | 852/1000 [16:50<02:52,  1.17s/it]
Permutations:  85%|████████▌ | 853/1000 [16:51<02:50,  1.16s/it]
Permutations:  85%|████████▌ | 854/1000 [16:52<02:49,  1.16s/it]
Permutations:  86%|████████▌ | 855/1000 [16:54<02:47,  1.16s/it]
Permutations:  86%|████████▌ | 856/1000 [16:55<02:46,  1.15s/it]
Permutations:  86%|████████▌ | 857/1000 [16:56<02:44,  1.15s/it]
Permutations:  86%|████████▌ | 858/1000 [16:57<02:43,  1.15s/it]
Permutations:  86%|████████▌ | 859/1000 [16:58<02:42,  1.15s/it]
Permutations:  86%|████████▌ | 860/1000 [16:59<02:41,  1.15s/it]
Permutations:  86%|████████▌ | 861/1000 [17:00<02:40,  1.15s/it]
Permutations:  86%|████████▌ | 862/1000 [17:02<02:39,  1.15s/it]
Permutations:  86%|████████▋ | 863/1000 [17:03<02:38,  1.16s/it]
Permutations:  86%|████████▋ | 864/1000 [17:04<02:36,  1.15s/it]
Permutations:  86%|████████▋ | 865/1000 [17:05<02:35,  1.15s/it]
Permutations:  87%|████████▋ | 866/1000 [17:06<02:34,  1.15s/it]
Permutations:  87%|████████▋ | 867/1000 [17:07<02:33,  1.15s/it]
Permutations:  87%|████████▋ | 868/1000 [17:09<02:32,  1.15s/it]
Permutations:  87%|████████▋ | 869/1000 [17:10<02:30,  1.15s/it]
Permutations:  87%|████████▋ | 870/1000 [17:11<02:29,  1.15s/it]
Permutations:  87%|████████▋ | 871/1000 [17:12<02:28,  1.15s/it]
Permutations:  87%|████████▋ | 872/1000 [17:13<02:32,  1.19s/it]
Permutations:  87%|████████▋ | 873/1000 [17:14<02:29,  1.18s/it]
Permutations:  87%|████████▋ | 874/1000 [17:16<02:27,  1.17s/it]
Permutations:  88%|████████▊ | 875/1000 [17:17<02:25,  1.17s/it]
Permutations:  88%|████████▊ | 876/1000 [17:18<02:24,  1.16s/it]
Permutations:  88%|████████▊ | 877/1000 [17:19<02:22,  1.16s/it]
Permutations:  88%|████████▊ | 878/1000 [17:20<02:21,  1.16s/it]
Permutations:  88%|████████▊ | 879/1000 [17:21<02:19,  1.16s/it]
Permutations:  88%|████████▊ | 880/1000 [17:22<02:18,  1.15s/it]
Permutations:  88%|████████▊ | 881/1000 [17:24<02:17,  1.16s/it]
Permutations:  88%|████████▊ | 882/1000 [17:25<02:16,  1.15s/it]
Permutations:  88%|████████▊ | 883/1000 [17:26<02:15,  1.15s/it]
Permutations:  88%|████████▊ | 884/1000 [17:27<02:13,  1.15s/it]
Permutations:  88%|████████▊ | 885/1000 [17:28<02:12,  1.15s/it]
Permutations:  89%|████████▊ | 886/1000 [17:29<02:11,  1.15s/it]
Permutations:  89%|████████▊ | 887/1000 [17:31<02:10,  1.15s/it]
Permutations:  89%|████████▉ | 888/1000 [17:32<02:09,  1.15s/it]
Permutations:  89%|████████▉ | 889/1000 [17:33<02:08,  1.15s/it]
Permutations:  89%|████████▉ | 890/1000 [17:34<02:06,  1.15s/it]
Permutations:  89%|████████▉ | 891/1000 [17:35<02:05,  1.15s/it]
Permutations:  89%|████████▉ | 892/1000 [17:36<02:04,  1.15s/it]
Permutations:  89%|████████▉ | 893/1000 [17:37<02:03,  1.15s/it]
Permutations:  89%|████████▉ | 894/1000 [17:39<02:02,  1.15s/it]
Permutations:  90%|████████▉ | 895/1000 [17:40<02:01,  1.16s/it]
Permutations:  90%|████████▉ | 896/1000 [17:41<02:00,  1.16s/it]
Permutations:  90%|████████▉ | 897/1000 [17:42<01:58,  1.15s/it]
Permutations:  90%|████████▉ | 898/1000 [17:43<01:57,  1.16s/it]
Permutations:  90%|████████▉ | 899/1000 [17:44<01:56,  1.16s/it]
Permutations:  90%|█████████ | 900/1000 [17:46<01:55,  1.15s/it]
Permutations:  90%|█████████ | 901/1000 [17:47<01:57,  1.19s/it]
Permutations:  90%|█████████ | 902/1000 [17:48<01:55,  1.18s/it]
Permutations:  90%|█████████ | 903/1000 [17:49<01:53,  1.17s/it]
Permutations:  90%|█████████ | 904/1000 [17:50<01:51,  1.17s/it]
Permutations:  90%|█████████ | 905/1000 [17:51<01:51,  1.17s/it]
Permutations:  91%|█████████ | 906/1000 [17:53<01:49,  1.16s/it]
Permutations:  91%|█████████ | 907/1000 [17:54<01:48,  1.16s/it]
Permutations:  91%|█████████ | 908/1000 [17:55<01:46,  1.16s/it]
Permutations:  91%|█████████ | 909/1000 [17:56<01:45,  1.16s/it]
Permutations:  91%|█████████ | 910/1000 [17:57<01:44,  1.16s/it]
Permutations:  91%|█████████ | 911/1000 [17:58<01:43,  1.16s/it]
Permutations:  91%|█████████ | 912/1000 [18:00<01:41,  1.16s/it]
Permutations:  91%|█████████▏| 913/1000 [18:01<01:40,  1.16s/it]
Permutations:  91%|█████████▏| 914/1000 [18:02<01:39,  1.16s/it]
Permutations:  92%|█████████▏| 915/1000 [18:03<01:38,  1.16s/it]
Permutations:  92%|█████████▏| 916/1000 [18:04<01:37,  1.16s/it]
Permutations:  92%|█████████▏| 917/1000 [18:05<01:35,  1.16s/it]
Permutations:  92%|█████████▏| 918/1000 [18:07<01:34,  1.15s/it]
Permutations:  92%|█████████▏| 919/1000 [18:08<01:33,  1.15s/it]
Permutations:  92%|█████████▏| 920/1000 [18:09<01:32,  1.16s/it]
Permutations:  92%|█████████▏| 921/1000 [18:10<01:31,  1.16s/it]
Permutations:  92%|█████████▏| 922/1000 [18:11<01:30,  1.15s/it]
Permutations:  92%|█████████▏| 923/1000 [18:12<01:28,  1.15s/it]
Permutations:  92%|█████████▏| 924/1000 [18:13<01:27,  1.15s/it]
Permutations:  92%|█████████▎| 925/1000 [18:15<01:26,  1.16s/it]
Permutations:  93%|█████████▎| 926/1000 [18:16<01:25,  1.16s/it]
Permutations:  93%|█████████▎| 927/1000 [18:17<01:24,  1.15s/it]
Permutations:  93%|█████████▎| 928/1000 [18:18<01:23,  1.15s/it]
Permutations:  93%|█████████▎| 929/1000 [18:19<01:22,  1.17s/it]
Permutations:  93%|█████████▎| 930/1000 [18:20<01:21,  1.16s/it]
Permutations:  93%|█████████▎| 931/1000 [18:22<01:19,  1.16s/it]
Permutations:  93%|█████████▎| 932/1000 [18:23<01:18,  1.15s/it]
Permutations:  93%|█████████▎| 933/1000 [18:24<01:17,  1.15s/it]
Permutations:  93%|█████████▎| 934/1000 [18:25<01:16,  1.15s/it]
Permutations:  94%|█████████▎| 935/1000 [18:26<01:14,  1.15s/it]
Permutations:  94%|█████████▎| 936/1000 [18:27<01:13,  1.15s/it]
Permutations:  94%|█████████▎| 937/1000 [18:28<01:12,  1.15s/it]
Permutations:  94%|█████████▍| 938/1000 [18:30<01:11,  1.15s/it]
Permutations:  94%|█████████▍| 939/1000 [18:31<01:10,  1.15s/it]
Permutations:  94%|█████████▍| 940/1000 [18:32<01:09,  1.15s/it]
Permutations:  94%|█████████▍| 941/1000 [18:33<01:07,  1.15s/it]
Permutations:  94%|█████████▍| 942/1000 [18:34<01:06,  1.15s/it]
Permutations:  94%|█████████▍| 943/1000 [18:35<01:05,  1.15s/it]
Permutations:  94%|█████████▍| 944/1000 [18:37<01:04,  1.15s/it]
Permutations:  94%|█████████▍| 945/1000 [18:38<01:03,  1.15s/it]
Permutations:  95%|█████████▍| 946/1000 [18:39<01:02,  1.15s/it]
Permutations:  95%|█████████▍| 947/1000 [18:40<01:01,  1.15s/it]
Permutations:  95%|█████████▍| 948/1000 [18:41<01:00,  1.15s/it]
Permutations:  95%|█████████▍| 949/1000 [18:42<00:59,  1.16s/it]
Permutations:  95%|█████████▌| 950/1000 [18:43<00:58,  1.17s/it]
Permutations:  95%|█████████▌| 951/1000 [18:45<00:57,  1.17s/it]
Permutations:  95%|█████████▌| 952/1000 [18:46<00:56,  1.17s/it]
Permutations:  95%|█████████▌| 953/1000 [18:47<00:55,  1.17s/it]
Permutations:  95%|█████████▌| 954/1000 [18:48<00:53,  1.17s/it]
Permutations:  96%|█████████▌| 955/1000 [18:49<00:52,  1.16s/it]
Permutations:  96%|█████████▌| 956/1000 [18:50<00:51,  1.16s/it]
Permutations:  96%|█████████▌| 957/1000 [18:52<00:50,  1.17s/it]
Permutations:  96%|█████████▌| 958/1000 [18:53<00:48,  1.17s/it]
Permutations:  96%|█████████▌| 959/1000 [18:54<00:47,  1.16s/it]
Permutations:  96%|█████████▌| 960/1000 [18:55<00:46,  1.16s/it]
Permutations:  96%|█████████▌| 961/1000 [18:56<00:45,  1.16s/it]
Permutations:  96%|█████████▌| 962/1000 [18:57<00:43,  1.15s/it]
Permutations:  96%|█████████▋| 963/1000 [18:59<00:42,  1.15s/it]
Permutations:  96%|█████████▋| 964/1000 [19:00<00:41,  1.15s/it]
Permutations:  96%|█████████▋| 965/1000 [19:01<00:40,  1.15s/it]
Permutations:  97%|█████████▋| 966/1000 [19:02<00:39,  1.15s/it]
Permutations:  97%|█████████▋| 967/1000 [19:03<00:38,  1.15s/it]
Permutations:  97%|█████████▋| 968/1000 [19:04<00:36,  1.15s/it]
Permutations:  97%|█████████▋| 969/1000 [19:06<00:35,  1.16s/it]
Permutations:  97%|█████████▋| 970/1000 [19:07<00:34,  1.15s/it]
Permutations:  97%|█████████▋| 971/1000 [19:08<00:33,  1.15s/it]
Permutations:  97%|█████████▋| 972/1000 [19:09<00:32,  1.15s/it]
Permutations:  97%|█████████▋| 973/1000 [19:10<00:31,  1.16s/it]
Permutations:  97%|█████████▋| 974/1000 [19:11<00:30,  1.16s/it]
Permutations:  98%|█████████▊| 975/1000 [19:12<00:28,  1.15s/it]
Permutations:  98%|█████████▊| 976/1000 [19:14<00:27,  1.15s/it]
Permutations:  98%|█████████▊| 977/1000 [19:15<00:26,  1.15s/it]
Permutations:  98%|█████████▊| 978/1000 [19:16<00:25,  1.15s/it]
Permutations:  98%|█████████▊| 979/1000 [19:17<00:24,  1.15s/it]
Permutations:  98%|█████████▊| 980/1000 [19:18<00:23,  1.15s/it]
Permutations:  98%|█████████▊| 981/1000 [19:19<00:21,  1.15s/it]
Permutations:  98%|█████████▊| 982/1000 [19:21<00:20,  1.15s/it]
Permutations:  98%|█████████▊| 983/1000 [19:22<00:19,  1.15s/it]
Permutations:  98%|█████████▊| 984/1000 [19:23<00:18,  1.15s/it]
Permutations:  98%|█████████▊| 985/1000 [19:24<00:17,  1.15s/it]
Permutations:  99%|█████████▊| 986/1000 [19:25<00:16,  1.16s/it]
Permutations:  99%|█████████▊| 987/1000 [19:26<00:15,  1.17s/it]
Permutations:  99%|█████████▉| 988/1000 [19:28<00:14,  1.18s/it]
Permutations:  99%|█████████▉| 989/1000 [19:29<00:12,  1.18s/it]
Permutations:  99%|█████████▉| 990/1000 [19:30<00:11,  1.18s/it]
Permutations:  99%|█████████▉| 991/1000 [19:31<00:10,  1.18s/it]
Permutations:  99%|█████████▉| 992/1000 [19:32<00:09,  1.17s/it]
Permutations:  99%|█████████▉| 993/1000 [19:33<00:08,  1.17s/it]
Permutations:  99%|█████████▉| 994/1000 [19:35<00:06,  1.16s/it]
Permutations: 100%|█████████▉| 995/1000 [19:36<00:05,  1.16s/it]
Permutations: 100%|█████████▉| 996/1000 [19:37<00:04,  1.16s/it]
Permutations: 100%|█████████▉| 997/1000 [19:38<00:03,  1.16s/it]
Permutations: 100%|█████████▉| 998/1000 [19:39<00:02,  1.15s/it]
Permutations: 100%|█████████▉| 999/1000 [19:40<00:01,  1.15s/it]
Permutations: 100%|██████████| 1000/1000 [19:41<00:00,  1.16s/it]
Permutations: 100%|██████████| 1000/1000 [19:41<00:00,  1.18s/it]
✓ Permutation testing complete
  Significant feature-motif pairs (FDR < 0.05): 710/1120

Saving results to outputs/feature_analysis_gated/
✓ Saved latent_correlations.csv
✓ Saved feature_motif_correlations.csv

Generating visualizations...
✓ Saved feature_motif_heatmap.png
✓ Saved feature_motif_heatmap_significant.png
✓ Saved correlation_distributions.png
✓ Saved null_distributions.png
✓ Saved volcano_plot.png
✓ Saved top_features_per_motif.png

================================================================================
SUMMARY STATISTICS
================================================================================
Total feature-motif pairs analyzed: 1120
Significant pairs (FDR < 0.05): 710

Significant features per motif:
  in_feedforward_loop: 163
  in_feedback_loop: 219
  in_single_input_module: 163
  in_cascade: 165

✓ Analysis complete!
✓ Results saved to: outputs/feature_analysis_gated/
================================================================================

Running: /data/users/goodarzilab/shervin/miniconda3/bin/python3 /data/users/goodarzilab/shervin/182-GNN_SAE/sae/run_interpretability_experiments.py --variant gated
✓ Auto-loaded best config for GATED:
  latent_dim=512
  sparsity_coef=0.0001
  composite_score=0.4510987629805068

======================================================================
MOTIF-SPECIFIC ABLATION WITH EFFECT SIZE FILTERING
======================================================================
SAE Configuration:
  latent_dim=512, k=8
Graph Type:
  Single-motif graphs (0-3999)
Feature Selection:
  FDR threshold: < 0.05
  Min |rpb| threshold: >= 0
Random Controls:
  Trials per feature count: 20

Filtering criteria:
  - FDR < 0.05: 710 pairs
  - |rpb| >= 0: 1120 pairs
  - Both criteria: 710 pairs
Saved feature mapping to: ablations/interpretability_gated_latent512_k8_rpb0.00_results/feature_motif_mapping.json

Non-filtered features available for random controls: 28

Filtered features per motif:
  Cascade: 165 features
  Feedback Loop: 219 features
  Feedforward Loop: 163 features
  Single Input Module: 163 features

======================================================================
MONOSEMANTICITY ANALYSIS
======================================================================

Feature specificity (after filtering):
  Monosemantic (1 motif only): 87
  Polysemantic (2 motifs): 4
  Polysemantic (3 motifs): 29
  Polysemantic (4 motifs): 132

  Total unique features: 252
  Monosemantic rate: 34.5%
  Polysemantic rate: 65.5%

Most polysemantic features (top 10):
  z101: 4 motifs (in_feedforward_loop, in_feedback_loop, in_single_input_module, in_cascade) [rpb: -0.086, 0.266, -0.086, -0.067]
  z109: 4 motifs (in_feedforward_loop, in_feedback_loop, in_single_input_module, in_cascade) [rpb: -0.070, 0.222, -0.070, -0.061]
  z110: 4 motifs (in_feedforward_loop, in_feedback_loop, in_single_input_module, in_cascade) [rpb: -0.068, 0.194, -0.068, -0.037]
  z111: 4 motifs (in_feedforward_loop, in_feedback_loop, in_single_input_module, in_cascade) [rpb: -0.040, 0.127, -0.040, -0.035]
  z112: 4 motifs (in_feedforward_loop, in_feedback_loop, in_single_input_module, in_cascade) [rpb: -0.075, 0.226, -0.075, -0.053]
  z113: 4 motifs (in_feedforward_loop, in_feedback_loop, in_single_input_module, in_cascade) [rpb: -0.074, 0.215, -0.074, -0.043]
  z115: 4 motifs (in_feedforward_loop, in_feedback_loop, in_single_input_module, in_cascade) [rpb: -0.071, 0.206, -0.070, -0.043]
  z123: 4 motifs (in_feedforward_loop, in_feedback_loop, in_single_input_module, in_cascade) [rpb: -0.041, 0.128, -0.041, -0.034]
  z129: 4 motifs (in_feedforward_loop, in_feedback_loop, in_single_input_module, in_cascade) [rpb: -0.063, 0.196, -0.062, -0.052]
  z13: 4 motifs (in_feedforward_loop, in_feedback_loop, in_single_input_module, in_cascade) [rpb: -0.056, 0.177, -0.056, -0.048]

======================================================================
STEP 1: Motif-Specific Ablations
======================================================================

Ablating Cascade features (165)...
Error in ablation cascade_gated_l512_lambda1e-04:

  Warning: Ablation experiment returned no results for Cascade

Ablating Feedback Loop features (219)...
Error in ablation feedback_loop_gated_l512_lambda1e-04:

  Warning: Ablation experiment returned no results for Feedback Loop

Ablating Feedforward Loop features (163)...
Error in ablation feedforward_loop_gated_l512_lambda1e-04:

  Warning: Ablation experiment returned no results for Feedforward Loop

Ablating Single Input Module features (163)...
Error in ablation single_input_module_gated_l512_lambda1e-04:

  Warning: Ablation experiment returned no results for Single Input Module

WARNING: No motif-specific ablation results collected!
This may be because:
  1. No features met the filtering criteria
  2. Ablation experiments failed
Skipping statistical analysis and plotting.

Saved phase_3a_config.json (status: incomplete)

Saved config to ablations/phase_3a_config_gated.json

======================================================================
PHASE 3b: NATIVE GNN ABLATIONS (ALL VARIANTS)
======================================================================


----------------------------------------------------------------------
Processing variant: JUMPRELU
Config: High capacity, low threshold (best overall composite_score=0.737)
----------------------------------------------------------------------

Running native ablation for motif: in_feedback_loop
Running: /data/users/goodarzilab/shervin/miniconda3/bin/python3 /data/users/goodarzilab/shervin/182-GNN_SAE/sae/native_gnn_ablation.py --variant jumprelu --latent_dim 512 --motif in_feedback_loop --use-rpb
======================================================================
NATIVE GNN ABLATION - STRATEGY 1 ENHANCED (SAE r_pb Guided)
======================================================================

Using r_pb to rank SAE features by motif correlation
Target motif: in_feedback_loop
Top features to ablate: 5
  Loaded config from Phase 2 results: {'latent_dim': 512, 'threshold_init': 0.01, 'bandwidth': 0.01}

Computing r_pb for all SAE features...

Computing SAE r_pb for motif: in_feedback_loop
  Variant: jumprelu, Latent dim: 512
  Loading SAE model and encoding activations...

Encoding activations:   0%|          | 0/200 [00:00<?, ?it/s]
Encoding activations:  20%|██        | 41/200 [00:00<00:00, 406.46it/s]
Encoding activations:  42%|████▎     | 85/200 [00:00<00:00, 423.10it/s]
Encoding activations:  64%|██████▍   | 129/200 [00:00<00:00, 430.04it/s]
Encoding activations:  86%|████████▋ | 173/200 [00:00<00:00, 433.21it/s]
Encoding activations: 100%|██████████| 200/200 [00:00<00:00, 430.35it/s]
  ✓ Loaded 2000 nodes × 512 latent dims (on-the-fly)
  Max |r_pb|: nan
  Features with |r_pb| > 0.3: 0

Top 5 features by |r_pb| to in_feedback_loop:
  1. Feature 0: |r_pb| = nan
  2. Feature 1: |r_pb| = nan
  3. Feature 2: |r_pb| = nan
  4. Feature 3: |r_pb| = nan
  5. Feature 4: |r_pb| = nan

Features:   0%|          | 0/5 [00:00<?, ?it/s]Running native ablation for feature 0, motif=in_feedback_loop


Ablating feature 0:   0%|          | 0/100 [00:00<?, ?it/s][A

Ablating feature 0:  23%|██▎       | 23/100 [00:00<00:00, 225.95it/s][A

Ablating feature 0:  47%|████▋     | 47/100 [00:00<00:00, 230.81it/s][A

Ablating feature 0:  71%|███████   | 71/100 [00:00<00:00, 233.48it/s][A

Ablating feature 0:  95%|█████████▌| 95/100 [00:00<00:00, 230.70it/s][A
Ablating feature 0: 100%|██████████| 100/100 [00:00<00:00, 230.75it/s]

Features:  20%|██        | 1/5 [00:02<00:10,  2.71s/it]Error: Non-finite loss values for graph 1682
Error: Non-finite loss values for graph 1259
Error: Non-finite loss values for graph 3119
Error: Non-finite loss values for graph 1281
Error: Non-finite loss values for graph 3667

Processing Summary:
  Successfully processed: 95 graphs
  Skipped (missing files): 0 graphs
  Errors: 5 graphs

Running native ablation for feature 1, motif=in_feedback_loop


Ablating feature 1:   0%|          | 0/100 [00:00<?, ?it/s][A

Ablating feature 1:  24%|██▍       | 24/100 [00:00<00:00, 229.80it/s][A

Ablating feature 1:  48%|████▊     | 48/100 [00:00<00:00, 233.40it/s][A

Ablating feature 1:  72%|███████▏  | 72/100 [00:00<00:00, 233.58it/s][A

Ablating feature 1:  96%|█████████▌| 96/100 [00:00<00:00, 235.05it/s][A
Ablating feature 1: 100%|██████████| 100/100 [00:00<00:00, 234.30it/s]

Features:  40%|████      | 2/5 [00:03<00:04,  1.37s/it]Error: Non-finite loss values for graph 1682
Error: Non-finite loss values for graph 1259
Error: Non-finite loss values for graph 3119
Error: Non-finite loss values for graph 1281
Error: Non-finite loss values for graph 3667

Processing Summary:
  Successfully processed: 95 graphs
  Skipped (missing files): 0 graphs
  Errors: 5 graphs

Running native ablation for feature 2, motif=in_feedback_loop


Ablating feature 2:   0%|          | 0/100 [00:00<?, ?it/s][A

Ablating feature 2:  24%|██▍       | 24/100 [00:00<00:00, 233.42it/s][A

Ablating feature 2:  48%|████▊     | 48/100 [00:00<00:00, 231.81it/s][A

Ablating feature 2:  72%|███████▏  | 72/100 [00:00<00:00, 233.06it/s][A

Ablating feature 2:  96%|█████████▌| 96/100 [00:00<00:00, 233.86it/s][A
Ablating feature 2: 100%|██████████| 100/100 [00:00<00:00, 233.54it/s]

Features:  60%|██████    | 3/5 [00:03<00:01,  1.06it/s]Error: Non-finite loss values for graph 1682
Error: Non-finite loss values for graph 1259
Error: Non-finite loss values for graph 3119
Error: Non-finite loss values for graph 1281
Error: Non-finite loss values for graph 3667

Processing Summary:
  Successfully processed: 95 graphs
  Skipped (missing files): 0 graphs
  Errors: 5 graphs

Running native ablation for feature 3, motif=in_feedback_loop


Ablating feature 3:   0%|          | 0/100 [00:00<?, ?it/s][A

Ablating feature 3:  24%|██▍       | 24/100 [00:00<00:00, 236.07it/s][A

Ablating feature 3:  48%|████▊     | 48/100 [00:00<00:00, 237.05it/s][A

Ablating feature 3:  72%|███████▏  | 72/100 [00:00<00:00, 237.25it/s][A

Ablating feature 3:  96%|█████████▌| 96/100 [00:00<00:00, 237.32it/s][A
Ablating feature 3: 100%|██████████| 100/100 [00:00<00:00, 237.18it/s]

Features:  80%|████████  | 4/5 [00:04<00:00,  1.35it/s]Error: Non-finite loss values for graph 1682
Error: Non-finite loss values for graph 1259
Error: Non-finite loss values for graph 3119
Error: Non-finite loss values for graph 1281
Error: Non-finite loss values for graph 3667

Processing Summary:
  Successfully processed: 95 graphs
  Skipped (missing files): 0 graphs
  Errors: 5 graphs

Running native ablation for feature 4, motif=in_feedback_loop


Ablating feature 4:   0%|          | 0/100 [00:00<?, ?it/s][A

Ablating feature 4:  24%|██▍       | 24/100 [00:00<00:00, 237.53it/s][A

Ablating feature 4:  48%|████▊     | 48/100 [00:00<00:00, 237.65it/s][A

Ablating feature 4:  72%|███████▏  | 72/100 [00:00<00:00, 237.76it/s][A

Ablating feature 4:  96%|█████████▌| 96/100 [00:00<00:00, 238.00it/s][A
Ablating feature 4: 100%|██████████| 100/100 [00:00<00:00, 237.82it/s]

Features: 100%|██████████| 5/5 [00:04<00:00,  1.59it/s]
Features: 100%|██████████| 5/5 [00:04<00:00,  1.13it/s]
Error: Non-finite loss values for graph 1682
Error: Non-finite loss values for graph 1259
Error: Non-finite loss values for graph 3119
Error: Non-finite loss values for graph 1281
Error: Non-finite loss values for graph 3667

Processing Summary:
  Successfully processed: 95 graphs
  Skipped (missing files): 0 graphs
  Errors: 5 graphs

✓ Saved native_ablation_results.png

✓ Saved r_pb-guided ablation results to outputs/native_gnn_ablations/native_ablation_jumprelu_rpb_in_feedback_loop.csv
✓ Saved SAE feature r_pb rankings to outputs/native_gnn_ablations/sae_rpb_rankings_in_feedback_loop.csv

======================================================================
✓ STRATEGY 1 ENHANCED (SAE r_pb Guided) COMPLETE
======================================================================

Running native ablation for motif: in_cascade
Running: /data/users/goodarzilab/shervin/miniconda3/bin/python3 /data/users/goodarzilab/shervin/182-GNN_SAE/sae/native_gnn_ablation.py --variant jumprelu --latent_dim 512 --motif in_cascade --use-rpb
======================================================================
NATIVE GNN ABLATION - STRATEGY 1 ENHANCED (SAE r_pb Guided)
======================================================================

Using r_pb to rank SAE features by motif correlation
Target motif: in_cascade
Top features to ablate: 5
  Loaded config from Phase 2 results: {'latent_dim': 512, 'threshold_init': 0.01, 'bandwidth': 0.01}

Computing r_pb for all SAE features...

Computing SAE r_pb for motif: in_cascade
  Variant: jumprelu, Latent dim: 512
  Loading SAE model and encoding activations...

Encoding activations:   0%|          | 0/200 [00:00<?, ?it/s]
Encoding activations:  19%|█▉        | 38/200 [00:00<00:00, 377.73it/s]
Encoding activations:  42%|████▏     | 84/200 [00:00<00:00, 421.60it/s]
Encoding activations:  65%|██████▌   | 130/200 [00:00<00:00, 436.56it/s]
Encoding activations:  88%|████████▊ | 176/200 [00:00<00:00, 442.71it/s]
Encoding activations: 100%|██████████| 200/200 [00:00<00:00, 436.03it/s]
  ✓ Loaded 2000 nodes × 512 latent dims (on-the-fly)
  Max |r_pb|: nan
  Features with |r_pb| > 0.3: 0

Top 5 features by |r_pb| to in_cascade:
  1. Feature 0: |r_pb| = nan
  2. Feature 1: |r_pb| = nan
  3. Feature 2: |r_pb| = nan
  4. Feature 3: |r_pb| = nan
  5. Feature 4: |r_pb| = nan

Features:   0%|          | 0/5 [00:00<?, ?it/s]Running native ablation for feature 0, motif=in_feedback_loop


Ablating feature 0:   0%|          | 0/100 [00:00<?, ?it/s][A

Ablating feature 0:  23%|██▎       | 23/100 [00:00<00:00, 227.40it/s][A

Ablating feature 0:  47%|████▋     | 47/100 [00:00<00:00, 232.36it/s][A

Ablating feature 0:  71%|███████   | 71/100 [00:00<00:00, 234.55it/s][A

Ablating feature 0:  95%|█████████▌| 95/100 [00:00<00:00, 235.64it/s][A
Ablating feature 0: 100%|██████████| 100/100 [00:00<00:00, 234.58it/s]

Features:  20%|██        | 1/5 [00:02<00:10,  2.60s/it]Error: Non-finite loss values for graph 1682
Error: Non-finite loss values for graph 1259
Error: Non-finite loss values for graph 3119
Error: Non-finite loss values for graph 1281
Error: Non-finite loss values for graph 3667

Processing Summary:
  Successfully processed: 95 graphs
  Skipped (missing files): 0 graphs
  Errors: 5 graphs

Running native ablation for feature 1, motif=in_feedback_loop


Ablating feature 1:   0%|          | 0/100 [00:00<?, ?it/s][A

Ablating feature 1:  24%|██▍       | 24/100 [00:00<00:00, 236.51it/s][A

Ablating feature 1:  48%|████▊     | 48/100 [00:00<00:00, 229.68it/s][A

Ablating feature 1:  72%|███████▏  | 72/100 [00:00<00:00, 233.33it/s][A

Ablating feature 1:  96%|█████████▌| 96/100 [00:00<00:00, 235.35it/s][A
Ablating feature 1: 100%|██████████| 100/100 [00:00<00:00, 234.44it/s]

Features:  40%|████      | 2/5 [00:03<00:03,  1.33s/it]Error: Non-finite loss values for graph 1682
Error: Non-finite loss values for graph 1259
Error: Non-finite loss values for graph 3119
Error: Non-finite loss values for graph 1281
Error: Non-finite loss values for graph 3667

Processing Summary:
  Successfully processed: 95 graphs
  Skipped (missing files): 0 graphs
  Errors: 5 graphs

Running native ablation for feature 2, motif=in_feedback_loop


Ablating feature 2:   0%|          | 0/100 [00:00<?, ?it/s][A

Ablating feature 2:  24%|██▍       | 24/100 [00:00<00:00, 237.33it/s][A

Ablating feature 2:  48%|████▊     | 48/100 [00:00<00:00, 235.37it/s][A

Ablating feature 2:  72%|███████▏  | 72/100 [00:00<00:00, 236.72it/s][A

Ablating feature 2:  96%|█████████▌| 96/100 [00:00<00:00, 236.91it/s][A
Ablating feature 2: 100%|██████████| 100/100 [00:00<00:00, 236.74it/s]

Features:  60%|██████    | 3/5 [00:03<00:01,  1.09it/s]Error: Non-finite loss values for graph 1682
Error: Non-finite loss values for graph 1259
Error: Non-finite loss values for graph 3119
Error: Non-finite loss values for graph 1281
Error: Non-finite loss values for graph 3667

Processing Summary:
  Successfully processed: 95 graphs
  Skipped (missing files): 0 graphs
  Errors: 5 graphs

Running native ablation for feature 3, motif=in_feedback_loop


Ablating feature 3:   0%|          | 0/100 [00:00<?, ?it/s][A

Ablating feature 3:  23%|██▎       | 23/100 [00:00<00:00, 227.55it/s][A

Ablating feature 3:  46%|████▌     | 46/100 [00:00<00:00, 213.72it/s][A

Ablating feature 3:  68%|██████▊   | 68/100 [00:00<00:00, 206.90it/s][A

Ablating feature 3:  89%|████████▉ | 89/100 [00:00<00:00, 202.42it/s][A
Ablating feature 3: 100%|██████████| 100/100 [00:00<00:00, 204.16it/s]

Features:  80%|████████  | 4/5 [00:03<00:00,  1.33it/s]Error: Non-finite loss values for graph 1682
Error: Non-finite loss values for graph 1259
Error: Non-finite loss values for graph 3119
Error: Non-finite loss values for graph 1281
Error: Non-finite loss values for graph 3667

Processing Summary:
  Successfully processed: 95 graphs
  Skipped (missing files): 0 graphs
  Errors: 5 graphs

Running native ablation for feature 4, motif=in_feedback_loop


Ablating feature 4:   0%|          | 0/100 [00:00<?, ?it/s][A

Ablating feature 4:  20%|██        | 20/100 [00:00<00:00, 194.60it/s][A

Ablating feature 4:  40%|████      | 40/100 [00:00<00:00, 195.96it/s][A

Ablating feature 4:  63%|██████▎   | 63/100 [00:00<00:00, 209.49it/s][A

Ablating feature 4:  87%|████████▋ | 87/100 [00:00<00:00, 220.14it/s][A
Ablating feature 4: 100%|██████████| 100/100 [00:00<00:00, 216.27it/s]

Features: 100%|██████████| 5/5 [00:04<00:00,  1.53it/s]
Features: 100%|██████████| 5/5 [00:04<00:00,  1.13it/s]
Error: Non-finite loss values for graph 1682
Error: Non-finite loss values for graph 1259
Error: Non-finite loss values for graph 3119
Error: Non-finite loss values for graph 1281
Error: Non-finite loss values for graph 3667

Processing Summary:
  Successfully processed: 95 graphs
  Skipped (missing files): 0 graphs
  Errors: 5 graphs

✓ Saved native_ablation_results.png

✓ Saved r_pb-guided ablation results to outputs/native_gnn_ablations/native_ablation_jumprelu_rpb_in_cascade.csv
✓ Saved SAE feature r_pb rankings to outputs/native_gnn_ablations/sae_rpb_rankings_in_cascade.csv

======================================================================
✓ STRATEGY 1 ENHANCED (SAE r_pb Guided) COMPLETE
======================================================================

Running native ablation for motif: in_feedforward_loop
Running: /data/users/goodarzilab/shervin/miniconda3/bin/python3 /data/users/goodarzilab/shervin/182-GNN_SAE/sae/native_gnn_ablation.py --variant jumprelu --latent_dim 512 --motif in_feedforward_loop --use-rpb
======================================================================
NATIVE GNN ABLATION - STRATEGY 1 ENHANCED (SAE r_pb Guided)
======================================================================

Using r_pb to rank SAE features by motif correlation
Target motif: in_feedforward_loop
Top features to ablate: 5
  Loaded config from Phase 2 results: {'latent_dim': 512, 'threshold_init': 0.01, 'bandwidth': 0.01}

Computing r_pb for all SAE features...

Computing SAE r_pb for motif: in_feedforward_loop
  Variant: jumprelu, Latent dim: 512
  Loading SAE model and encoding activations...

Encoding activations:   0%|          | 0/200 [00:00<?, ?it/s]
Encoding activations:  19%|█▉        | 38/200 [00:00<00:00, 371.18it/s]
Encoding activations:  39%|███▉      | 78/200 [00:00<00:00, 386.23it/s]
Encoding activations:  59%|█████▉    | 118/200 [00:00<00:00, 391.03it/s]
Encoding activations:  79%|███████▉  | 158/200 [00:00<00:00, 393.69it/s]
Encoding activations:  99%|█████████▉| 198/200 [00:00<00:00, 394.14it/s]
Encoding activations: 100%|██████████| 200/200 [00:00<00:00, 391.43it/s]
  ✓ Loaded 2000 nodes × 512 latent dims (on-the-fly)
  Max |r_pb|: nan
  Features with |r_pb| > 0.3: 0

Top 5 features by |r_pb| to in_feedforward_loop:
  1. Feature 0: |r_pb| = nan
  2. Feature 1: |r_pb| = nan
  3. Feature 2: |r_pb| = nan
  4. Feature 3: |r_pb| = nan
  5. Feature 4: |r_pb| = nan

Features:   0%|          | 0/5 [00:00<?, ?it/s]Running native ablation for feature 0, motif=in_feedback_loop


Ablating feature 0:   0%|          | 0/100 [00:00<?, ?it/s][A

Ablating feature 0:  18%|█▊        | 18/100 [00:00<00:00, 177.66it/s][A

Ablating feature 0:  37%|███▋      | 37/100 [00:00<00:00, 184.59it/s][A

Ablating feature 0:  56%|█████▌    | 56/100 [00:00<00:00, 186.94it/s][A

Ablating feature 0:  75%|███████▌  | 75/100 [00:00<00:00, 183.20it/s][A

Ablating feature 0:  94%|█████████▍| 94/100 [00:00<00:00, 185.15it/s][A
Ablating feature 0: 100%|██████████| 100/100 [00:00<00:00, 184.89it/s]

Features:  20%|██        | 1/5 [00:02<00:11,  2.84s/it]Error: Non-finite loss values for graph 1682
Error: Non-finite loss values for graph 1259
Error: Non-finite loss values for graph 3119
Error: Non-finite loss values for graph 1281
Error: Non-finite loss values for graph 3667

Processing Summary:
  Successfully processed: 95 graphs
  Skipped (missing files): 0 graphs
  Errors: 5 graphs

Running native ablation for feature 1, motif=in_feedback_loop


Ablating feature 1:   0%|          | 0/100 [00:00<?, ?it/s][A

Ablating feature 1:  20%|██        | 20/100 [00:00<00:00, 190.12it/s][A

Ablating feature 1:  40%|████      | 40/100 [00:00<00:00, 189.88it/s][A

Ablating feature 1:  62%|██████▏   | 62/100 [00:00<00:00, 200.25it/s][A

Ablating feature 1:  86%|████████▌ | 86/100 [00:00<00:00, 213.17it/s][A
Ablating feature 1: 100%|██████████| 100/100 [00:00<00:00, 209.65it/s]

Features:  40%|████      | 2/5 [00:03<00:04,  1.46s/it]Error: Non-finite loss values for graph 1682
Error: Non-finite loss values for graph 1259
Error: Non-finite loss values for graph 3119
Error: Non-finite loss values for graph 1281
Error: Non-finite loss values for graph 3667

Processing Summary:
  Successfully processed: 95 graphs
  Skipped (missing files): 0 graphs
  Errors: 5 graphs

Running native ablation for feature 2, motif=in_feedback_loop


Ablating feature 2:   0%|          | 0/100 [00:00<?, ?it/s][A

Ablating feature 2:  24%|██▍       | 24/100 [00:00<00:00, 232.49it/s][A

Ablating feature 2:  48%|████▊     | 48/100 [00:00<00:00, 232.63it/s][A

Ablating feature 2:  72%|███████▏  | 72/100 [00:00<00:00, 232.95it/s][A

Ablating feature 2:  96%|█████████▌| 96/100 [00:00<00:00, 232.95it/s][A
Ablating feature 2: 100%|██████████| 100/100 [00:00<00:00, 232.87it/s]

Features:  60%|██████    | 3/5 [00:03<00:01,  1.01it/s]Error: Non-finite loss values for graph 1682
Error: Non-finite loss values for graph 1259
Error: Non-finite loss values for graph 3119
Error: Non-finite loss values for graph 1281
Error: Non-finite loss values for graph 3667

Processing Summary:
  Successfully processed: 95 graphs
  Skipped (missing files): 0 graphs
  Errors: 5 graphs

Running native ablation for feature 3, motif=in_feedback_loop


Ablating feature 3:   0%|          | 0/100 [00:00<?, ?it/s][A

Ablating feature 3:  24%|██▍       | 24/100 [00:00<00:00, 232.35it/s][A

Ablating feature 3:  48%|████▊     | 48/100 [00:00<00:00, 233.05it/s][A

Ablating feature 3:  72%|███████▏  | 72/100 [00:00<00:00, 233.26it/s][A

Ablating feature 3:  96%|█████████▌| 96/100 [00:00<00:00, 233.46it/s][A
Ablating feature 3: 100%|██████████| 100/100 [00:00<00:00, 233.25it/s]

Features:  80%|████████  | 4/5 [00:04<00:00,  1.29it/s]Error: Non-finite loss values for graph 1682
Error: Non-finite loss values for graph 1259
Error: Non-finite loss values for graph 3119
Error: Non-finite loss values for graph 1281
Error: Non-finite loss values for graph 3667

Processing Summary:
  Successfully processed: 95 graphs
  Skipped (missing files): 0 graphs
  Errors: 5 graphs

Running native ablation for feature 4, motif=in_feedback_loop


Ablating feature 4:   0%|          | 0/100 [00:00<?, ?it/s][A

Ablating feature 4:  24%|██▍       | 24/100 [00:00<00:00, 233.03it/s][A

Ablating feature 4:  48%|████▊     | 48/100 [00:00<00:00, 233.45it/s][A

Ablating feature 4:  72%|███████▏  | 72/100 [00:00<00:00, 233.54it/s][A

Ablating feature 4:  96%|█████████▌| 96/100 [00:00<00:00, 233.83it/s][A
Ablating feature 4: 100%|██████████| 100/100 [00:00<00:00, 233.70it/s]

Features: 100%|██████████| 5/5 [00:04<00:00,  1.54it/s]
Features: 100%|██████████| 5/5 [00:04<00:00,  1.08it/s]
Error: Non-finite loss values for graph 1682
Error: Non-finite loss values for graph 1259
Error: Non-finite loss values for graph 3119
Error: Non-finite loss values for graph 1281
Error: Non-finite loss values for graph 3667

Processing Summary:
  Successfully processed: 95 graphs
  Skipped (missing files): 0 graphs
  Errors: 5 graphs

✓ Saved native_ablation_results.png

✓ Saved r_pb-guided ablation results to outputs/native_gnn_ablations/native_ablation_jumprelu_rpb_in_feedforward_loop.csv
✓ Saved SAE feature r_pb rankings to outputs/native_gnn_ablations/sae_rpb_rankings_in_feedforward_loop.csv

======================================================================
✓ STRATEGY 1 ENHANCED (SAE r_pb Guided) COMPLETE
======================================================================

Running native ablation for motif: in_single_input_module
Running: /data/users/goodarzilab/shervin/miniconda3/bin/python3 /data/users/goodarzilab/shervin/182-GNN_SAE/sae/native_gnn_ablation.py --variant jumprelu --latent_dim 512 --motif in_single_input_module --use-rpb
======================================================================
NATIVE GNN ABLATION - STRATEGY 1 ENHANCED (SAE r_pb Guided)
======================================================================

Using r_pb to rank SAE features by motif correlation
Target motif: in_single_input_module
Top features to ablate: 5
  Loaded config from Phase 2 results: {'latent_dim': 512, 'threshold_init': 0.01, 'bandwidth': 0.01}

Computing r_pb for all SAE features...

Computing SAE r_pb for motif: in_single_input_module
  Variant: jumprelu, Latent dim: 512
  Loading SAE model and encoding activations...

Encoding activations:   0%|          | 0/200 [00:00<?, ?it/s]
Encoding activations:  18%|█▊        | 35/200 [00:00<00:00, 343.43it/s]
Encoding activations:  38%|███▊      | 75/200 [00:00<00:00, 374.23it/s]
Encoding activations:  57%|█████▊    | 115/200 [00:00<00:00, 385.42it/s]
Encoding activations:  78%|███████▊  | 155/200 [00:00<00:00, 389.90it/s]
Encoding activations:  98%|█████████▊| 195/200 [00:00<00:00, 391.55it/s]
Encoding activations: 100%|██████████| 200/200 [00:00<00:00, 386.10it/s]
  ✓ Loaded 2000 nodes × 512 latent dims (on-the-fly)
  Max |r_pb|: nan
  Features with |r_pb| > 0.3: 0

Top 5 features by |r_pb| to in_single_input_module:
  1. Feature 0: |r_pb| = nan
  2. Feature 1: |r_pb| = nan
  3. Feature 2: |r_pb| = nan
  4. Feature 3: |r_pb| = nan
  5. Feature 4: |r_pb| = nan

Features:   0%|          | 0/5 [00:00<?, ?it/s]Running native ablation for feature 0, motif=in_feedback_loop


Ablating feature 0:   0%|          | 0/100 [00:00<?, ?it/s][A

Ablating feature 0:  19%|█▉        | 19/100 [00:00<00:00, 185.85it/s][A

Ablating feature 0:  39%|███▉      | 39/100 [00:00<00:00, 189.12it/s][A

Ablating feature 0:  59%|█████▉    | 59/100 [00:00<00:00, 190.35it/s][A

Ablating feature 0:  79%|███████▉  | 79/100 [00:00<00:00, 191.00it/s][A

Ablating feature 0:  99%|█████████▉| 99/100 [00:00<00:00, 191.15it/s][A
Ablating feature 0: 100%|██████████| 100/100 [00:00<00:00, 190.50it/s]

Features:  20%|██        | 1/5 [00:02<00:11,  2.77s/it]Error: Non-finite loss values for graph 1682
Error: Non-finite loss values for graph 1259
Error: Non-finite loss values for graph 3119
Error: Non-finite loss values for graph 1281
Error: Non-finite loss values for graph 3667

Processing Summary:
  Successfully processed: 95 graphs
  Skipped (missing files): 0 graphs
  Errors: 5 graphs

Running native ablation for feature 1, motif=in_feedback_loop


Ablating feature 1:   0%|          | 0/100 [00:00<?, ?it/s][A

Ablating feature 1:  20%|██        | 20/100 [00:00<00:00, 192.42it/s][A

Ablating feature 1:  40%|████      | 40/100 [00:00<00:00, 192.40it/s][A

Ablating feature 1:  60%|██████    | 60/100 [00:00<00:00, 192.51it/s][A

Ablating feature 1:  80%|████████  | 80/100 [00:00<00:00, 192.34it/s][A

Ablating feature 1: 100%|██████████| 100/100 [00:00<00:00, 192.44it/s][A
Ablating feature 1: 100%|██████████| 100/100 [00:00<00:00, 192.38it/s]

Features:  40%|████      | 2/5 [00:03<00:04,  1.45s/it]Error: Non-finite loss values for graph 1682
Error: Non-finite loss values for graph 1259
Error: Non-finite loss values for graph 3119
Error: Non-finite loss values for graph 1281
Error: Non-finite loss values for graph 3667

Processing Summary:
  Successfully processed: 95 graphs
  Skipped (missing files): 0 graphs
  Errors: 5 graphs

Running native ablation for feature 2, motif=in_feedback_loop


Ablating feature 2:   0%|          | 0/100 [00:00<?, ?it/s][A

Ablating feature 2:  20%|██        | 20/100 [00:00<00:00, 193.14it/s][A

Ablating feature 2:  40%|████      | 40/100 [00:00<00:00, 192.66it/s][A

Ablating feature 2:  60%|██████    | 60/100 [00:00<00:00, 192.76it/s][A

Ablating feature 2:  80%|████████  | 80/100 [00:00<00:00, 192.78it/s][A

Ablating feature 2: 100%|██████████| 100/100 [00:00<00:00, 192.81it/s][A
Ablating feature 2: 100%|██████████| 100/100 [00:00<00:00, 192.76it/s]

Features:  60%|██████    | 3/5 [00:03<00:02,  1.03s/it]Error: Non-finite loss values for graph 1682
Error: Non-finite loss values for graph 1259
Error: Non-finite loss values for graph 3119
Error: Non-finite loss values for graph 1281
Error: Non-finite loss values for graph 3667

Processing Summary:
  Successfully processed: 95 graphs
  Skipped (missing files): 0 graphs
  Errors: 5 graphs

Running native ablation for feature 3, motif=in_feedback_loop


Ablating feature 3:   0%|          | 0/100 [00:00<?, ?it/s][A

Ablating feature 3:  20%|██        | 20/100 [00:00<00:00, 193.14it/s][A

Ablating feature 3:  40%|████      | 40/100 [00:00<00:00, 192.85it/s][A

Ablating feature 3:  60%|██████    | 60/100 [00:00<00:00, 192.95it/s][A

Ablating feature 3:  80%|████████  | 80/100 [00:00<00:00, 192.85it/s][A

Ablating feature 3: 100%|██████████| 100/100 [00:00<00:00, 192.91it/s][A
Ablating feature 3: 100%|██████████| 100/100 [00:00<00:00, 192.87it/s]

Features:  80%|████████  | 4/5 [00:04<00:00,  1.20it/s]Error: Non-finite loss values for graph 1682
Error: Non-finite loss values for graph 1259
Error: Non-finite loss values for graph 3119
Error: Non-finite loss values for graph 1281
Error: Non-finite loss values for graph 3667

Processing Summary:
  Successfully processed: 95 graphs
  Skipped (missing files): 0 graphs
  Errors: 5 graphs

Running native ablation for feature 4, motif=in_feedback_loop


Ablating feature 4:   0%|          | 0/100 [00:00<?, ?it/s][A

Ablating feature 4:  20%|██        | 20/100 [00:00<00:00, 193.63it/s][A

Ablating feature 4:  40%|████      | 40/100 [00:00<00:00, 190.85it/s][A

Ablating feature 4:  60%|██████    | 60/100 [00:00<00:00, 191.69it/s][A

Ablating feature 4:  80%|████████  | 80/100 [00:00<00:00, 189.84it/s][A

Ablating feature 4: 100%|██████████| 100/100 [00:00<00:00, 190.79it/s][A
Ablating feature 4: 100%|██████████| 100/100 [00:00<00:00, 190.88it/s]

Features: 100%|██████████| 5/5 [00:04<00:00,  1.38it/s]
Features: 100%|██████████| 5/5 [00:04<00:00,  1.02it/s]
Error: Non-finite loss values for graph 1682
Error: Non-finite loss values for graph 1259
Error: Non-finite loss values for graph 3119
Error: Non-finite loss values for graph 1281
Error: Non-finite loss values for graph 3667

Processing Summary:
  Successfully processed: 95 graphs
  Skipped (missing files): 0 graphs
  Errors: 5 graphs

✓ Saved native_ablation_results.png

✓ Saved r_pb-guided ablation results to outputs/native_gnn_ablations/native_ablation_jumprelu_rpb_in_single_input_module.csv
✓ Saved SAE feature r_pb rankings to outputs/native_gnn_ablations/sae_rpb_rankings_in_single_input_module.csv

======================================================================
✓ STRATEGY 1 ENHANCED (SAE r_pb Guided) COMPLETE
======================================================================


----------------------------------------------------------------------
Processing variant: TOPK
Config: Medium capacity, moderate sparsity (composite_score=0.639)
----------------------------------------------------------------------

Running native ablation for motif: in_feedback_loop
Running: /data/users/goodarzilab/shervin/miniconda3/bin/python3 /data/users/goodarzilab/shervin/182-GNN_SAE/sae/native_gnn_ablation.py --variant topk --latent_dim 256 --motif in_feedback_loop --use-rpb --k 16
======================================================================
NATIVE GNN ABLATION - STRATEGY 1 ENHANCED (SAE r_pb Guided)
======================================================================

Using r_pb to rank SAE features by motif correlation
Target motif: in_feedback_loop
Top features to ablate: 5
  Loaded config from Phase 2 results: {'latent_dim': 256, 'k': 16}

Computing r_pb for all SAE features...

Computing SAE r_pb for motif: in_feedback_loop
  Variant: topk, Latent dim: 256
  ✓ Loading cached latents from latents_topk_latent256_k16.pkl
  ✓ Loaded 4000 nodes × 256 latent dims (CACHED)
  Max |r_pb|: 0.735
  Features with |r_pb| > 0.3: 16

Top 5 features by |r_pb| to in_feedback_loop:
  1. Feature 125: |r_pb| = 0.735
  2. Feature 211: |r_pb| = 0.432
  3. Feature 186: |r_pb| = 0.430
  4. Feature 35: |r_pb| = 0.423
  5. Feature 76: |r_pb| = 0.399

Features:   0%|          | 0/5 [00:00<?, ?it/s]Running native ablation for feature 125, motif=in_feedback_loop


Ablating feature 125:   0%|          | 0/100 [00:00<?, ?it/s][A

Ablating feature 125:  23%|██▎       | 23/100 [00:00<00:00, 223.00it/s][A

Ablating feature 125:  47%|████▋     | 47/100 [00:00<00:00, 230.40it/s][A

Ablating feature 125:  71%|███████   | 71/100 [00:00<00:00, 233.65it/s][A

Ablating feature 125:  95%|█████████▌| 95/100 [00:00<00:00, 235.51it/s][A
Ablating feature 125: 100%|██████████| 100/100 [00:00<00:00, 233.74it/s]

Features:  20%|██        | 1/5 [00:02<00:11,  2.91s/it]Error: Non-finite loss values for graph 1682
Error: Non-finite loss values for graph 1259
Error: Non-finite loss values for graph 3119
Error: Non-finite loss values for graph 1281
Error: Non-finite loss values for graph 3667

Processing Summary:
  Successfully processed: 95 graphs
  Skipped (missing files): 0 graphs
  Errors: 5 graphs

Running native ablation for feature 211, motif=in_feedback_loop


Ablating feature 211:   0%|          | 0/100 [00:00<?, ?it/s][A

Ablating feature 211:  24%|██▍       | 24/100 [00:00<00:00, 238.33it/s][A

Ablating feature 211:  48%|████▊     | 48/100 [00:00<00:00, 238.81it/s][A

Ablating feature 211:  72%|███████▏  | 72/100 [00:00<00:00, 238.88it/s][A

Ablating feature 211:  96%|█████████▌| 96/100 [00:00<00:00, 238.89it/s][A
Ablating feature 211: 100%|██████████| 100/100 [00:00<00:00, 238.77it/s]

Features:  40%|████      | 2/5 [00:03<00:04,  1.45s/it]Error: Non-finite loss values for graph 1682
Error: Non-finite loss values for graph 1259
Error: Non-finite loss values for graph 3119
Error: Non-finite loss values for graph 1281
Error: Non-finite loss values for graph 3667

Processing Summary:
  Successfully processed: 95 graphs
  Skipped (missing files): 0 graphs
  Errors: 5 graphs

Running native ablation for feature 186, motif=in_feedback_loop


Ablating feature 186:   0%|          | 0/100 [00:00<?, ?it/s][A

Ablating feature 186:  24%|██▍       | 24/100 [00:00<00:00, 238.81it/s][A

Ablating feature 186:  48%|████▊     | 48/100 [00:00<00:00, 239.07it/s][A

Ablating feature 186:  72%|███████▏  | 72/100 [00:00<00:00, 238.99it/s][A

Ablating feature 186:  96%|█████████▌| 96/100 [00:00<00:00, 235.04it/s][A
Ablating feature 186: 100%|██████████| 100/100 [00:00<00:00, 236.41it/s]

Features:  60%|██████    | 3/5 [00:03<00:01,  1.01it/s]Error: Non-finite loss values for graph 1682
Error: Non-finite loss values for graph 1259
Error: Non-finite loss values for graph 3119
Error: Non-finite loss values for graph 1281
Error: Non-finite loss values for graph 3667

Processing Summary:
  Successfully processed: 95 graphs
  Skipped (missing files): 0 graphs
  Errors: 5 graphs

Running native ablation for feature 35, motif=in_feedback_loop


Ablating feature 35:   0%|          | 0/100 [00:00<?, ?it/s][A

Ablating feature 35:  24%|██▍       | 24/100 [00:00<00:00, 238.46it/s][A

Ablating feature 35:  48%|████▊     | 48/100 [00:00<00:00, 238.54it/s][A

Ablating feature 35:  72%|███████▏  | 72/100 [00:00<00:00, 238.83it/s][A

Ablating feature 35:  96%|█████████▌| 96/100 [00:00<00:00, 239.01it/s][A
Ablating feature 35: 100%|██████████| 100/100 [00:00<00:00, 238.84it/s]

Features:  80%|████████  | 4/5 [00:04<00:00,  1.30it/s]Error: Non-finite loss values for graph 1682
Error: Non-finite loss values for graph 1259
Error: Non-finite loss values for graph 3119
Error: Non-finite loss values for graph 1281
Error: Non-finite loss values for graph 3667

Processing Summary:
  Successfully processed: 95 graphs
  Skipped (missing files): 0 graphs
  Errors: 5 graphs

Running native ablation for feature 76, motif=in_feedback_loop


Ablating feature 76:   0%|          | 0/100 [00:00<?, ?it/s][A

Ablating feature 76:  24%|██▍       | 24/100 [00:00<00:00, 237.81it/s][A

Ablating feature 76:  48%|████▊     | 48/100 [00:00<00:00, 238.64it/s][A

Ablating feature 76:  72%|███████▏  | 72/100 [00:00<00:00, 238.67it/s][A

Ablating feature 76:  96%|█████████▌| 96/100 [00:00<00:00, 238.88it/s][A
Ablating feature 76: 100%|██████████| 100/100 [00:00<00:00, 238.68it/s]

Features: 100%|██████████| 5/5 [00:04<00:00,  1.55it/s]
Features: 100%|██████████| 5/5 [00:04<00:00,  1.08it/s]
Error: Non-finite loss values for graph 1682
Error: Non-finite loss values for graph 1259
Error: Non-finite loss values for graph 3119
Error: Non-finite loss values for graph 1281
Error: Non-finite loss values for graph 3667

Processing Summary:
  Successfully processed: 95 graphs
  Skipped (missing files): 0 graphs
  Errors: 5 graphs

✓ Saved native_ablation_results.png

✓ Saved r_pb-guided ablation results to outputs/native_gnn_ablations/native_ablation_topk_rpb_in_feedback_loop.csv
✓ Saved SAE feature r_pb rankings to outputs/native_gnn_ablations/sae_rpb_rankings_in_feedback_loop.csv

======================================================================
✓ STRATEGY 1 ENHANCED (SAE r_pb Guided) COMPLETE
======================================================================

Running native ablation for motif: in_cascade
Running: /data/users/goodarzilab/shervin/miniconda3/bin/python3 /data/users/goodarzilab/shervin/182-GNN_SAE/sae/native_gnn_ablation.py --variant topk --latent_dim 256 --motif in_cascade --use-rpb --k 16
======================================================================
NATIVE GNN ABLATION - STRATEGY 1 ENHANCED (SAE r_pb Guided)
======================================================================

Using r_pb to rank SAE features by motif correlation
Target motif: in_cascade
Top features to ablate: 5
  Loaded config from Phase 2 results: {'latent_dim': 256, 'k': 16}

Computing r_pb for all SAE features...

Computing SAE r_pb for motif: in_cascade
  Variant: topk, Latent dim: 256
  ✓ Loading cached latents from latents_topk_latent256_k16.pkl
  ✓ Loaded 4000 nodes × 256 latent dims (CACHED)
  Max |r_pb|: 0.102
  Features with |r_pb| > 0.3: 0

Top 5 features by |r_pb| to in_cascade:
  1. Feature 223: |r_pb| = 0.102
  2. Feature 187: |r_pb| = 0.100
  3. Feature 64: |r_pb| = 0.099
  4. Feature 186: |r_pb| = 0.094
  5. Feature 211: |r_pb| = 0.092

Features:   0%|          | 0/5 [00:00<?, ?it/s]Running native ablation for feature 223, motif=in_feedback_loop


Ablating feature 223:   0%|          | 0/100 [00:00<?, ?it/s][A

Ablating feature 223:  23%|██▎       | 23/100 [00:00<00:00, 228.60it/s][A

Ablating feature 223:  47%|████▋     | 47/100 [00:00<00:00, 234.45it/s][A

Ablating feature 223:  71%|███████   | 71/100 [00:00<00:00, 222.44it/s][A

Ablating feature 223:  94%|█████████▍| 94/100 [00:00<00:00, 214.69it/s][A
Ablating feature 223: 100%|██████████| 100/100 [00:00<00:00, 220.36it/s]

Features:  20%|██        | 1/5 [00:03<00:12,  3.02s/it]Error: Non-finite loss values for graph 1682
Error: Non-finite loss values for graph 1259
Error: Non-finite loss values for graph 3119
Error: Non-finite loss values for graph 1281
Error: Non-finite loss values for graph 3667

Processing Summary:
  Successfully processed: 95 graphs
  Skipped (missing files): 0 graphs
  Errors: 5 graphs

Running native ablation for feature 187, motif=in_feedback_loop


Ablating feature 187:   0%|          | 0/100 [00:00<?, ?it/s][A

Ablating feature 187:  22%|██▏       | 22/100 [00:00<00:00, 212.33it/s][A

Ablating feature 187:  47%|████▋     | 47/100 [00:00<00:00, 228.65it/s][A

Ablating feature 187:  72%|███████▏  | 72/100 [00:00<00:00, 233.94it/s][A

Ablating feature 187:  97%|█████████▋| 97/100 [00:00<00:00, 236.84it/s][A
Ablating feature 187: 100%|██████████| 100/100 [00:00<00:00, 233.62it/s]

Features:  40%|████      | 2/5 [00:03<00:04,  1.50s/it]Error: Non-finite loss values for graph 1682
Error: Non-finite loss values for graph 1259
Error: Non-finite loss values for graph 3119
Error: Non-finite loss values for graph 1281
Error: Non-finite loss values for graph 3667

Processing Summary:
  Successfully processed: 95 graphs
  Skipped (missing files): 0 graphs
  Errors: 5 graphs

Running native ablation for feature 64, motif=in_feedback_loop


Ablating feature 64:   0%|          | 0/100 [00:00<?, ?it/s][A

Ablating feature 64:  25%|██▌       | 25/100 [00:00<00:00, 241.15it/s][A

Ablating feature 64:  50%|█████     | 50/100 [00:00<00:00, 241.30it/s][A

Ablating feature 64:  75%|███████▌  | 75/100 [00:00<00:00, 241.13it/s][A

Ablating feature 64: 100%|██████████| 100/100 [00:00<00:00, 236.91it/s][A
Ablating feature 64: 100%|██████████| 100/100 [00:00<00:00, 238.37it/s]

Features:  60%|██████    | 3/5 [00:03<00:02,  1.01s/it]Error: Non-finite loss values for graph 1682
Error: Non-finite loss values for graph 1259
Error: Non-finite loss values for graph 3119
Error: Non-finite loss values for graph 1281
Error: Non-finite loss values for graph 3667

Processing Summary:
  Successfully processed: 95 graphs
  Skipped (missing files): 0 graphs
  Errors: 5 graphs

Running native ablation for feature 186, motif=in_feedback_loop


Ablating feature 186:   0%|          | 0/100 [00:00<?, ?it/s][A

Ablating feature 186:  25%|██▌       | 25/100 [00:00<00:00, 240.44it/s][A

Ablating feature 186:  50%|█████     | 50/100 [00:00<00:00, 240.95it/s][A

Ablating feature 186:  75%|███████▌  | 75/100 [00:00<00:00, 241.22it/s][A

Ablating feature 186: 100%|██████████| 100/100 [00:00<00:00, 241.45it/s][A
Ablating feature 186: 100%|██████████| 100/100 [00:00<00:00, 241.21it/s]

Features:  80%|████████  | 4/5 [00:04<00:00,  1.28it/s]Error: Non-finite loss values for graph 1682
Error: Non-finite loss values for graph 1259
Error: Non-finite loss values for graph 3119
Error: Non-finite loss values for graph 1281
Error: Non-finite loss values for graph 3667

Processing Summary:
  Successfully processed: 95 graphs
  Skipped (missing files): 0 graphs
  Errors: 5 graphs

Running native ablation for feature 211, motif=in_feedback_loop


Ablating feature 211:   0%|          | 0/100 [00:00<?, ?it/s][A

Ablating feature 211:  25%|██▌       | 25/100 [00:00<00:00, 240.88it/s][A

Ablating feature 211:  50%|█████     | 50/100 [00:00<00:00, 241.21it/s][A

Ablating feature 211:  75%|███████▌  | 75/100 [00:00<00:00, 241.29it/s][A

Ablating feature 211: 100%|██████████| 100/100 [00:00<00:00, 241.25it/s][A
Ablating feature 211: 100%|██████████| 100/100 [00:00<00:00, 241.16it/s]

Features: 100%|██████████| 5/5 [00:04<00:00,  1.53it/s]
Features: 100%|██████████| 5/5 [00:04<00:00,  1.05it/s]
Error: Non-finite loss values for graph 1682
Error: Non-finite loss values for graph 1259
Error: Non-finite loss values for graph 3119
Error: Non-finite loss values for graph 1281
Error: Non-finite loss values for graph 3667

Processing Summary:
  Successfully processed: 95 graphs
  Skipped (missing files): 0 graphs
  Errors: 5 graphs

✓ Saved native_ablation_results.png

✓ Saved r_pb-guided ablation results to outputs/native_gnn_ablations/native_ablation_topk_rpb_in_cascade.csv
✓ Saved SAE feature r_pb rankings to outputs/native_gnn_ablations/sae_rpb_rankings_in_cascade.csv

======================================================================
✓ STRATEGY 1 ENHANCED (SAE r_pb Guided) COMPLETE
======================================================================

Running native ablation for motif: in_feedforward_loop
Running: /data/users/goodarzilab/shervin/miniconda3/bin/python3 /data/users/goodarzilab/shervin/182-GNN_SAE/sae/native_gnn_ablation.py --variant topk --latent_dim 256 --motif in_feedforward_loop --use-rpb --k 16
======================================================================
NATIVE GNN ABLATION - STRATEGY 1 ENHANCED (SAE r_pb Guided)
======================================================================

Using r_pb to rank SAE features by motif correlation
Target motif: in_feedforward_loop
Top features to ablate: 5
  Loaded config from Phase 2 results: {'latent_dim': 256, 'k': 16}

Computing r_pb for all SAE features...

Computing SAE r_pb for motif: in_feedforward_loop
  Variant: topk, Latent dim: 256
  ✓ Loading cached latents from latents_topk_latent256_k16.pkl
  ✓ Loaded 4000 nodes × 256 latent dims (CACHED)
  Max |r_pb|: 0.294
  Features with |r_pb| > 0.3: 0

Top 5 features by |r_pb| to in_feedforward_loop:
  1. Feature 125: |r_pb| = 0.294
  2. Feature 211: |r_pb| = 0.147
  3. Feature 35: |r_pb| = 0.147
  4. Feature 186: |r_pb| = 0.146
  5. Feature 76: |r_pb| = 0.142

Features:   0%|          | 0/5 [00:00<?, ?it/s]Running native ablation for feature 125, motif=in_feedback_loop


Ablating feature 125:   0%|          | 0/100 [00:00<?, ?it/s][A

Ablating feature 125:  21%|██        | 21/100 [00:00<00:00, 206.99it/s][A

Ablating feature 125:  44%|████▍     | 44/100 [00:00<00:00, 220.06it/s][A

Ablating feature 125:  67%|██████▋   | 67/100 [00:00<00:00, 224.35it/s][A

Ablating feature 125:  91%|█████████ | 91/100 [00:00<00:00, 229.77it/s][A
Ablating feature 125: 100%|██████████| 100/100 [00:00<00:00, 226.68it/s]

Features:  20%|██        | 1/5 [00:02<00:11,  2.85s/it]Error: Non-finite loss values for graph 1682
Error: Non-finite loss values for graph 1259
Error: Non-finite loss values for graph 3119
Error: Non-finite loss values for graph 1281
Error: Non-finite loss values for graph 3667

Processing Summary:
  Successfully processed: 95 graphs
  Skipped (missing files): 0 graphs
  Errors: 5 graphs

Running native ablation for feature 211, motif=in_feedback_loop


Ablating feature 211:   0%|          | 0/100 [00:00<?, ?it/s][A

Ablating feature 211:  24%|██▍       | 24/100 [00:00<00:00, 235.03it/s][A

Ablating feature 211:  49%|████▉     | 49/100 [00:00<00:00, 239.22it/s][A

Ablating feature 211:  74%|███████▍  | 74/100 [00:00<00:00, 240.78it/s][A

Ablating feature 211:  99%|█████████▉| 99/100 [00:00<00:00, 240.27it/s][A
Ablating feature 211: 100%|██████████| 100/100 [00:00<00:00, 239.72it/s]

Features:  40%|████      | 2/5 [00:03<00:04,  1.43s/it]Error: Non-finite loss values for graph 1682
Error: Non-finite loss values for graph 1259
Error: Non-finite loss values for graph 3119
Error: Non-finite loss values for graph 1281
Error: Non-finite loss values for graph 3667

Processing Summary:
  Successfully processed: 95 graphs
  Skipped (missing files): 0 graphs
  Errors: 5 graphs

Running native ablation for feature 35, motif=in_feedback_loop


Ablating feature 35:   0%|          | 0/100 [00:00<?, ?it/s][A

Ablating feature 35:  24%|██▍       | 24/100 [00:00<00:00, 234.55it/s][A

Ablating feature 35:  48%|████▊     | 48/100 [00:00<00:00, 233.41it/s][A

Ablating feature 35:  72%|███████▏  | 72/100 [00:00<00:00, 235.96it/s][A

Ablating feature 35:  96%|█████████▌| 96/100 [00:00<00:00, 235.55it/s][A
Ablating feature 35: 100%|██████████| 100/100 [00:00<00:00, 235.14it/s]

Features:  60%|██████    | 3/5 [00:03<00:01,  1.03it/s]Error: Non-finite loss values for graph 1682
Error: Non-finite loss values for graph 1259
Error: Non-finite loss values for graph 3119
Error: Non-finite loss values for graph 1281
Error: Non-finite loss values for graph 3667

Processing Summary:
  Successfully processed: 95 graphs
  Skipped (missing files): 0 graphs
  Errors: 5 graphs

Running native ablation for feature 186, motif=in_feedback_loop


Ablating feature 186:   0%|          | 0/100 [00:00<?, ?it/s][A

Ablating feature 186:  25%|██▌       | 25/100 [00:00<00:00, 239.08it/s][A

Ablating feature 186:  49%|████▉     | 49/100 [00:00<00:00, 231.40it/s][A

Ablating feature 186:  73%|███████▎  | 73/100 [00:00<00:00, 208.20it/s][A

Ablating feature 186:  98%|█████████▊| 98/100 [00:00<00:00, 219.65it/s][A
Ablating feature 186: 100%|██████████| 100/100 [00:00<00:00, 220.77it/s]

Features:  80%|████████  | 4/5 [00:04<00:00,  1.29it/s]Error: Non-finite loss values for graph 1682
Error: Non-finite loss values for graph 1259
Error: Non-finite loss values for graph 3119
Error: Non-finite loss values for graph 1281
Error: Non-finite loss values for graph 3667

Processing Summary:
  Successfully processed: 95 graphs
  Skipped (missing files): 0 graphs
  Errors: 5 graphs

Running native ablation for feature 76, motif=in_feedback_loop


Ablating feature 76:   0%|          | 0/100 [00:00<?, ?it/s][A

Ablating feature 76:  24%|██▍       | 24/100 [00:00<00:00, 234.47it/s][A

Ablating feature 76:  48%|████▊     | 48/100 [00:00<00:00, 235.31it/s][A

Ablating feature 76:  73%|███████▎  | 73/100 [00:00<00:00, 237.67it/s][A

Ablating feature 76:  98%|█████████▊| 98/100 [00:00<00:00, 239.93it/s][A
Ablating feature 76: 100%|██████████| 100/100 [00:00<00:00, 238.16it/s]

Features: 100%|██████████| 5/5 [00:04<00:00,  1.54it/s]
Features: 100%|██████████| 5/5 [00:04<00:00,  1.08it/s]
Error: Non-finite loss values for graph 1682
Error: Non-finite loss values for graph 1259
Error: Non-finite loss values for graph 3119
Error: Non-finite loss values for graph 1281
Error: Non-finite loss values for graph 3667

Processing Summary:
  Successfully processed: 95 graphs
  Skipped (missing files): 0 graphs
  Errors: 5 graphs

✓ Saved native_ablation_results.png

✓ Saved r_pb-guided ablation results to outputs/native_gnn_ablations/native_ablation_topk_rpb_in_feedforward_loop.csv
✓ Saved SAE feature r_pb rankings to outputs/native_gnn_ablations/sae_rpb_rankings_in_feedforward_loop.csv

======================================================================
✓ STRATEGY 1 ENHANCED (SAE r_pb Guided) COMPLETE
======================================================================

Running native ablation for motif: in_single_input_module
Running: /data/users/goodarzilab/shervin/miniconda3/bin/python3 /data/users/goodarzilab/shervin/182-GNN_SAE/sae/native_gnn_ablation.py --variant topk --latent_dim 256 --motif in_single_input_module --use-rpb --k 16
======================================================================
NATIVE GNN ABLATION - STRATEGY 1 ENHANCED (SAE r_pb Guided)
======================================================================

Using r_pb to rank SAE features by motif correlation
Target motif: in_single_input_module
Top features to ablate: 5
  Loaded config from Phase 2 results: {'latent_dim': 256, 'k': 16}

Computing r_pb for all SAE features...

Computing SAE r_pb for motif: in_single_input_module
  Variant: topk, Latent dim: 256
  ✓ Loading cached latents from latents_topk_latent256_k16.pkl
  ✓ Loaded 4000 nodes × 256 latent dims (CACHED)
  Max |r_pb|: 0.293
  Features with |r_pb| > 0.3: 0

Top 5 features by |r_pb| to in_single_input_module:
  1. Feature 125: |r_pb| = 0.293
  2. Feature 211: |r_pb| = 0.147
  3. Feature 35: |r_pb| = 0.146
  4. Feature 186: |r_pb| = 0.145
  5. Feature 76: |r_pb| = 0.142

Features:   0%|          | 0/5 [00:00<?, ?it/s]Running native ablation for feature 125, motif=in_feedback_loop


Ablating feature 125:   0%|          | 0/100 [00:00<?, ?it/s][A

Ablating feature 125:  20%|██        | 20/100 [00:00<00:00, 198.87it/s][A

Ablating feature 125:  41%|████      | 41/100 [00:00<00:00, 204.85it/s][A

Ablating feature 125:  62%|██████▏   | 62/100 [00:00<00:00, 206.56it/s][A

Ablating feature 125:  83%|████████▎ | 83/100 [00:00<00:00, 207.71it/s][A
Ablating feature 125: 100%|██████████| 100/100 [00:00<00:00, 206.98it/s]

Features:  20%|██        | 1/5 [00:02<00:11,  2.96s/it]Error: Non-finite loss values for graph 1682
Error: Non-finite loss values for graph 1259
Error: Non-finite loss values for graph 3119
Error: Non-finite loss values for graph 1281
Error: Non-finite loss values for graph 3667

Processing Summary:
  Successfully processed: 95 graphs
  Skipped (missing files): 0 graphs
  Errors: 5 graphs

Running native ablation for feature 211, motif=in_feedback_loop


Ablating feature 211:   0%|          | 0/100 [00:00<?, ?it/s][A

Ablating feature 211:  22%|██▏       | 22/100 [00:00<00:00, 210.33it/s][A

Ablating feature 211:  44%|████▍     | 44/100 [00:00<00:00, 210.48it/s][A

Ablating feature 211:  66%|██████▌   | 66/100 [00:00<00:00, 210.61it/s][A

Ablating feature 211:  88%|████████▊ | 88/100 [00:00<00:00, 210.75it/s][A
Ablating feature 211: 100%|██████████| 100/100 [00:00<00:00, 210.59it/s]

Features:  40%|████      | 2/5 [00:03<00:04,  1.50s/it]Error: Non-finite loss values for graph 1682
Error: Non-finite loss values for graph 1259
Error: Non-finite loss values for graph 3119
Error: Non-finite loss values for graph 1281
Error: Non-finite loss values for graph 3667

Processing Summary:
  Successfully processed: 95 graphs
  Skipped (missing files): 0 graphs
  Errors: 5 graphs

Running native ablation for feature 35, motif=in_feedback_loop


Ablating feature 35:   0%|          | 0/100 [00:00<?, ?it/s][A

Ablating feature 35:  22%|██▏       | 22/100 [00:00<00:00, 210.74it/s][A

Ablating feature 35:  44%|████▍     | 44/100 [00:00<00:00, 210.62it/s][A

Ablating feature 35:  66%|██████▌   | 66/100 [00:00<00:00, 206.45it/s][A

Ablating feature 35:  87%|████████▋ | 87/100 [00:00<00:00, 207.75it/s][A
Ablating feature 35: 100%|██████████| 100/100 [00:00<00:00, 208.36it/s]

Features:  60%|██████    | 3/5 [00:03<00:02,  1.04s/it]Error: Non-finite loss values for graph 1682
Error: Non-finite loss values for graph 1259
Error: Non-finite loss values for graph 3119
Error: Non-finite loss values for graph 1281
Error: Non-finite loss values for graph 3667

Processing Summary:
  Successfully processed: 95 graphs
  Skipped (missing files): 0 graphs
  Errors: 5 graphs

Running native ablation for feature 186, motif=in_feedback_loop


Ablating feature 186:   0%|          | 0/100 [00:00<?, ?it/s][A

Ablating feature 186:  21%|██        | 21/100 [00:00<00:00, 209.95it/s][A

Ablating feature 186:  43%|████▎     | 43/100 [00:00<00:00, 210.14it/s][A

Ablating feature 186:  65%|██████▌   | 65/100 [00:00<00:00, 210.24it/s][A

Ablating feature 186:  87%|████████▋ | 87/100 [00:00<00:00, 210.43it/s][A
Ablating feature 186: 100%|██████████| 100/100 [00:00<00:00, 210.34it/s]

Features:  80%|████████  | 4/5 [00:04<00:00,  1.22it/s]Error: Non-finite loss values for graph 1682
Error: Non-finite loss values for graph 1259
Error: Non-finite loss values for graph 3119
Error: Non-finite loss values for graph 1281
Error: Non-finite loss values for graph 3667

Processing Summary:
  Successfully processed: 95 graphs
  Skipped (missing files): 0 graphs
  Errors: 5 graphs

Running native ablation for feature 76, motif=in_feedback_loop


Ablating feature 76:   0%|          | 0/100 [00:00<?, ?it/s][A

Ablating feature 76:  22%|██▏       | 22/100 [00:00<00:00, 210.43it/s][A

Ablating feature 76:  44%|████▍     | 44/100 [00:00<00:00, 210.34it/s][A

Ablating feature 76:  66%|██████▌   | 66/100 [00:00<00:00, 210.48it/s][A

Ablating feature 76:  88%|████████▊ | 88/100 [00:00<00:00, 210.50it/s][A
Ablating feature 76: 100%|██████████| 100/100 [00:00<00:00, 210.41it/s]

Features: 100%|██████████| 5/5 [00:04<00:00,  1.43it/s]
Features: 100%|██████████| 5/5 [00:04<00:00,  1.02it/s]
Error: Non-finite loss values for graph 1682
Error: Non-finite loss values for graph 1259
Error: Non-finite loss values for graph 3119
Error: Non-finite loss values for graph 1281
Error: Non-finite loss values for graph 3667

Processing Summary:
  Successfully processed: 95 graphs
  Skipped (missing files): 0 graphs
  Errors: 5 graphs

✓ Saved native_ablation_results.png

✓ Saved r_pb-guided ablation results to outputs/native_gnn_ablations/native_ablation_topk_rpb_in_single_input_module.csv
✓ Saved SAE feature r_pb rankings to outputs/native_gnn_ablations/sae_rpb_rankings_in_single_input_module.csv

======================================================================
✓ STRATEGY 1 ENHANCED (SAE r_pb Guided) COMPLETE
======================================================================


----------------------------------------------------------------------
Processing variant: SWITCH
Config: 8 experts, 128D per expert, k=16 (composite_score=0.616)
----------------------------------------------------------------------

ERROR: Phase 3a config not found for switch. Run Phase 3a first.

----------------------------------------------------------------------
Processing variant: GATED
Config: High capacity, low sparsity penalty (composite_score=0.451)
----------------------------------------------------------------------

Running native ablation for motif: in_feedback_loop
Running: /data/users/goodarzilab/shervin/miniconda3/bin/python3 /data/users/goodarzilab/shervin/182-GNN_SAE/sae/native_gnn_ablation.py --variant gated --latent_dim 512 --motif in_feedback_loop --use-rpb
======================================================================
NATIVE GNN ABLATION - STRATEGY 1 ENHANCED (SAE r_pb Guided)
======================================================================

Using r_pb to rank SAE features by motif correlation
Target motif: in_feedback_loop
Top features to ablate: 5
  Loaded config from Phase 2 results: {'latent_dim': 512, 'sparsity_coef': 0.0001}

Computing r_pb for all SAE features...

Computing SAE r_pb for motif: in_feedback_loop
  Variant: gated, Latent dim: 512
  Loading SAE model and encoding activations...

Encoding activations:   0%|          | 0/200 [00:00<?, ?it/s]
Encoding activations:  21%|██        | 42/200 [00:00<00:00, 415.27it/s]
Encoding activations:  43%|████▎     | 86/200 [00:00<00:00, 424.24it/s]
Encoding activations:  66%|██████▌   | 131/200 [00:00<00:00, 432.66it/s]
Encoding activations:  88%|████████▊ | 175/200 [00:00<00:00, 435.29it/s]
Encoding activations: 100%|██████████| 200/200 [00:00<00:00, 432.74it/s]
  ✓ Loaded 2000 nodes × 512 latent dims (on-the-fly)
  Max |r_pb|: nan
  Features with |r_pb| > 0.3: 0

Top 5 features by |r_pb| to in_feedback_loop:
  1. Feature 4: |r_pb| = nan
  2. Feature 6: |r_pb| = nan
  3. Feature 8: |r_pb| = nan
  4. Feature 9: |r_pb| = nan
  5. Feature 12: |r_pb| = nan

Features:   0%|          | 0/5 [00:00<?, ?it/s]Running native ablation for feature 4, motif=in_feedback_loop


Ablating feature 4:   0%|          | 0/100 [00:00<?, ?it/s][A

Ablating feature 4:  18%|█▊        | 18/100 [00:00<00:00, 172.00it/s][A

Ablating feature 4:  37%|███▋      | 37/100 [00:00<00:00, 180.05it/s][A

Ablating feature 4:  57%|█████▋    | 57/100 [00:00<00:00, 186.30it/s][A

Ablating feature 4:  77%|███████▋  | 77/100 [00:00<00:00, 190.08it/s][A

Ablating feature 4:  97%|█████████▋| 97/100 [00:00<00:00, 192.06it/s][A
Ablating feature 4: 100%|██████████| 100/100 [00:00<00:00, 188.59it/s]

Features:  20%|██        | 1/5 [00:02<00:11,  2.90s/it]Error: Non-finite loss values for graph 1682
Error: Non-finite loss values for graph 1259
Error: Non-finite loss values for graph 3119
Error: Non-finite loss values for graph 1281
Error: Non-finite loss values for graph 3667

Processing Summary:
  Successfully processed: 95 graphs
  Skipped (missing files): 0 graphs
  Errors: 5 graphs

Running native ablation for feature 6, motif=in_feedback_loop


Ablating feature 6:   0%|          | 0/100 [00:00<?, ?it/s][A

Ablating feature 6:  20%|██        | 20/100 [00:00<00:00, 193.48it/s][A

Ablating feature 6:  40%|████      | 40/100 [00:00<00:00, 196.35it/s][A

Ablating feature 6:  60%|██████    | 60/100 [00:00<00:00, 195.68it/s][A

Ablating feature 6:  80%|████████  | 80/100 [00:00<00:00, 194.96it/s][A

Ablating feature 6: 100%|██████████| 100/100 [00:00<00:00, 195.26it/s][A
Ablating feature 6: 100%|██████████| 100/100 [00:00<00:00, 195.23it/s]

Features:  40%|████      | 2/5 [00:03<00:04,  1.50s/it]Error: Non-finite loss values for graph 1682
Error: Non-finite loss values for graph 1259
Error: Non-finite loss values for graph 3119
Error: Non-finite loss values for graph 1281
Error: Non-finite loss values for graph 3667

Processing Summary:
  Successfully processed: 95 graphs
  Skipped (missing files): 0 graphs
  Errors: 5 graphs

Running native ablation for feature 8, motif=in_feedback_loop


Ablating feature 8:   0%|          | 0/100 [00:00<?, ?it/s][A

Ablating feature 8:  19%|█▉        | 19/100 [00:00<00:00, 181.90it/s][A

Ablating feature 8:  38%|███▊      | 38/100 [00:00<00:00, 183.02it/s][A

Ablating feature 8:  58%|█████▊    | 58/100 [00:00<00:00, 187.99it/s][A

Ablating feature 8:  78%|███████▊  | 78/100 [00:00<00:00, 191.30it/s][A

Ablating feature 8:  98%|█████████▊| 98/100 [00:00<00:00, 193.05it/s][A
Ablating feature 8: 100%|██████████| 100/100 [00:00<00:00, 190.57it/s]

Features:  60%|██████    | 3/5 [00:03<00:02,  1.06s/it]Error: Non-finite loss values for graph 1682
Error: Non-finite loss values for graph 1259
Error: Non-finite loss values for graph 3119
Error: Non-finite loss values for graph 1281
Error: Non-finite loss values for graph 3667

Processing Summary:
  Successfully processed: 95 graphs
  Skipped (missing files): 0 graphs
  Errors: 5 graphs

Running native ablation for feature 9, motif=in_feedback_loop


Ablating feature 9:   0%|          | 0/100 [00:00<?, ?it/s][A

Ablating feature 9:  20%|██        | 20/100 [00:00<00:00, 194.74it/s][A

Ablating feature 9:  41%|████      | 41/100 [00:00<00:00, 198.19it/s][A

Ablating feature 9:  62%|██████▏   | 62/100 [00:00<00:00, 200.37it/s][A

Ablating feature 9:  83%|████████▎ | 83/100 [00:00<00:00, 201.39it/s][A
Ablating feature 9: 100%|██████████| 100/100 [00:00<00:00, 200.72it/s]

Features:  80%|████████  | 4/5 [00:04<00:00,  1.19it/s]Error: Non-finite loss values for graph 1682
Error: Non-finite loss values for graph 1259
Error: Non-finite loss values for graph 3119
Error: Non-finite loss values for graph 1281
Error: Non-finite loss values for graph 3667

Processing Summary:
  Successfully processed: 95 graphs
  Skipped (missing files): 0 graphs
  Errors: 5 graphs

Running native ablation for feature 12, motif=in_feedback_loop


Ablating feature 12:   0%|          | 0/100 [00:00<?, ?it/s][A

Ablating feature 12:  21%|██        | 21/100 [00:00<00:00, 202.68it/s][A

Ablating feature 12:  42%|████▏     | 42/100 [00:00<00:00, 202.73it/s][A

Ablating feature 12:  63%|██████▎   | 63/100 [00:00<00:00, 203.03it/s][A

Ablating feature 12:  84%|████████▍ | 84/100 [00:00<00:00, 200.38it/s][A
Ablating feature 12: 100%|██████████| 100/100 [00:00<00:00, 196.39it/s]

Features: 100%|██████████| 5/5 [00:04<00:00,  1.38it/s]
Features: 100%|██████████| 5/5 [00:04<00:00,  1.00it/s]
Error: Non-finite loss values for graph 1682
Error: Non-finite loss values for graph 1259
Error: Non-finite loss values for graph 3119
Error: Non-finite loss values for graph 1281
Error: Non-finite loss values for graph 3667

Processing Summary:
  Successfully processed: 95 graphs
  Skipped (missing files): 0 graphs
  Errors: 5 graphs

✓ Saved native_ablation_results.png

✓ Saved r_pb-guided ablation results to outputs/native_gnn_ablations/native_ablation_gated_rpb_in_feedback_loop.csv
✓ Saved SAE feature r_pb rankings to outputs/native_gnn_ablations/sae_rpb_rankings_in_feedback_loop.csv

======================================================================
✓ STRATEGY 1 ENHANCED (SAE r_pb Guided) COMPLETE
======================================================================

Running native ablation for motif: in_cascade
Running: /data/users/goodarzilab/shervin/miniconda3/bin/python3 /data/users/goodarzilab/shervin/182-GNN_SAE/sae/native_gnn_ablation.py --variant gated --latent_dim 512 --motif in_cascade --use-rpb
======================================================================
NATIVE GNN ABLATION - STRATEGY 1 ENHANCED (SAE r_pb Guided)
======================================================================

Using r_pb to rank SAE features by motif correlation
Target motif: in_cascade
Top features to ablate: 5
  Loaded config from Phase 2 results: {'latent_dim': 512, 'sparsity_coef': 0.0001}

Computing r_pb for all SAE features...

Computing SAE r_pb for motif: in_cascade
  Variant: gated, Latent dim: 512
  Loading SAE model and encoding activations...

Encoding activations:   0%|          | 0/200 [00:00<?, ?it/s]
Encoding activations:  18%|█▊        | 37/200 [00:00<00:00, 369.04it/s]
Encoding activations:  38%|███▊      | 76/200 [00:00<00:00, 381.18it/s]
Encoding activations:  57%|█████▊    | 115/200 [00:00<00:00, 381.63it/s]
Encoding activations:  79%|███████▉  | 158/200 [00:00<00:00, 400.59it/s]
Encoding activations: 100%|██████████| 200/200 [00:00<00:00, 400.47it/s]
  ✓ Loaded 2000 nodes × 512 latent dims (on-the-fly)
  Max |r_pb|: nan
  Features with |r_pb| > 0.3: 0

Top 5 features by |r_pb| to in_cascade:
  1. Feature 4: |r_pb| = nan
  2. Feature 6: |r_pb| = nan
  3. Feature 8: |r_pb| = nan
  4. Feature 9: |r_pb| = nan
  5. Feature 12: |r_pb| = nan

Features:   0%|          | 0/5 [00:00<?, ?it/s]Running native ablation for feature 4, motif=in_feedback_loop


Ablating feature 4:   0%|          | 0/100 [00:00<?, ?it/s][A

Ablating feature 4:  22%|██▏       | 22/100 [00:00<00:00, 212.87it/s][A

Ablating feature 4:  46%|████▌     | 46/100 [00:00<00:00, 224.44it/s][A

Ablating feature 4:  70%|███████   | 70/100 [00:00<00:00, 229.17it/s][A

Ablating feature 4:  94%|█████████▍| 94/100 [00:00<00:00, 231.53it/s][A
Ablating feature 4: 100%|██████████| 100/100 [00:00<00:00, 229.20it/s]

Features:  20%|██        | 1/5 [00:02<00:11,  2.76s/it]Error: Non-finite loss values for graph 1682
Error: Non-finite loss values for graph 1259
Error: Non-finite loss values for graph 3119
Error: Non-finite loss values for graph 1281
Error: Non-finite loss values for graph 3667

Processing Summary:
  Successfully processed: 95 graphs
  Skipped (missing files): 0 graphs
  Errors: 5 graphs

Running native ablation for feature 6, motif=in_feedback_loop


Ablating feature 6:   0%|          | 0/100 [00:00<?, ?it/s][A

Ablating feature 6:  22%|██▏       | 22/100 [00:00<00:00, 214.94it/s][A

Ablating feature 6:  45%|████▌     | 45/100 [00:00<00:00, 220.89it/s][A

Ablating feature 6:  68%|██████▊   | 68/100 [00:00<00:00, 220.04it/s][A

Ablating feature 6:  92%|█████████▏| 92/100 [00:00<00:00, 226.01it/s][A
Ablating feature 6: 100%|██████████| 100/100 [00:00<00:00, 224.46it/s]

Features:  40%|████      | 2/5 [00:03<00:04,  1.40s/it]Error: Non-finite loss values for graph 1682
Error: Non-finite loss values for graph 1259
Error: Non-finite loss values for graph 3119
Error: Non-finite loss values for graph 1281
Error: Non-finite loss values for graph 3667

Processing Summary:
  Successfully processed: 95 graphs
  Skipped (missing files): 0 graphs
  Errors: 5 graphs

Running native ablation for feature 8, motif=in_feedback_loop


Ablating feature 8:   0%|          | 0/100 [00:00<?, ?it/s][A

Ablating feature 8:  24%|██▍       | 24/100 [00:00<00:00, 234.83it/s][A

Ablating feature 8:  48%|████▊     | 48/100 [00:00<00:00, 235.11it/s][A

Ablating feature 8:  72%|███████▏  | 72/100 [00:00<00:00, 235.26it/s][A

Ablating feature 8:  96%|█████████▌| 96/100 [00:00<00:00, 235.82it/s][A
Ablating feature 8: 100%|██████████| 100/100 [00:00<00:00, 235.56it/s]

Features:  60%|██████    | 3/5 [00:03<00:01,  1.04it/s]Error: Non-finite loss values for graph 1682
Error: Non-finite loss values for graph 1259
Error: Non-finite loss values for graph 3119
Error: Non-finite loss values for graph 1281
Error: Non-finite loss values for graph 3667

Processing Summary:
  Successfully processed: 95 graphs
  Skipped (missing files): 0 graphs
  Errors: 5 graphs

Running native ablation for feature 9, motif=in_feedback_loop


Ablating feature 9:   0%|          | 0/100 [00:00<?, ?it/s][A

Ablating feature 9:  24%|██▍       | 24/100 [00:00<00:00, 235.62it/s][A

Ablating feature 9:  48%|████▊     | 48/100 [00:00<00:00, 236.15it/s][A

Ablating feature 9:  72%|███████▏  | 72/100 [00:00<00:00, 236.56it/s][A

Ablating feature 9:  96%|█████████▌| 96/100 [00:00<00:00, 236.78it/s][A
Ablating feature 9: 100%|██████████| 100/100 [00:00<00:00, 236.54it/s]

Features:  80%|████████  | 4/5 [00:04<00:00,  1.33it/s]Error: Non-finite loss values for graph 1682
Error: Non-finite loss values for graph 1259
Error: Non-finite loss values for graph 3119
Error: Non-finite loss values for graph 1281
Error: Non-finite loss values for graph 3667

Processing Summary:
  Successfully processed: 95 graphs
  Skipped (missing files): 0 graphs
  Errors: 5 graphs

Running native ablation for feature 12, motif=in_feedback_loop


Ablating feature 12:   0%|          | 0/100 [00:00<?, ?it/s][A

Ablating feature 12:  24%|██▍       | 24/100 [00:00<00:00, 236.62it/s][A

Ablating feature 12:  48%|████▊     | 48/100 [00:00<00:00, 236.09it/s][A

Ablating feature 12:  72%|███████▏  | 72/100 [00:00<00:00, 224.70it/s][A

Ablating feature 12:  96%|█████████▌| 96/100 [00:00<00:00, 227.50it/s][A
Ablating feature 12: 100%|██████████| 100/100 [00:00<00:00, 228.96it/s]

Features: 100%|██████████| 5/5 [00:04<00:00,  1.56it/s]
Features: 100%|██████████| 5/5 [00:04<00:00,  1.10it/s]
Error: Non-finite loss values for graph 1682
Error: Non-finite loss values for graph 1259
Error: Non-finite loss values for graph 3119
Error: Non-finite loss values for graph 1281
Error: Non-finite loss values for graph 3667

Processing Summary:
  Successfully processed: 95 graphs
  Skipped (missing files): 0 graphs
  Errors: 5 graphs

✓ Saved native_ablation_results.png

✓ Saved r_pb-guided ablation results to outputs/native_gnn_ablations/native_ablation_gated_rpb_in_cascade.csv
✓ Saved SAE feature r_pb rankings to outputs/native_gnn_ablations/sae_rpb_rankings_in_cascade.csv

======================================================================
✓ STRATEGY 1 ENHANCED (SAE r_pb Guided) COMPLETE
======================================================================

Running native ablation for motif: in_feedforward_loop
Running: /data/users/goodarzilab/shervin/miniconda3/bin/python3 /data/users/goodarzilab/shervin/182-GNN_SAE/sae/native_gnn_ablation.py --variant gated --latent_dim 512 --motif in_feedforward_loop --use-rpb
======================================================================
NATIVE GNN ABLATION - STRATEGY 1 ENHANCED (SAE r_pb Guided)
======================================================================

Using r_pb to rank SAE features by motif correlation
Target motif: in_feedforward_loop
Top features to ablate: 5
  Loaded config from Phase 2 results: {'latent_dim': 512, 'sparsity_coef': 0.0001}

Computing r_pb for all SAE features...

Computing SAE r_pb for motif: in_feedforward_loop
  Variant: gated, Latent dim: 512
  Loading SAE model and encoding activations...

Encoding activations:   0%|          | 0/200 [00:00<?, ?it/s]
Encoding activations:  18%|█▊        | 36/200 [00:00<00:00, 359.28it/s]
Encoding activations:  38%|███▊      | 75/200 [00:00<00:00, 376.60it/s]
Encoding activations:  57%|█████▊    | 115/200 [00:00<00:00, 382.77it/s]
Encoding activations:  77%|███████▋  | 154/200 [00:00<00:00, 385.07it/s]
Encoding activations:  96%|█████████▋| 193/200 [00:00<00:00, 386.14it/s]
Encoding activations: 100%|██████████| 200/200 [00:00<00:00, 382.98it/s]
  ✓ Loaded 2000 nodes × 512 latent dims (on-the-fly)
  Max |r_pb|: nan
  Features with |r_pb| > 0.3: 0

Top 5 features by |r_pb| to in_feedforward_loop:
  1. Feature 4: |r_pb| = nan
  2. Feature 6: |r_pb| = nan
  3. Feature 8: |r_pb| = nan
  4. Feature 9: |r_pb| = nan
  5. Feature 12: |r_pb| = nan

Features:   0%|          | 0/5 [00:00<?, ?it/s]Running native ablation for feature 4, motif=in_feedback_loop


Ablating feature 4:   0%|          | 0/100 [00:00<?, ?it/s][A

Ablating feature 4:  19%|█▉        | 19/100 [00:00<00:00, 183.77it/s][A

Ablating feature 4:  38%|███▊      | 38/100 [00:00<00:00, 185.62it/s][A

Ablating feature 4:  57%|█████▋    | 57/100 [00:00<00:00, 187.25it/s][A

Ablating feature 4:  76%|███████▌  | 76/100 [00:00<00:00, 187.72it/s][A

Ablating feature 4:  95%|█████████▌| 95/100 [00:00<00:00, 186.37it/s][A
Ablating feature 4: 100%|██████████| 100/100 [00:00<00:00, 186.55it/s]

Features:  20%|██        | 1/5 [00:02<00:10,  2.65s/it]Error: Non-finite loss values for graph 1682
Error: Non-finite loss values for graph 1259
Error: Non-finite loss values for graph 3119
Error: Non-finite loss values for graph 1281
Error: Non-finite loss values for graph 3667

Processing Summary:
  Successfully processed: 95 graphs
  Skipped (missing files): 0 graphs
  Errors: 5 graphs

Running native ablation for feature 6, motif=in_feedback_loop


Ablating feature 6:   0%|          | 0/100 [00:00<?, ?it/s][A

Ablating feature 6:  19%|█▉        | 19/100 [00:00<00:00, 189.15it/s][A

Ablating feature 6:  38%|███▊      | 38/100 [00:00<00:00, 189.03it/s][A

Ablating feature 6:  58%|█████▊    | 58/100 [00:00<00:00, 189.49it/s][A

Ablating feature 6:  77%|███████▋  | 77/100 [00:00<00:00, 189.64it/s][A

Ablating feature 6:  96%|█████████▌| 96/100 [00:00<00:00, 189.56it/s][A
Ablating feature 6: 100%|██████████| 100/100 [00:00<00:00, 189.48it/s]

Features:  40%|████      | 2/5 [00:03<00:04,  1.41s/it]Error: Non-finite loss values for graph 1682
Error: Non-finite loss values for graph 1259
Error: Non-finite loss values for graph 3119
Error: Non-finite loss values for graph 1281
Error: Non-finite loss values for graph 3667

Processing Summary:
  Successfully processed: 95 graphs
  Skipped (missing files): 0 graphs
  Errors: 5 graphs

Running native ablation for feature 8, motif=in_feedback_loop


Ablating feature 8:   0%|          | 0/100 [00:00<?, ?it/s][A

Ablating feature 8:  19%|█▉        | 19/100 [00:00<00:00, 189.69it/s][A

Ablating feature 8:  38%|███▊      | 38/100 [00:00<00:00, 189.40it/s][A

Ablating feature 8:  57%|█████▋    | 57/100 [00:00<00:00, 189.58it/s][A

Ablating feature 8:  76%|███████▌  | 76/100 [00:00<00:00, 189.49it/s][A

Ablating feature 8:  95%|█████████▌| 95/100 [00:00<00:00, 188.92it/s][A
Ablating feature 8: 100%|██████████| 100/100 [00:00<00:00, 189.19it/s]

Features:  60%|██████    | 3/5 [00:03<00:02,  1.01s/it]Error: Non-finite loss values for graph 1682
Error: Non-finite loss values for graph 1259
Error: Non-finite loss values for graph 3119
Error: Non-finite loss values for graph 1281
Error: Non-finite loss values for graph 3667

Processing Summary:
  Successfully processed: 95 graphs
  Skipped (missing files): 0 graphs
  Errors: 5 graphs

Running native ablation for feature 9, motif=in_feedback_loop


Ablating feature 9:   0%|          | 0/100 [00:00<?, ?it/s][A

Ablating feature 9:  20%|██        | 20/100 [00:00<00:00, 190.27it/s][A

Ablating feature 9:  40%|████      | 40/100 [00:00<00:00, 189.72it/s][A

Ablating feature 9:  60%|██████    | 60/100 [00:00<00:00, 192.17it/s][A

Ablating feature 9:  84%|████████▍ | 84/100 [00:00<00:00, 208.76it/s][A
Ablating feature 9: 100%|██████████| 100/100 [00:00<00:00, 206.60it/s]

Features:  80%|████████  | 4/5 [00:04<00:00,  1.24it/s]Error: Non-finite loss values for graph 1682
Error: Non-finite loss values for graph 1259
Error: Non-finite loss values for graph 3119
Error: Non-finite loss values for graph 1281
Error: Non-finite loss values for graph 3667

Processing Summary:
  Successfully processed: 95 graphs
  Skipped (missing files): 0 graphs
  Errors: 5 graphs

Running native ablation for feature 12, motif=in_feedback_loop


Ablating feature 12:   0%|          | 0/100 [00:00<?, ?it/s][A

Ablating feature 12:  24%|██▍       | 24/100 [00:00<00:00, 233.32it/s][A

Ablating feature 12:  48%|████▊     | 48/100 [00:00<00:00, 233.56it/s][A

Ablating feature 12:  72%|███████▏  | 72/100 [00:00<00:00, 233.85it/s][A

Ablating feature 12:  96%|█████████▌| 96/100 [00:00<00:00, 233.87it/s][A
Ablating feature 12: 100%|██████████| 100/100 [00:00<00:00, 233.78it/s]

Features: 100%|██████████| 5/5 [00:04<00:00,  1.48it/s]
Features: 100%|██████████| 5/5 [00:04<00:00,  1.07it/s]
Error: Non-finite loss values for graph 1682
Error: Non-finite loss values for graph 1259
Error: Non-finite loss values for graph 3119
Error: Non-finite loss values for graph 1281
Error: Non-finite loss values for graph 3667

Processing Summary:
  Successfully processed: 95 graphs
  Skipped (missing files): 0 graphs
  Errors: 5 graphs

✓ Saved native_ablation_results.png

✓ Saved r_pb-guided ablation results to outputs/native_gnn_ablations/native_ablation_gated_rpb_in_feedforward_loop.csv
✓ Saved SAE feature r_pb rankings to outputs/native_gnn_ablations/sae_rpb_rankings_in_feedforward_loop.csv

======================================================================
✓ STRATEGY 1 ENHANCED (SAE r_pb Guided) COMPLETE
======================================================================

Running native ablation for motif: in_single_input_module
Running: /data/users/goodarzilab/shervin/miniconda3/bin/python3 /data/users/goodarzilab/shervin/182-GNN_SAE/sae/native_gnn_ablation.py --variant gated --latent_dim 512 --motif in_single_input_module --use-rpb
======================================================================
NATIVE GNN ABLATION - STRATEGY 1 ENHANCED (SAE r_pb Guided)
======================================================================

Using r_pb to rank SAE features by motif correlation
Target motif: in_single_input_module
Top features to ablate: 5
  Loaded config from Phase 2 results: {'latent_dim': 512, 'sparsity_coef': 0.0001}

Computing r_pb for all SAE features...

Computing SAE r_pb for motif: in_single_input_module
  Variant: gated, Latent dim: 512
  Loading SAE model and encoding activations...

Encoding activations:   0%|          | 0/200 [00:00<?, ?it/s]
Encoding activations:  18%|█▊        | 37/200 [00:00<00:00, 364.09it/s]
Encoding activations:  38%|███▊      | 76/200 [00:00<00:00, 378.46it/s]
Encoding activations:  57%|█████▊    | 115/200 [00:00<00:00, 381.96it/s]
Encoding activations:  80%|███████▉  | 159/200 [00:00<00:00, 404.41it/s]
Encoding activations: 100%|██████████| 200/200 [00:00<00:00, 393.12it/s]
Encoding activations: 100%|██████████| 200/200 [00:00<00:00, 390.01it/s]
  ✓ Loaded 2000 nodes × 512 latent dims (on-the-fly)
  Max |r_pb|: nan
  Features with |r_pb| > 0.3: 0

Top 5 features by |r_pb| to in_single_input_module:
  1. Feature 4: |r_pb| = nan
  2. Feature 6: |r_pb| = nan
  3. Feature 8: |r_pb| = nan
  4. Feature 9: |r_pb| = nan
  5. Feature 12: |r_pb| = nan

Features:   0%|          | 0/5 [00:00<?, ?it/s]Running native ablation for feature 4, motif=in_feedback_loop


Ablating feature 4:   0%|          | 0/100 [00:00<?, ?it/s][A

Ablating feature 4:  22%|██▏       | 22/100 [00:00<00:00, 218.14it/s][A

Ablating feature 4:  46%|████▌     | 46/100 [00:00<00:00, 226.02it/s][A

Ablating feature 4:  70%|███████   | 70/100 [00:00<00:00, 229.67it/s][A

Ablating feature 4:  94%|█████████▍| 94/100 [00:00<00:00, 231.68it/s][A
Ablating feature 4: 100%|██████████| 100/100 [00:00<00:00, 229.90it/s]

Features:  20%|██        | 1/5 [00:02<00:10,  2.59s/it]Error: Non-finite loss values for graph 1682
Error: Non-finite loss values for graph 1259
Error: Non-finite loss values for graph 3119
Error: Non-finite loss values for graph 1281
Error: Non-finite loss values for graph 3667

Processing Summary:
  Successfully processed: 95 graphs
  Skipped (missing files): 0 graphs
  Errors: 5 graphs

Running native ablation for feature 6, motif=in_feedback_loop


Ablating feature 6:   0%|          | 0/100 [00:00<?, ?it/s][A

Ablating feature 6:  23%|██▎       | 23/100 [00:00<00:00, 227.45it/s][A

Ablating feature 6:  46%|████▌     | 46/100 [00:00<00:00, 223.72it/s][A

Ablating feature 6:  70%|███████   | 70/100 [00:00<00:00, 228.88it/s][A

Ablating feature 6:  94%|█████████▍| 94/100 [00:00<00:00, 231.22it/s][A
Ablating feature 6: 100%|██████████| 100/100 [00:00<00:00, 229.90it/s]

Features:  40%|████      | 2/5 [00:03<00:03,  1.33s/it]Error: Non-finite loss values for graph 1682
Error: Non-finite loss values for graph 1259
Error: Non-finite loss values for graph 3119
Error: Non-finite loss values for graph 1281
Error: Non-finite loss values for graph 3667

Processing Summary:
  Successfully processed: 95 graphs
  Skipped (missing files): 0 graphs
  Errors: 5 graphs

Running native ablation for feature 8, motif=in_feedback_loop


Ablating feature 8:   0%|          | 0/100 [00:00<?, ?it/s][A

Ablating feature 8:  24%|██▍       | 24/100 [00:00<00:00, 232.18it/s][A

Ablating feature 8:  48%|████▊     | 48/100 [00:00<00:00, 233.56it/s][A

Ablating feature 8:  72%|███████▏  | 72/100 [00:00<00:00, 233.79it/s][A

Ablating feature 8:  96%|█████████▌| 96/100 [00:00<00:00, 234.11it/s][A
Ablating feature 8: 100%|██████████| 100/100 [00:00<00:00, 233.85it/s]

Features:  60%|██████    | 3/5 [00:03<00:01,  1.08it/s]Error: Non-finite loss values for graph 1682
Error: Non-finite loss values for graph 1259
Error: Non-finite loss values for graph 3119
Error: Non-finite loss values for graph 1281
Error: Non-finite loss values for graph 3667

Processing Summary:
  Successfully processed: 95 graphs
  Skipped (missing files): 0 graphs
  Errors: 5 graphs

Running native ablation for feature 9, motif=in_feedback_loop


Ablating feature 9:   0%|          | 0/100 [00:00<?, ?it/s][A

Ablating feature 9:  22%|██▏       | 22/100 [00:00<00:00, 218.53it/s][A

Ablating feature 9:  44%|████▍     | 44/100 [00:00<00:00, 199.23it/s][A

Ablating feature 9:  65%|██████▌   | 65/100 [00:00<00:00, 194.98it/s][A

Ablating feature 9:  85%|████████▌ | 85/100 [00:00<00:00, 192.15it/s][A
Ablating feature 9: 100%|██████████| 100/100 [00:00<00:00, 195.28it/s]

Features:  80%|████████  | 4/5 [00:03<00:00,  1.31it/s]Error: Non-finite loss values for graph 1682
Error: Non-finite loss values for graph 1259
Error: Non-finite loss values for graph 3119
Error: Non-finite loss values for graph 1281
Error: Non-finite loss values for graph 3667

Processing Summary:
  Successfully processed: 95 graphs
  Skipped (missing files): 0 graphs
  Errors: 5 graphs

Running native ablation for feature 12, motif=in_feedback_loop


Ablating feature 12:   0%|          | 0/100 [00:00<?, ?it/s][A

Ablating feature 12:  19%|█▉        | 19/100 [00:00<00:00, 185.82it/s][A

Ablating feature 12:  43%|████▎     | 43/100 [00:00<00:00, 213.31it/s][A

Ablating feature 12:  67%|██████▋   | 67/100 [00:00<00:00, 223.53it/s][A

Ablating feature 12:  91%|█████████ | 91/100 [00:00<00:00, 228.43it/s][A
Ablating feature 12: 100%|██████████| 100/100 [00:00<00:00, 223.55it/s]

Features: 100%|██████████| 5/5 [00:04<00:00,  1.53it/s]
Features: 100%|██████████| 5/5 [00:04<00:00,  1.12it/s]
Error: Non-finite loss values for graph 1682
Error: Non-finite loss values for graph 1259
Error: Non-finite loss values for graph 3119
Error: Non-finite loss values for graph 1281
Error: Non-finite loss values for graph 3667

Processing Summary:
  Successfully processed: 95 graphs
  Skipped (missing files): 0 graphs
  Errors: 5 graphs

✓ Saved native_ablation_results.png

✓ Saved r_pb-guided ablation results to outputs/native_gnn_ablations/native_ablation_gated_rpb_in_single_input_module.csv
✓ Saved SAE feature r_pb rankings to outputs/native_gnn_ablations/sae_rpb_rankings_in_single_input_module.csv

======================================================================
✓ STRATEGY 1 ENHANCED (SAE r_pb Guided) COMPLETE
======================================================================


======================================================================
PHASE 3c: ABLATION STRATEGY COMPARISON (ALL VARIANTS)
======================================================================


----------------------------------------------------------------------
Comparing ablation strategies for: JUMPRELU
----------------------------------------------------------------------

Running: /data/users/goodarzilab/shervin/miniconda3/bin/python3 /data/users/goodarzilab/shervin/182-GNN_SAE/sae/compare_ablation_strategies.py --motif-mode --variant jumprelu
======================================================================
ABLATION STRATEGY COMPARISON: SAE Latent vs Native GNN
======================================================================

======================================================================
MOTIF-GROUP LEVEL COMPARISON (Phase 3c Mode)
======================================================================

----------------------------------------------------------------------
Variant: JUMPRELU
----------------------------------------------------------------------

  Feedback Loop... ⚠ Missing results

  Cascade... ⚠ Missing results

  Feedforward Loop... ⚠ Missing results

  Single Input Module... ⚠ Missing results

======================================================================
SAVING MOTIF-LEVEL SUMMARY
======================================================================

✓ Motif-group comparison complete!
   Outputs saved to: outputs/ablation_strategy_comparison/


----------------------------------------------------------------------
Comparing ablation strategies for: TOPK
----------------------------------------------------------------------

Running: /data/users/goodarzilab/shervin/miniconda3/bin/python3 /data/users/goodarzilab/shervin/182-GNN_SAE/sae/compare_ablation_strategies.py --motif-mode --variant topk
======================================================================
ABLATION STRATEGY COMPARISON: SAE Latent vs Native GNN
======================================================================

======================================================================
MOTIF-GROUP LEVEL COMPARISON (Phase 3c Mode)
======================================================================

----------------------------------------------------------------------
Variant: TOPK
----------------------------------------------------------------------

  Feedback Loop... ⚠ Missing results

  Cascade... ⚠ Missing results

  Feedforward Loop... ⚠ Missing results

  Single Input Module... ⚠ Missing results

======================================================================
SAVING MOTIF-LEVEL SUMMARY
======================================================================

✓ Motif-group comparison complete!
   Outputs saved to: outputs/ablation_strategy_comparison/


----------------------------------------------------------------------
Comparing ablation strategies for: SWITCH
----------------------------------------------------------------------

Running: /data/users/goodarzilab/shervin/miniconda3/bin/python3 /data/users/goodarzilab/shervin/182-GNN_SAE/sae/compare_ablation_strategies.py --motif-mode --variant switch
======================================================================
ABLATION STRATEGY COMPARISON: SAE Latent vs Native GNN
======================================================================

======================================================================
MOTIF-GROUP LEVEL COMPARISON (Phase 3c Mode)
======================================================================

----------------------------------------------------------------------
Variant: SWITCH
----------------------------------------------------------------------

  Feedback Loop... ⚠ Missing results

  Cascade... ⚠ Missing results

  Feedforward Loop... ⚠ Missing results

  Single Input Module... ⚠ Missing results

======================================================================
SAVING MOTIF-LEVEL SUMMARY
======================================================================

✓ Motif-group comparison complete!
   Outputs saved to: outputs/ablation_strategy_comparison/


----------------------------------------------------------------------
Comparing ablation strategies for: GATED
----------------------------------------------------------------------

Running: /data/users/goodarzilab/shervin/miniconda3/bin/python3 /data/users/goodarzilab/shervin/182-GNN_SAE/sae/compare_ablation_strategies.py --motif-mode --variant gated
======================================================================
ABLATION STRATEGY COMPARISON: SAE Latent vs Native GNN
======================================================================

======================================================================
MOTIF-GROUP LEVEL COMPARISON (Phase 3c Mode)
======================================================================

----------------------------------------------------------------------
Variant: GATED
----------------------------------------------------------------------

  Feedback Loop... ⚠ Missing results

  Cascade... ⚠ Missing results

  Feedforward Loop... ⚠ Missing results

  Single Input Module... ⚠ Missing results

======================================================================
SAVING MOTIF-LEVEL SUMMARY
======================================================================

✓ Motif-group comparison complete!
   Outputs saved to: outputs/ablation_strategy_comparison/


======================================================================
WARNING: Some phases failed. Check log for details.
======================================================================
