[2026-01-27 04:22:20] ======================================================================
[2026-01-27 04:22:20] MULTI-GPU SAE PIPELINE
[2026-01-27 04:22:20] ======================================================================
[2026-01-27 04:22:20] GPUs: [0, 1, 2, 3]
[2026-01-27 04:22:20] Phases: 3 to 3
[2026-01-27 04:22:20] Log: outputs/pipeline_logs/pipeline_20260127_042220.log

[2026-01-27 04:22:20] Checking prerequisites...
[2026-01-27 04:22:20]   ✓ Train: 3200 files
[2026-01-27 04:22:20]   ✓ Val: 400 files
[2026-01-27 04:22:20]   ✓ Test: 400 files
[2026-01-27 04:22:20]   ✓ Found 4 CUDA devices
[2026-01-27 04:22:20]     GPU 0: NVIDIA TITAN V
[2026-01-27 04:22:20]     GPU 1: NVIDIA TITAN V
[2026-01-27 04:22:20]     GPU 2: NVIDIA TITAN V
[2026-01-27 04:22:20]     GPU 3: NVIDIA TITAN V
[2026-01-27 04:22:20] ✓ All prerequisites met
[2026-01-27 04:22:20] 
======================================================================
[2026-01-27 04:22:20] PHASE 3a: SAE LATENT SPACE ABLATIONS
[2026-01-27 04:22:20] ======================================================================

[2026-01-27 04:22:21] Using best variant from Phase 2: topk
[2026-01-27 04:22:21] Running feature significance analysis for variant: topk
[2026-01-27 04:22:21] Running: analyze_feature_significance.py --variant topk --source-csv outputs/sae_config_comparison.csv
[2026-01-27 04:28:14] ✓ analyze_feature_significance.py completed successfully
[2026-01-27 04:28:14] ================================================================================
FEATURE-MOTIF SIGNIFICANCE ANALYSIS: TOPK
================================================================================

Loading configuration from outputs/sae_config_comparison.csv...
✓ Best config for TOPK:
  Composite score: 0.639
  Config: latent_dim=256, k=16

Loading SAE model...
✓ Loaded TOPK SAE (latent_dim=256)

Loading test graph IDs...
✓ Loaded 400 test graph IDs
Extracting SAE latent representations for test nodes...
✓ Extracted latent representations for 4000 nodes
Computing point-biserial correlations...
✓ Computed 192 correlations

Running permutation test with 1000 permutations...
✓ Permutation testing complete
  Significant feature-motif pairs (FDR < 0.05): 163/192

Saving results to outputs/feature_analysis_topk/
✓ Saved latent_correlations.csv
✓ Saved feature_motif_correlations.csv

Generating visualizations...
✓ Saved feature_motif_heatmap.png
✓ Saved feature_motif_heatmap_significant.png
✓ Saved correlation_distributions.png
✓ Saved null_distributions.png
✓ Saved volcano_plot.png
✓ Saved top_features_per_motif.png

================================================================================
SUMMARY STATISTICS
================================================================================
Total feature-motif pairs analyzed: 192
Significant pairs (FDR < 0.05): 163

Significant features per motif:
  in_feedforward_loop: 41
  in_feedback_loop: 41
  in_single_input_module: 41
  in_cascade: 40

✓ Analysis complete!
✓ Results saved to: outputs/feature_analysis_topk/
================================================================================

[2026-01-27 04:28:14] Running: run_interpretability_experiments.py --variant topk
[2026-01-27 04:28:38] ✓ run_interpretability_experiments.py completed successfully
[2026-01-27 04:28:38] ✓ Auto-loaded best config for TOPK:
  latent_dim=256
  k=16
  composite_score=0.6389583333333333

======================================================================
MOTIF-SPECIFIC ABLATION WITH EFFECT SIZE FILTERING
======================================================================
SAE Configuration:
  latent_dim=256, k=16
Graph Type:
  Single-motif graphs (0-3999)
Feature Selection:
  FDR threshold: < 0.05
  Min |rpb| threshold: >= 0
Random Controls:
  Trials per feature count: 20

Filtering criteria:
  - FDR < 0.05: 163 pairs
  - |rpb| >= 0: 192 pairs
  - Both criteria: 163 pairs
Saved feature mapping to: ablations/interpretability_topk_latent256_k16_rpb0.00_results/feature_motif_mapping.json

Non-filtered features available for random controls: 1

Filtered features per motif:
  Cascade: 40 features
  Feedback Loop: 41 features
  Feedforward Loop: 41 features
  Single Input Module: 41 features

======================================================================
MONOSEMANTICITY ANALYSIS
======================================================================

Feature specificity (after filtering):
  Monosemantic (1 motif only): 6
  Polysemantic (2 motifs): 0
  Polysemantic (3 motifs): 7
  Polysemantic (4 motifs): 34

  Total unique features: 47
  Monosemantic rate: 12.8%
  Polysemantic rate: 87.2%

Most polysemantic features (top 10):
  z117: 4 motifs (in_feedforward_loop, in_feedback_loop, in_single_input_module, in_cascade) [rpb: -0.129, 0.361, -0.128, -0.062]
  z118: 4 motifs (in_feedforward_loop, in_feedback_loop, in_single_input_module, in_cascade) [rpb: -0.081, 0.231, -0.081, -0.042]
  z122: 4 motifs (in_feedforward_loop, in_feedback_loop, in_single_input_module, in_cascade) [rpb: -0.082, 0.244, -0.082, -0.054]
  z125: 4 motifs (in_feedforward_loop, in_feedback_loop, in_single_input_module, in_cascade) [rpb: -0.114, 0.333, -0.113, -0.071]
  z126: 4 motifs (in_feedforward_loop, in_feedback_loop, in_single_input_module, in_cascade) [rpb: 0.294, -0.735, 0.293, 0.046]
  z129: 4 motifs (in_feedforward_loop, in_feedback_loop, in_single_input_module, in_cascade) [rpb: -0.118, 0.343, -0.117, -0.071]
  z131: 4 motifs (in_feedforward_loop, in_feedback_loop, in_single_input_module, in_cascade) [rpb: -0.081, 0.231, -0.081, -0.043]
  z132: 4 motifs (in_feedforward_loop, in_feedback_loop, in_single_input_module, in_cascade) [rpb: -0.087, 0.253, -0.086, -0.053]
  z136: 4 motifs (in_feedforward_loop, in_feedback_loop, in_single_input_module, in_cascade) [rpb: -0.083, 0.242, -0.083, -0.050]
  z154: 4 motifs (in_feedforward_loop, in_feedback_loop, in_single_input_module, in_cascade) [rpb: -0.115, 0.344, -0.114, -0.079]

======================================================================
STEP 1: Motif-Specific Ablations
======================================================================

Ablating Cascade features (40)...
Error in ablation cascade_topk_l256_k16:

  0%|          | 0/400 [00:00<?, ?it/s]
  0%|          | 0/400 [00:00<?, ?it/s]
Traceback (most recent call last):
  File "/data/users/goodarzilab/shervin/182-GNN_SAE/run_ablation.py", line 466, in <module>
    main()
  File "/data/users/goodarzilab/shervin/182-GNN_SAE/run_ablation.py", line 432, in main
    df = run_ablation_experiment(args.latent_dim, args.k, ablate_indices, experiment_name,
         ^^^^^^^^^^^^^^^^^^^^^^^^^^^^^^^^^^^^^^^^^^^^^^^^^^^^^^^^^^^^^^^^^^^^^^^^^^^^^^^^^
  File "/data/users/goodarzilab/shervin/182-GNN_SAE/run_ablation.py", line 228, in run_ablation_experiment
    latents_full = sae_model.encode(original_acts)
                   ^^^^^^^^^^^^^^^^^^^^^^^^^^^^^^^
  File "/data/users/goodarzilab/shervin/182-GNN_SAE/sparse_autoencoder.py", line 82, in encode
    z = self.encoder(x)
        ^^^^^^^^^^^^^^^
  File "/data/users/goodarzilab/shervin/miniconda3/lib/python3.12/site-packages/torch/nn/modules/module.py", line 1775, in _wrapped_call_impl
    return self._call_impl(*args, **kwargs)
           ^^^^^^^^^^^^^^^^^^^^^^^^^^^^^^^^
  File "/data/users/goodarzilab/shervin/miniconda3/lib/python3.12/site-packages/torch/nn/modules/module.py", line 1786, in _call_impl
    return forward_call(*args, **kwargs)
           ^^^^^^^^^^^^^^^^^^^^^^^^^^^^^
  File "/data/users/goodarzilab/shervin/miniconda3/lib/python3.12/site-packages/torch/nn/modules/linear.py", line 134, in forward
    return F.linear(input, self.weight, self.bias)
           ^^^^^^^^^^^^^^^^^^^^^^^^^^^^^^^^^^^^^^^
RuntimeError: mat1 and mat2 shapes cannot be multiplied (10x80 and 64x256)

  Warning: Ablation experiment returned no results for Cascade

Ablating Feedback Loop features (41)...
Error in ablation feedback_loop_topk_l256_k16:

  0%|          | 0/400 [00:00<?, ?it/s]
  0%|          | 0/400 [00:00<?, ?it/s]
Traceback (most recent call last):
  File "/data/users/goodarzilab/shervin/182-GNN_SAE/run_ablation.py", line 466, in <module>
    main()
  File "/data/users/goodarzilab/shervin/182-GNN_SAE/run_ablation.py", line 432, in main
    df = run_ablation_experiment(args.latent_dim, args.k, ablate_indices, experiment_name,
         ^^^^^^^^^^^^^^^^^^^^^^^^^^^^^^^^^^^^^^^^^^^^^^^^^^^^^^^^^^^^^^^^^^^^^^^^^^^^^^^^^
  File "/data/users/goodarzilab/shervin/182-GNN_SAE/run_ablation.py", line 228, in run_ablation_experiment
    latents_full = sae_model.encode(original_acts)
                   ^^^^^^^^^^^^^^^^^^^^^^^^^^^^^^^
  File "/data/users/goodarzilab/shervin/182-GNN_SAE/sparse_autoencoder.py", line 82, in encode
    z = self.encoder(x)
        ^^^^^^^^^^^^^^^
  File "/data/users/goodarzilab/shervin/miniconda3/lib/python3.12/site-packages/torch/nn/modules/module.py", line 1775, in _wrapped_call_impl
    return self._call_impl(*args, **kwargs)
           ^^^^^^^^^^^^^^^^^^^^^^^^^^^^^^^^
  File "/data/users/goodarzilab/shervin/miniconda3/lib/python3.12/site-packages/torch/nn/modules/module.py", line 1786, in _call_impl
    return forward_call(*args, **kwargs)
           ^^^^^^^^^^^^^^^^^^^^^^^^^^^^^
  File "/data/users/goodarzilab/shervin/miniconda3/lib/python3.12/site-packages/torch/nn/modules/linear.py", line 134, in forward
    return F.linear(input, self.weight, self.bias)
           ^^^^^^^^^^^^^^^^^^^^^^^^^^^^^^^^^^^^^^^
RuntimeError: mat1 and mat2 shapes cannot be multiplied (10x80 and 64x256)

  Warning: Ablation experiment returned no results for Feedback Loop

Ablating Feedforward Loop features (41)...
Error in ablation feedforward_loop_topk_l256_k16:

  0%|          | 0/400 [00:00<?, ?it/s]
  0%|          | 0/400 [00:00<?, ?it/s]
Traceback (most recent call last):
  File "/data/users/goodarzilab/shervin/182-GNN_SAE/run_ablation.py", line 466, in <module>
    main()
  File "/data/users/goodarzilab/shervin/182-GNN_SAE/run_ablation.py", line 432, in main
    df = run_ablation_experiment(args.latent_dim, args.k, ablate_indices, experiment_name,
         ^^^^^^^^^^^^^^^^^^^^^^^^^^^^^^^^^^^^^^^^^^^^^^^^^^^^^^^^^^^^^^^^^^^^^^^^^^^^^^^^^
  File "/data/users/goodarzilab/shervin/182-GNN_SAE/run_ablation.py", line 228, in run_ablation_experiment
    latents_full = sae_model.encode(original_acts)
                   ^^^^^^^^^^^^^^^^^^^^^^^^^^^^^^^
  File "/data/users/goodarzilab/shervin/182-GNN_SAE/sparse_autoencoder.py", line 82, in encode
    z = self.encoder(x)
        ^^^^^^^^^^^^^^^
  File "/data/users/goodarzilab/shervin/miniconda3/lib/python3.12/site-packages/torch/nn/modules/module.py", line 1775, in _wrapped_call_impl
    return self._call_impl(*args, **kwargs)
           ^^^^^^^^^^^^^^^^^^^^^^^^^^^^^^^^
  File "/data/users/goodarzilab/shervin/miniconda3/lib/python3.12/site-packages/torch/nn/modules/module.py", line 1786, in _call_impl
    return forward_call(*args, **kwargs)
           ^^^^^^^^^^^^^^^^^^^^^^^^^^^^^
  File "/data/users/goodarzilab/shervin/miniconda3/lib/python3.12/site-packages/torch/nn/modules/linear.py", line 134, in forward
    return F.linear(input, self.weight, self.bias)
           ^^^^^^^^^^^^^^^^^^^^^^^^^^^^^^^^^^^^^^^
RuntimeError: mat1 and mat2 shapes cannot be multiplied (10x80 and 64x256)

  Warning: Ablation experiment returned no results for Feedforward Loop

Ablating Single Input Module features (41)...
Error in ablation single_input_module_topk_l256_k16:

  0%|          | 0/400 [00:00<?, ?it/s]
  0%|          | 0/400 [00:00<?, ?it/s]
Traceback (most recent call last):
  File "/data/users/goodarzilab/shervin/182-GNN_SAE/run_ablation.py", line 466, in <module>
    main()
  File "/data/users/goodarzilab/shervin/182-GNN_SAE/run_ablation.py", line 432, in main
    df = run_ablation_experiment(args.latent_dim, args.k, ablate_indices, experiment_name,
         ^^^^^^^^^^^^^^^^^^^^^^^^^^^^^^^^^^^^^^^^^^^^^^^^^^^^^^^^^^^^^^^^^^^^^^^^^^^^^^^^^
  File "/data/users/goodarzilab/shervin/182-GNN_SAE/run_ablation.py", line 228, in run_ablation_experiment
    latents_full = sae_model.encode(original_acts)
                   ^^^^^^^^^^^^^^^^^^^^^^^^^^^^^^^
  File "/data/users/goodarzilab/shervin/182-GNN_SAE/sparse_autoencoder.py", line 82, in encode
    z = self.encoder(x)
        ^^^^^^^^^^^^^^^
  File "/data/users/goodarzilab/shervin/miniconda3/lib/python3.12/site-packages/torch/nn/modules/module.py", line 1775, in _wrapped_call_impl
    return self._call_impl(*args, **kwargs)
           ^^^^^^^^^^^^^^^^^^^^^^^^^^^^^^^^
  File "/data/users/goodarzilab/shervin/miniconda3/lib/python3.12/site-packages/torch/nn/modules/module.py", line 1786, in _call_impl
    return forward_call(*args, **kwargs)
           ^^^^^^^^^^^^^^^^^^^^^^^^^^^^^
  File "/data/users/goodarzilab/shervin/miniconda3/lib/python3.12/site-packages/torch/nn/modules/linear.py", line 134, in forward
    return F.linear(input, self.weight, self.bias)
           ^^^^^^^^^^^^^^^^^^^^^^^^^^^^^^^^^^^^^^^
RuntimeError: mat1 and mat2 shapes cannot be multiplied (10x80 and 64x256)

  Warning: Ablation experiment returned no results for Single Input Module

WARNING: No motif-specific ablation results collected!
This may be because:
  1. No features met the filtering criteria
  2. Ablation experiments failed
Skipping statistical analysis and plotting.

Saved phase_3a_config.json (status: incomplete)

[2026-01-27 04:28:38] 
======================================================================
[2026-01-27 04:28:38] PHASE 3b: NATIVE GNN ABLATIONS
[2026-01-27 04:28:38] ======================================================================

[2026-01-27 04:28:38] Running native ablation for motif: in_feedback_loop
[2026-01-27 04:28:38] Running: native_gnn_ablation.py --variant topk --latent_dim 256 --motif in_feedback_loop --use-rpb --k 16
[2026-01-27 04:28:48] ✓ native_gnn_ablation.py completed successfully
[2026-01-27 04:28:48] ======================================================================
NATIVE GNN ABLATION - STRATEGY 1 ENHANCED (SAE r_pb Guided)
======================================================================

Using r_pb to rank SAE features by motif correlation
Target motif: in_feedback_loop
Top features to ablate: 5

Computing r_pb for all SAE features...

Computing SAE r_pb for motif: in_feedback_loop
  Variant: topk, Latent dim: 256
  ✓ Loading cached latents from latents_topk_latent256_k16.pkl
  ✓ Loaded 4000 nodes × 256 latent dims (CACHED)
  Max |r_pb|: 0.735
  Features with |r_pb| > 0.3: 16

Top 5 features by |r_pb| to in_feedback_loop:
  1. Feature 125: |r_pb| = 0.735
  2. Feature 211: |r_pb| = 0.432
  3. Feature 186: |r_pb| = 0.430
  4. Feature 35: |r_pb| = 0.423
  5. Feature 76: |r_pb| = 0.399
Running native ablation for feature 125, motif=in_feedback_loop
  Warning: Could not compute GNN loss for graph 2827: mat1 and mat2 shapes cannot be multiplied (10x64 and 80x64)
  Warning: Could not compute GNN loss for graph 1908: mat1 and mat2 shapes cannot be multiplied (10x64 and 80x64)
  Warning: Could not compute GNN loss for graph 2200: mat1 and mat2 shapes cannot be multiplied (10x64 and 80x64)
  Warning: Could not compute GNN loss for graph 3426: mat1 and mat2 shapes cannot be multiplied (10x64 and 80x64)
  Warning: Could not compute GNN loss for graph 944: mat1 and mat2 shapes cannot be multiplied (10x64 and 80x64)
  Warning: Could not compute GNN loss for graph 1295: mat1 and mat2 shapes cannot be multiplied (10x64 and 80x64)
  Warning: Could not compute GNN loss for graph 433: mat1 and mat2 shapes cannot be multiplied (10x64 and 80x64)
  Warning: Could not compute GNN loss for graph 3951: mat1 and mat2 shapes cannot be multiplied (10x64 and 80x64)
  Warning: Could not compute GNN loss for graph 551: mat1 and mat2 shapes cannot be multiplied (10x64 and 80x64)
  Warning: Could not compute GNN loss for graph 2794: mat1 and mat2 shapes cannot be multiplied (10x64 and 80x64)
  Warning: Could not compute GNN loss for graph 1786: mat1 and mat2 shapes cannot be multiplied (10x64 and 80x64)
  Warning: Could not compute GNN loss for graph 1852: mat1 and mat2 shapes cannot be multiplied (10x64 and 80x64)
  Warning: Could not compute GNN loss for graph 2601: mat1 and mat2 shapes cannot be multiplied (10x64 and 80x64)
  Warning: Could not compute GNN loss for graph 2830: mat1 and mat2 shapes cannot be multiplied (10x64 and 80x64)
  Warning: Could not compute GNN loss for graph 1822: mat1 and mat2 shapes cannot be multiplied (10x64 and 80x64)
  Warning: Could not compute GNN loss for graph 3306: mat1 and mat2 shapes cannot be multiplied (10x64 and 80x64)
  Warning: Could not compute GNN loss for graph 249: mat1 and mat2 shapes cannot be multiplied (10x64 and 80x64)
  Warning: Could not compute GNN loss for graph 3553: mat1 and mat2 shapes cannot be multiplied (10x64 and 80x64)
  Warning: Could not compute GNN loss for graph 2217: mat1 and mat2 shapes cannot be multiplied (10x64 and 80x64)
  Warning: Could not compute GNN loss for graph 3602: mat1 and mat2 shapes cannot be multiplied (10x64 and 80x64)
  Warning: Could not compute GNN loss for graph 3989: mat1 and mat2 shapes cannot be multiplied (10x64 and 80x64)
  Warning: Could not compute GNN loss for graph 1205: mat1 and mat2 shapes cannot be multiplied (10x64 and 80x64)
  Warning: Could not compute GNN loss for graph 2712: mat1 and mat2 shapes cannot be multiplied (10x64 and 80x64)
  Warning: Could not compute GNN loss for graph 3307: mat1 and mat2 shapes cannot be multiplied (10x64 and 80x64)
  Warning: Could not compute GNN loss for graph 2899: mat1 and mat2 shapes cannot be multiplied (10x64 and 80x64)
  Warning: Could not compute GNN loss for graph 2831: mat1 and mat2 shapes cannot be multiplied (10x64 and 80x64)
  Warning: Could not compute GNN loss for graph 1451: mat1 and mat2 shapes cannot be multiplied (10x64 and 80x64)
  Warning: Could not compute GNN loss for graph 3009: mat1 and mat2 shapes cannot be multiplied (10x64 and 80x64)
  Warning: Could not compute GNN loss for graph 588: mat1 and mat2 shapes cannot be multiplied (10x64 and 80x64)
  Warning: Could not compute GNN loss for graph 1366: mat1 and mat2 shapes cannot be multiplied (10x64 and 80x64)
  Warning: Could not compute GNN loss for graph 2374: mat1 and mat2 shapes cannot be multiplied (10x64 and 80x64)
  Warning: Could not compute GNN loss for graph 3842: mat1 and mat2 shapes cannot be multiplied (10x64 and 80x64)
  Warning: Could not compute GNN loss for graph 952: mat1 and mat2 shapes cannot be multiplied (10x64 and 80x64)
  Warning: Could not compute GNN loss for graph 3552: mat1 and mat2 shapes cannot be multiplied (10x64 and 80x64)
  Warning: Could not compute GNN loss for graph 3684: mat1 and mat2 shapes cannot be multiplied (10x64 and 80x64)
  Warning: Could not compute GNN loss for graph 550: mat1 and mat2 shapes cannot be multiplied (10x64 and 80x64)
  Warning: Could not compute GNN loss for graph 2055: mat1 and mat2 shapes cannot be multiplied (10x64 and 80x64)
  Warning: Could not compute GNN loss for graph 3215: mat1 and mat2 shapes cannot be multiplied (10x64 and 80x64)
  Warning: Could not compute GNN loss for graph 2762: mat1 and mat2 shapes cannot be multiplied (10x64 and 80x64)
  Warning: Could not compute GNN loss for graph 136: mat1 and mat2 shapes cannot be multiplied (10x64 and 80x64)
  Warning: Could not compute GNN loss for graph 1132: mat1 and mat2 shapes cannot be multiplied (10x64 and 80x64)
  Warning: Could not compute GNN loss for graph 649: mat1 and mat2 shapes cannot be multiplied (10x64 and 80x64)
  Warning: Could not compute GNN loss for graph 3397: mat1 and mat2 shapes cannot be multiplied (10x64 and 80x64)
  Warning: Could not compute GNN loss for graph 1682: mat1 and mat2 shapes cannot be multiplied (10x64 and 80x64)
  Warning: Could not compute GNN loss for graph 827: mat1 and mat2 shapes cannot be multiplied (10x64 and 80x64)
  Warning: Could not compute GNN loss for graph 3776: mat1 and mat2 shapes cannot be multiplied (10x64 and 80x64)
  Warning: Could not compute GNN loss for graph 2201: mat1 and mat2 shapes cannot be multiplied (10x64 and 80x64)
  Warning: Could not compute GNN loss for graph 2615: mat1 and mat2 shapes cannot be multiplied (10x64 and 80x64)
  Warning: Could not compute GNN loss for graph 3033: mat1 and mat2 shapes cannot be multiplied (10x64 and 80x64)
  Warning: Could not compute GNN loss for graph 1819: mat1 and mat2 shapes cannot be multiplied (10x64 and 80x64)
  Warning: Could not compute GNN loss for graph 3395: mat1 and mat2 shapes cannot be multiplied (10x64 and 80x64)
  Warning: Could not compute GNN loss for graph 776: mat1 and mat2 shapes cannot be multiplied (10x64 and 80x64)
  Warning: Could not compute GNN loss for graph 1296: mat1 and mat2 shapes cannot be multiplied (10x64 and 80x64)
  Warning: Could not compute GNN loss for graph 706: mat1 and mat2 shapes cannot be multiplied (10x64 and 80x64)
  Warning: Could not compute GNN loss for graph 664: mat1 and mat2 shapes cannot be multiplied (10x64 and 80x64)
  Warning: Could not compute GNN loss for graph 918: mat1 and mat2 shapes cannot be multiplied (10x64 and 80x64)
  Warning: Could not compute GNN loss for graph 2534: mat1 and mat2 shapes cannot be multiplied (10x64 and 80x64)
  Warning: Could not compute GNN loss for graph 3043: mat1 and mat2 shapes cannot be multiplied (10x64 and 80x64)
  Warning: Could not compute GNN loss for graph 2946: mat1 and mat2 shapes cannot be multiplied (10x64 and 80x64)
  Warning: Could not compute GNN loss for graph 54: mat1 and mat2 shapes cannot be multiplied (10x64 and 80x64)
  Warning: Could not compute GNN loss for graph 1035: mat1 and mat2 shapes cannot be multiplied (10x64 and 80x64)
  Warning: Could not compute GNN loss for graph 3763: mat1 and mat2 shapes cannot be multiplied (10x64 and 80x64)
  Warning: Could not compute GNN loss for graph 1259: mat1 and mat2 shapes cannot be multiplied (10x64 and 80x64)
  Warning: Could not compute GNN loss for graph 1206: mat1 and mat2 shapes cannot be multiplied (10x64 and 80x64)
  Warning: Could not compute GNN loss for graph 380: mat1 and mat2 shapes cannot be multiplied (10x64 and 80x64)
  Warning: Could not compute GNN loss for graph 2523: mat1 and mat2 shapes cannot be multiplied (10x64 and 80x64)
  Warning: Could not compute GNN loss for graph 3119: mat1 and mat2 shapes cannot be multiplied (10x64 and 80x64)
  Warning: Could not compute GNN loss for graph 1281: mat1 and mat2 shapes cannot be multiplied (10x64 and 80x64)
  Warning: Could not compute GNN loss for graph 1178: mat1 and mat2 shapes cannot be multiplied (10x64 and 80x64)
  Warning: Could not compute GNN loss for graph 2306: mat1 and mat2 shapes cannot be multiplied (10x64 and 80x64)
  Warning: Could not compute GNN loss for graph 761: mat1 and mat2 shapes cannot be multiplied (10x64 and 80x64)
  Warning: Could not compute GNN loss for graph 3898: mat1 and mat2 shapes cannot be multiplied (10x64 and 80x64)
  Warning: Could not compute GNN loss for graph 1611: mat1 and mat2 shapes cannot be multiplied (10x64 and 80x64)
  Warning: Could not compute GNN loss for graph 135: mat1 and mat2 shapes cannot be multiplied (10x64 and 80x64)
  Warning: Could not compute GNN loss for graph 1422: mat1 and mat2 shapes cannot be multiplied (10x64 and 80x64)
  Warning: Could not compute GNN loss for graph 760: mat1 and mat2 shapes cannot be multiplied (10x64 and 80x64)
  Warning: Could not compute GNN loss for graph 2307: mat1 and mat2 shapes cannot be multiplied (10x64 and 80x64)
  Warning: Could not compute GNN loss for graph 672: mat1 and mat2 shapes cannot be multiplied (10x64 and 80x64)
  Warning: Could not compute GNN loss for graph 2328: mat1 and mat2 shapes cannot be multiplied (10x64 and 80x64)
  Warning: Could not compute GNN loss for graph 2380: mat1 and mat2 shapes cannot be multiplied (10x64 and 80x64)
  Warning: Could not compute GNN loss for graph 3841: mat1 and mat2 shapes cannot be multiplied (10x64 and 80x64)
  Warning: Could not compute GNN loss for graph 685: mat1 and mat2 shapes cannot be multiplied (10x64 and 80x64)
  Warning: Could not compute GNN loss for graph 2144: mat1 and mat2 shapes cannot be multiplied (10x64 and 80x64)
  Warning: Could not compute GNN loss for graph 381: mat1 and mat2 shapes cannot be multiplied (10x64 and 80x64)
  Warning: Could not compute GNN loss for graph 3519: mat1 and mat2 shapes cannot be multiplied (10x64 and 80x64)
  Warning: Could not compute GNN loss for graph 1210: mat1 and mat2 shapes cannot be multiplied (10x64 and 80x64)
  Warning: Could not compute GNN loss for graph 2535: mat1 and mat2 shapes cannot be multiplied (10x64 and 80x64)
  Warning: Could not compute GNN loss for graph 203: mat1 and mat2 shapes cannot be multiplied (10x64 and 80x64)
  Warning: Could not compute GNN loss for graph 3313: mat1 and mat2 shapes cannot be multiplied (10x64 and 80x64)
  Warning: Could not compute GNN loss for graph 2478: mat1 and mat2 shapes cannot be multiplied (10x64 and 80x64)
  Warning: Could not compute GNN loss for graph 2781: mat1 and mat2 shapes cannot be multiplied (10x64 and 80x64)
  Warning: Could not compute GNN loss for graph 1: mat1 and mat2 shapes cannot be multiplied (10x64 and 80x64)
  Warning: Could not compute GNN loss for graph 2776: mat1 and mat2 shapes cannot be multiplied (10x64 and 80x64)
  Warning: Could not compute GNN loss for graph 3667: mat1 and mat2 shapes cannot be multiplied (10x64 and 80x64)
  Warning: Could not compute GNN loss for graph 3295: mat1 and mat2 shapes cannot be multiplied (10x64 and 80x64)
  Warning: Could not compute GNN loss for graph 2022: mat1 and mat2 shapes cannot be multiplied (10x64 and 80x64)
  Warning: Could not compute GNN loss for graph 1396: mat1 and mat2 shapes cannot be multiplied (10x64 and 80x64)
  Warning: Could not compute GNN loss for graph 676: mat1 and mat2 shapes cannot be multiplied (10x64 and 80x64)
  Warning: Could not compute GNN loss for graph 2052: mat1 and mat2 shapes cannot be multiplied (10x64 and 80x64)
  Warning: Could not compute GNN loss for graph 659: mat1 and mat2 shapes cannot be multiplied (10x64 and 80x64)

Processing Summary:
  Successfully processed: 0 graphs
  Skipped (missing files): 0 graphs
  Errors: 100 graphs

Running native ablation for feature 211, motif=in_feedback_loop
  Warning: Could not compute GNN loss for graph 2827: mat1 and mat2 shapes cannot be multiplied (10x64 and 80x64)
  Warning: Could not compute GNN loss for graph 1908: mat1 and mat2 shapes cannot be multiplied (10x64 and 80x64)
  Warning: Could not compute GNN loss for graph 2200: mat1 and mat2 shapes cannot be multiplied (10x64 and 80x64)
  Warning: Could not compute GNN loss for graph 3426: mat1 and mat2 shapes cannot be multiplied (10x64 and 80x64)
  Warning: Could not compute GNN loss for graph 944: mat1 and mat2 shapes cannot be multiplied (10x64 and 80x64)
  Warning: Could not compute GNN loss for graph 1295: mat1 and mat2 shapes cannot be multiplied (10x64 and 80x64)
  Warning: Could not compute GNN loss for graph 433: mat1 and mat2 shapes cannot be multiplied (10x64 and 80x64)
  Warning: Could not compute GNN loss for graph 3951: mat1 and mat2 shapes cannot be multiplied (10x64 and 80x64)
  Warning: Could not compute GNN loss for graph 551: mat1 and mat2 shapes cannot be multiplied (10x64 and 80x64)
  Warning: Could not compute GNN loss for graph 2794: mat1 and mat2 shapes cannot be multiplied (10x64 and 80x64)
  Warning: Could not compute GNN loss for graph 1786: mat1 and mat2 shapes cannot be multiplied (10x64 and 80x64)
  Warning: Could not compute GNN loss for graph 1852: mat1 and mat2 shapes cannot be multiplied (10x64 and 80x64)
  Warning: Could not compute GNN loss for graph 2601: mat1 and mat2 shapes cannot be multiplied (10x64 and 80x64)
  Warning: Could not compute GNN loss for graph 2830: mat1 and mat2 shapes cannot be multiplied (10x64 and 80x64)
  Warning: Could not compute GNN loss for graph 1822: mat1 and mat2 shapes cannot be multiplied (10x64 and 80x64)
  Warning: Could not compute GNN loss for graph 3306: mat1 and mat2 shapes cannot be multiplied (10x64 and 80x64)
  Warning: Could not compute GNN loss for graph 249: mat1 and mat2 shapes cannot be multiplied (10x64 and 80x64)
  Warning: Could not compute GNN loss for graph 3553: mat1 and mat2 shapes cannot be multiplied (10x64 and 80x64)
  Warning: Could not compute GNN loss for graph 2217: mat1 and mat2 shapes cannot be multiplied (10x64 and 80x64)
  Warning: Could not compute GNN loss for graph 3602: mat1 and mat2 shapes cannot be multiplied (10x64 and 80x64)
  Warning: Could not compute GNN loss for graph 3989: mat1 and mat2 shapes cannot be multiplied (10x64 and 80x64)
  Warning: Could not compute GNN loss for graph 1205: mat1 and mat2 shapes cannot be multiplied (10x64 and 80x64)
  Warning: Could not compute GNN loss for graph 2712: mat1 and mat2 shapes cannot be multiplied (10x64 and 80x64)
  Warning: Could not compute GNN loss for graph 3307: mat1 and mat2 shapes cannot be multiplied (10x64 and 80x64)
  Warning: Could not compute GNN loss for graph 2899: mat1 and mat2 shapes cannot be multiplied (10x64 and 80x64)
  Warning: Could not compute GNN loss for graph 2831: mat1 and mat2 shapes cannot be multiplied (10x64 and 80x64)
  Warning: Could not compute GNN loss for graph 1451: mat1 and mat2 shapes cannot be multiplied (10x64 and 80x64)
  Warning: Could not compute GNN loss for graph 3009: mat1 and mat2 shapes cannot be multiplied (10x64 and 80x64)
  Warning: Could not compute GNN loss for graph 588: mat1 and mat2 shapes cannot be multiplied (10x64 and 80x64)
  Warning: Could not compute GNN loss for graph 1366: mat1 and mat2 shapes cannot be multiplied (10x64 and 80x64)
  Warning: Could not compute GNN loss for graph 2374: mat1 and mat2 shapes cannot be multiplied (10x64 and 80x64)
  Warning: Could not compute GNN loss for graph 3842: mat1 and mat2 shapes cannot be multiplied (10x64 and 80x64)
  Warning: Could not compute GNN loss for graph 952: mat1 and mat2 shapes cannot be multiplied (10x64 and 80x64)
  Warning: Could not compute GNN loss for graph 3552: mat1 and mat2 shapes cannot be multiplied (10x64 and 80x64)
  Warning: Could not compute GNN loss for graph 3684: mat1 and mat2 shapes cannot be multiplied (10x64 and 80x64)
  Warning: Could not compute GNN loss for graph 550: mat1 and mat2 shapes cannot be multiplied (10x64 and 80x64)
  Warning: Could not compute GNN loss for graph 2055: mat1 and mat2 shapes cannot be multiplied (10x64 and 80x64)
  Warning: Could not compute GNN loss for graph 3215: mat1 and mat2 shapes cannot be multiplied (10x64 and 80x64)
  Warning: Could not compute GNN loss for graph 2762: mat1 and mat2 shapes cannot be multiplied (10x64 and 80x64)
  Warning: Could not compute GNN loss for graph 136: mat1 and mat2 shapes cannot be multiplied (10x64 and 80x64)
  Warning: Could not compute GNN loss for graph 1132: mat1 and mat2 shapes cannot be multiplied (10x64 and 80x64)
  Warning: Could not compute GNN loss for graph 649: mat1 and mat2 shapes cannot be multiplied (10x64 and 80x64)
  Warning: Could not compute GNN loss for graph 3397: mat1 and mat2 shapes cannot be multiplied (10x64 and 80x64)
  Warning: Could not compute GNN loss for graph 1682: mat1 and mat2 shapes cannot be multiplied (10x64 and 80x64)
  Warning: Could not compute GNN loss for graph 827: mat1 and mat2 shapes cannot be multiplied (10x64 and 80x64)
  Warning: Could not compute GNN loss for graph 3776: mat1 and mat2 shapes cannot be multiplied (10x64 and 80x64)
  Warning: Could not compute GNN loss for graph 2201: mat1 and mat2 shapes cannot be multiplied (10x64 and 80x64)
  Warning: Could not compute GNN loss for graph 2615: mat1 and mat2 shapes cannot be multiplied (10x64 and 80x64)
  Warning: Could not compute GNN loss for graph 3033: mat1 and mat2 shapes cannot be multiplied (10x64 and 80x64)
  Warning: Could not compute GNN loss for graph 1819: mat1 and mat2 shapes cannot be multiplied (10x64 and 80x64)
  Warning: Could not compute GNN loss for graph 3395: mat1 and mat2 shapes cannot be multiplied (10x64 and 80x64)
  Warning: Could not compute GNN loss for graph 776: mat1 and mat2 shapes cannot be multiplied (10x64 and 80x64)
  Warning: Could not compute GNN loss for graph 1296: mat1 and mat2 shapes cannot be multiplied (10x64 and 80x64)
  Warning: Could not compute GNN loss for graph 706: mat1 and mat2 shapes cannot be multiplied (10x64 and 80x64)
  Warning: Could not compute GNN loss for graph 664: mat1 and mat2 shapes cannot be multiplied (10x64 and 80x64)
  Warning: Could not compute GNN loss for graph 918: mat1 and mat2 shapes cannot be multiplied (10x64 and 80x64)
  Warning: Could not compute GNN loss for graph 2534: mat1 and mat2 shapes cannot be multiplied (10x64 and 80x64)
  Warning: Could not compute GNN loss for graph 3043: mat1 and mat2 shapes cannot be multiplied (10x64 and 80x64)
  Warning: Could not compute GNN loss for graph 2946: mat1 and mat2 shapes cannot be multiplied (10x64 and 80x64)
  Warning: Could not compute GNN loss for graph 54: mat1 and mat2 shapes cannot be multiplied (10x64 and 80x64)
  Warning: Could not compute GNN loss for graph 1035: mat1 and mat2 shapes cannot be multiplied (10x64 and 80x64)
  Warning: Could not compute GNN loss for graph 3763: mat1 and mat2 shapes cannot be multiplied (10x64 and 80x64)
  Warning: Could not compute GNN loss for graph 1259: mat1 and mat2 shapes cannot be multiplied (10x64 and 80x64)
  Warning: Could not compute GNN loss for graph 1206: mat1 and mat2 shapes cannot be multiplied (10x64 and 80x64)
  Warning: Could not compute GNN loss for graph 380: mat1 and mat2 shapes cannot be multiplied (10x64 and 80x64)
  Warning: Could not compute GNN loss for graph 2523: mat1 and mat2 shapes cannot be multiplied (10x64 and 80x64)
  Warning: Could not compute GNN loss for graph 3119: mat1 and mat2 shapes cannot be multiplied (10x64 and 80x64)
  Warning: Could not compute GNN loss for graph 1281: mat1 and mat2 shapes cannot be multiplied (10x64 and 80x64)
  Warning: Could not compute GNN loss for graph 1178: mat1 and mat2 shapes cannot be multiplied (10x64 and 80x64)
  Warning: Could not compute GNN loss for graph 2306: mat1 and mat2 shapes cannot be multiplied (10x64 and 80x64)
  Warning: Could not compute GNN loss for graph 761: mat1 and mat2 shapes cannot be multiplied (10x64 and 80x64)
  Warning: Could not compute GNN loss for graph 3898: mat1 and mat2 shapes cannot be multiplied (10x64 and 80x64)
  Warning: Could not compute GNN loss for graph 1611: mat1 and mat2 shapes cannot be multiplied (10x64 and 80x64)
  Warning: Could not compute GNN loss for graph 135: mat1 and mat2 shapes cannot be multiplied (10x64 and 80x64)
  Warning: Could not compute GNN loss for graph 1422: mat1 and mat2 shapes cannot be multiplied (10x64 and 80x64)
  Warning: Could not compute GNN loss for graph 760: mat1 and mat2 shapes cannot be multiplied (10x64 and 80x64)
  Warning: Could not compute GNN loss for graph 2307: mat1 and mat2 shapes cannot be multiplied (10x64 and 80x64)
  Warning: Could not compute GNN loss for graph 672: mat1 and mat2 shapes cannot be multiplied (10x64 and 80x64)
  Warning: Could not compute GNN loss for graph 2328: mat1 and mat2 shapes cannot be multiplied (10x64 and 80x64)
  Warning: Could not compute GNN loss for graph 2380: mat1 and mat2 shapes cannot be multiplied (10x64 and 80x64)
  Warning: Could not compute GNN loss for graph 3841: mat1 and mat2 shapes cannot be multiplied (10x64 and 80x64)
  Warning: Could not compute GNN loss for graph 685: mat1 and mat2 shapes cannot be multiplied (10x64 and 80x64)
  Warning: Could not compute GNN loss for graph 2144: mat1 and mat2 shapes cannot be multiplied (10x64 and 80x64)
  Warning: Could not compute GNN loss for graph 381: mat1 and mat2 shapes cannot be multiplied (10x64 and 80x64)
  Warning: Could not compute GNN loss for graph 3519: mat1 and mat2 shapes cannot be multiplied (10x64 and 80x64)
  Warning: Could not compute GNN loss for graph 1210: mat1 and mat2 shapes cannot be multiplied (10x64 and 80x64)
  Warning: Could not compute GNN loss for graph 2535: mat1 and mat2 shapes cannot be multiplied (10x64 and 80x64)
  Warning: Could not compute GNN loss for graph 203: mat1 and mat2 shapes cannot be multiplied (10x64 and 80x64)
  Warning: Could not compute GNN loss for graph 3313: mat1 and mat2 shapes cannot be multiplied (10x64 and 80x64)
  Warning: Could not compute GNN loss for graph 2478: mat1 and mat2 shapes cannot be multiplied (10x64 and 80x64)
  Warning: Could not compute GNN loss for graph 2781: mat1 and mat2 shapes cannot be multiplied (10x64 and 80x64)
  Warning: Could not compute GNN loss for graph 1: mat1 and mat2 shapes cannot be multiplied (10x64 and 80x64)
  Warning: Could not compute GNN loss for graph 2776: mat1 and mat2 shapes cannot be multiplied (10x64 and 80x64)
  Warning: Could not compute GNN loss for graph 3667: mat1 and mat2 shapes cannot be multiplied (10x64 and 80x64)
  Warning: Could not compute GNN loss for graph 3295: mat1 and mat2 shapes cannot be multiplied (10x64 and 80x64)
  Warning: Could not compute GNN loss for graph 2022: mat1 and mat2 shapes cannot be multiplied (10x64 and 80x64)
  Warning: Could not compute GNN loss for graph 1396: mat1 and mat2 shapes cannot be multiplied (10x64 and 80x64)
  Warning: Could not compute GNN loss for graph 676: mat1 and mat2 shapes cannot be multiplied (10x64 and 80x64)
  Warning: Could not compute GNN loss for graph 2052: mat1 and mat2 shapes cannot be multiplied (10x64 and 80x64)
  Warning: Could not compute GNN loss for graph 659: mat1 and mat2 shapes cannot be multiplied (10x64 and 80x64)

Processing Summary:
  Successfully processed: 0 graphs
  Skipped (missing files): 0 graphs
  Errors: 100 graphs

Running native ablation for feature 186, motif=in_feedback_loop
  Warning: Could not compute GNN loss for graph 2827: mat1 and mat2 shapes cannot be multiplied (10x64 and 80x64)
  Warning: Could not compute GNN loss for graph 1908: mat1 and mat2 shapes cannot be multiplied (10x64 and 80x64)
  Warning: Could not compute GNN loss for graph 2200: mat1 and mat2 shapes cannot be multiplied (10x64 and 80x64)
  Warning: Could not compute GNN loss for graph 3426: mat1 and mat2 shapes cannot be multiplied (10x64 and 80x64)
  Warning: Could not compute GNN loss for graph 944: mat1 and mat2 shapes cannot be multiplied (10x64 and 80x64)
  Warning: Could not compute GNN loss for graph 1295: mat1 and mat2 shapes cannot be multiplied (10x64 and 80x64)
  Warning: Could not compute GNN loss for graph 433: mat1 and mat2 shapes cannot be multiplied (10x64 and 80x64)
  Warning: Could not compute GNN loss for graph 3951: mat1 and mat2 shapes cannot be multiplied (10x64 and 80x64)
  Warning: Could not compute GNN loss for graph 551: mat1 and mat2 shapes cannot be multiplied (10x64 and 80x64)
  Warning: Could not compute GNN loss for graph 2794: mat1 and mat2 shapes cannot be multiplied (10x64 and 80x64)
  Warning: Could not compute GNN loss for graph 1786: mat1 and mat2 shapes cannot be multiplied (10x64 and 80x64)
  Warning: Could not compute GNN loss for graph 1852: mat1 and mat2 shapes cannot be multiplied (10x64 and 80x64)
  Warning: Could not compute GNN loss for graph 2601: mat1 and mat2 shapes cannot be multiplied (10x64 and 80x64)
  Warning: Could not compute GNN loss for graph 2830: mat1 and mat2 shapes cannot be multiplied (10x64 and 80x64)
  Warning: Could not compute GNN loss for graph 1822: mat1 and mat2 shapes cannot be multiplied (10x64 and 80x64)
  Warning: Could not compute GNN loss for graph 3306: mat1 and mat2 shapes cannot be multiplied (10x64 and 80x64)
  Warning: Could not compute GNN loss for graph 249: mat1 and mat2 shapes cannot be multiplied (10x64 and 80x64)
  Warning: Could not compute GNN loss for graph 3553: mat1 and mat2 shapes cannot be multiplied (10x64 and 80x64)
  Warning: Could not compute GNN loss for graph 2217: mat1 and mat2 shapes cannot be multiplied (10x64 and 80x64)
  Warning: Could not compute GNN loss for graph 3602: mat1 and mat2 shapes cannot be multiplied (10x64 and 80x64)
  Warning: Could not compute GNN loss for graph 3989: mat1 and mat2 shapes cannot be multiplied (10x64 and 80x64)
  Warning: Could not compute GNN loss for graph 1205: mat1 and mat2 shapes cannot be multiplied (10x64 and 80x64)
  Warning: Could not compute GNN loss for graph 2712: mat1 and mat2 shapes cannot be multiplied (10x64 and 80x64)
  Warning: Could not compute GNN loss for graph 3307: mat1 and mat2 shapes cannot be multiplied (10x64 and 80x64)
  Warning: Could not compute GNN loss for graph 2899: mat1 and mat2 shapes cannot be multiplied (10x64 and 80x64)
  Warning: Could not compute GNN loss for graph 2831: mat1 and mat2 shapes cannot be multiplied (10x64 and 80x64)
  Warning: Could not compute GNN loss for graph 1451: mat1 and mat2 shapes cannot be multiplied (10x64 and 80x64)
  Warning: Could not compute GNN loss for graph 3009: mat1 and mat2 shapes cannot be multiplied (10x64 and 80x64)
  Warning: Could not compute GNN loss for graph 588: mat1 and mat2 shapes cannot be multiplied (10x64 and 80x64)
  Warning: Could not compute GNN loss for graph 1366: mat1 and mat2 shapes cannot be multiplied (10x64 and 80x64)
  Warning: Could not compute GNN loss for graph 2374: mat1 and mat2 shapes cannot be multiplied (10x64 and 80x64)
  Warning: Could not compute GNN loss for graph 3842: mat1 and mat2 shapes cannot be multiplied (10x64 and 80x64)
  Warning: Could not compute GNN loss for graph 952: mat1 and mat2 shapes cannot be multiplied (10x64 and 80x64)
  Warning: Could not compute GNN loss for graph 3552: mat1 and mat2 shapes cannot be multiplied (10x64 and 80x64)
  Warning: Could not compute GNN loss for graph 3684: mat1 and mat2 shapes cannot be multiplied (10x64 and 80x64)
  Warning: Could not compute GNN loss for graph 550: mat1 and mat2 shapes cannot be multiplied (10x64 and 80x64)
  Warning: Could not compute GNN loss for graph 2055: mat1 and mat2 shapes cannot be multiplied (10x64 and 80x64)
  Warning: Could not compute GNN loss for graph 3215: mat1 and mat2 shapes cannot be multiplied (10x64 and 80x64)
  Warning: Could not compute GNN loss for graph 2762: mat1 and mat2 shapes cannot be multiplied (10x64 and 80x64)
  Warning: Could not compute GNN loss for graph 136: mat1 and mat2 shapes cannot be multiplied (10x64 and 80x64)
  Warning: Could not compute GNN loss for graph 1132: mat1 and mat2 shapes cannot be multiplied (10x64 and 80x64)
  Warning: Could not compute GNN loss for graph 649: mat1 and mat2 shapes cannot be multiplied (10x64 and 80x64)
  Warning: Could not compute GNN loss for graph 3397: mat1 and mat2 shapes cannot be multiplied (10x64 and 80x64)
  Warning: Could not compute GNN loss for graph 1682: mat1 and mat2 shapes cannot be multiplied (10x64 and 80x64)
  Warning: Could not compute GNN loss for graph 827: mat1 and mat2 shapes cannot be multiplied (10x64 and 80x64)
  Warning: Could not compute GNN loss for graph 3776: mat1 and mat2 shapes cannot be multiplied (10x64 and 80x64)
  Warning: Could not compute GNN loss for graph 2201: mat1 and mat2 shapes cannot be multiplied (10x64 and 80x64)
  Warning: Could not compute GNN loss for graph 2615: mat1 and mat2 shapes cannot be multiplied (10x64 and 80x64)
  Warning: Could not compute GNN loss for graph 3033: mat1 and mat2 shapes cannot be multiplied (10x64 and 80x64)
  Warning: Could not compute GNN loss for graph 1819: mat1 and mat2 shapes cannot be multiplied (10x64 and 80x64)
  Warning: Could not compute GNN loss for graph 3395: mat1 and mat2 shapes cannot be multiplied (10x64 and 80x64)
  Warning: Could not compute GNN loss for graph 776: mat1 and mat2 shapes cannot be multiplied (10x64 and 80x64)
  Warning: Could not compute GNN loss for graph 1296: mat1 and mat2 shapes cannot be multiplied (10x64 and 80x64)
  Warning: Could not compute GNN loss for graph 706: mat1 and mat2 shapes cannot be multiplied (10x64 and 80x64)
  Warning: Could not compute GNN loss for graph 664: mat1 and mat2 shapes cannot be multiplied (10x64 and 80x64)
  Warning: Could not compute GNN loss for graph 918: mat1 and mat2 shapes cannot be multiplied (10x64 and 80x64)
  Warning: Could not compute GNN loss for graph 2534: mat1 and mat2 shapes cannot be multiplied (10x64 and 80x64)
  Warning: Could not compute GNN loss for graph 3043: mat1 and mat2 shapes cannot be multiplied (10x64 and 80x64)
  Warning: Could not compute GNN loss for graph 2946: mat1 and mat2 shapes cannot be multiplied (10x64 and 80x64)
  Warning: Could not compute GNN loss for graph 54: mat1 and mat2 shapes cannot be multiplied (10x64 and 80x64)
  Warning: Could not compute GNN loss for graph 1035: mat1 and mat2 shapes cannot be multiplied (10x64 and 80x64)
  Warning: Could not compute GNN loss for graph 3763: mat1 and mat2 shapes cannot be multiplied (10x64 and 80x64)
  Warning: Could not compute GNN loss for graph 1259: mat1 and mat2 shapes cannot be multiplied (10x64 and 80x64)
  Warning: Could not compute GNN loss for graph 1206: mat1 and mat2 shapes cannot be multiplied (10x64 and 80x64)
  Warning: Could not compute GNN loss for graph 380: mat1 and mat2 shapes cannot be multiplied (10x64 and 80x64)
  Warning: Could not compute GNN loss for graph 2523: mat1 and mat2 shapes cannot be multiplied (10x64 and 80x64)
  Warning: Could not compute GNN loss for graph 3119: mat1 and mat2 shapes cannot be multiplied (10x64 and 80x64)
  Warning: Could not compute GNN loss for graph 1281: mat1 and mat2 shapes cannot be multiplied (10x64 and 80x64)
  Warning: Could not compute GNN loss for graph 1178: mat1 and mat2 shapes cannot be multiplied (10x64 and 80x64)
  Warning: Could not compute GNN loss for graph 2306: mat1 and mat2 shapes cannot be multiplied (10x64 and 80x64)
  Warning: Could not compute GNN loss for graph 761: mat1 and mat2 shapes cannot be multiplied (10x64 and 80x64)
  Warning: Could not compute GNN loss for graph 3898: mat1 and mat2 shapes cannot be multiplied (10x64 and 80x64)
  Warning: Could not compute GNN loss for graph 1611: mat1 and mat2 shapes cannot be multiplied (10x64 and 80x64)
  Warning: Could not compute GNN loss for graph 135: mat1 and mat2 shapes cannot be multiplied (10x64 and 80x64)
  Warning: Could not compute GNN loss for graph 1422: mat1 and mat2 shapes cannot be multiplied (10x64 and 80x64)
  Warning: Could not compute GNN loss for graph 760: mat1 and mat2 shapes cannot be multiplied (10x64 and 80x64)
  Warning: Could not compute GNN loss for graph 2307: mat1 and mat2 shapes cannot be multiplied (10x64 and 80x64)
  Warning: Could not compute GNN loss for graph 672: mat1 and mat2 shapes cannot be multiplied (10x64 and 80x64)
  Warning: Could not compute GNN loss for graph 2328: mat1 and mat2 shapes cannot be multiplied (10x64 and 80x64)
  Warning: Could not compute GNN loss for graph 2380: mat1 and mat2 shapes cannot be multiplied (10x64 and 80x64)
  Warning: Could not compute GNN loss for graph 3841: mat1 and mat2 shapes cannot be multiplied (10x64 and 80x64)
  Warning: Could not compute GNN loss for graph 685: mat1 and mat2 shapes cannot be multiplied (10x64 and 80x64)
  Warning: Could not compute GNN loss for graph 2144: mat1 and mat2 shapes cannot be multiplied (10x64 and 80x64)
  Warning: Could not compute GNN loss for graph 381: mat1 and mat2 shapes cannot be multiplied (10x64 and 80x64)
  Warning: Could not compute GNN loss for graph 3519: mat1 and mat2 shapes cannot be multiplied (10x64 and 80x64)
  Warning: Could not compute GNN loss for graph 1210: mat1 and mat2 shapes cannot be multiplied (10x64 and 80x64)
  Warning: Could not compute GNN loss for graph 2535: mat1 and mat2 shapes cannot be multiplied (10x64 and 80x64)
  Warning: Could not compute GNN loss for graph 203: mat1 and mat2 shapes cannot be multiplied (10x64 and 80x64)
  Warning: Could not compute GNN loss for graph 3313: mat1 and mat2 shapes cannot be multiplied (10x64 and 80x64)
  Warning: Could not compute GNN loss for graph 2478: mat1 and mat2 shapes cannot be multiplied (10x64 and 80x64)
  Warning: Could not compute GNN loss for graph 2781: mat1 and mat2 shapes cannot be multiplied (10x64 and 80x64)
  Warning: Could not compute GNN loss for graph 1: mat1 and mat2 shapes cannot be multiplied (10x64 and 80x64)
  Warning: Could not compute GNN loss for graph 2776: mat1 and mat2 shapes cannot be multiplied (10x64 and 80x64)
  Warning: Could not compute GNN loss for graph 3667: mat1 and mat2 shapes cannot be multiplied (10x64 and 80x64)
  Warning: Could not compute GNN loss for graph 3295: mat1 and mat2 shapes cannot be multiplied (10x64 and 80x64)
  Warning: Could not compute GNN loss for graph 2022: mat1 and mat2 shapes cannot be multiplied (10x64 and 80x64)
  Warning: Could not compute GNN loss for graph 1396: mat1 and mat2 shapes cannot be multiplied (10x64 and 80x64)
  Warning: Could not compute GNN loss for graph 676: mat1 and mat2 shapes cannot be multiplied (10x64 and 80x64)
  Warning: Could not compute GNN loss for graph 2052: mat1 and mat2 shapes cannot be multiplied (10x64 and 80x64)
  Warning: Could not compute GNN loss for graph 659: mat1 and mat2 shapes cannot be multiplied (10x64 and 80x64)

Processing Summary:
  Successfully processed: 0 graphs
  Skipped (missing files): 0 graphs
  Errors: 100 graphs

Running native ablation for feature 35, motif=in_feedback_loop
  Warning: Could not compute GNN loss for graph 2827: mat1 and mat2 shapes cannot be multiplied (10x64 and 80x64)
  Warning: Could not compute GNN loss for graph 1908: mat1 and mat2 shapes cannot be multiplied (10x64 and 80x64)
  Warning: Could not compute GNN loss for graph 2200: mat1 and mat2 shapes cannot be multiplied (10x64 and 80x64)
  Warning: Could not compute GNN loss for graph 3426: mat1 and mat2 shapes cannot be multiplied (10x64 and 80x64)
  Warning: Could not compute GNN loss for graph 944: mat1 and mat2 shapes cannot be multiplied (10x64 and 80x64)
  Warning: Could not compute GNN loss for graph 1295: mat1 and mat2 shapes cannot be multiplied (10x64 and 80x64)
  Warning: Could not compute GNN loss for graph 433: mat1 and mat2 shapes cannot be multiplied (10x64 and 80x64)
  Warning: Could not compute GNN loss for graph 3951: mat1 and mat2 shapes cannot be multiplied (10x64 and 80x64)
  Warning: Could not compute GNN loss for graph 551: mat1 and mat2 shapes cannot be multiplied (10x64 and 80x64)
  Warning: Could not compute GNN loss for graph 2794: mat1 and mat2 shapes cannot be multiplied (10x64 and 80x64)
  Warning: Could not compute GNN loss for graph 1786: mat1 and mat2 shapes cannot be multiplied (10x64 and 80x64)
  Warning: Could not compute GNN loss for graph 1852: mat1 and mat2 shapes cannot be multiplied (10x64 and 80x64)
  Warning: Could not compute GNN loss for graph 2601: mat1 and mat2 shapes cannot be multiplied (10x64 and 80x64)
  Warning: Could not compute GNN loss for graph 2830: mat1 and mat2 shapes cannot be multiplied (10x64 and 80x64)
  Warning: Could not compute GNN loss for graph 1822: mat1 and mat2 shapes cannot be multiplied (10x64 and 80x64)
  Warning: Could not compute GNN loss for graph 3306: mat1 and mat2 shapes cannot be multiplied (10x64 and 80x64)
  Warning: Could not compute GNN loss for graph 249: mat1 and mat2 shapes cannot be multiplied (10x64 and 80x64)
  Warning: Could not compute GNN loss for graph 3553: mat1 and mat2 shapes cannot be multiplied (10x64 and 80x64)
  Warning: Could not compute GNN loss for graph 2217: mat1 and mat2 shapes cannot be multiplied (10x64 and 80x64)
  Warning: Could not compute GNN loss for graph 3602: mat1 and mat2 shapes cannot be multiplied (10x64 and 80x64)
  Warning: Could not compute GNN loss for graph 3989: mat1 and mat2 shapes cannot be multiplied (10x64 and 80x64)
  Warning: Could not compute GNN loss for graph 1205: mat1 and mat2 shapes cannot be multiplied (10x64 and 80x64)
  Warning: Could not compute GNN loss for graph 2712: mat1 and mat2 shapes cannot be multiplied (10x64 and 80x64)
  Warning: Could not compute GNN loss for graph 3307: mat1 and mat2 shapes cannot be multiplied (10x64 and 80x64)
  Warning: Could not compute GNN loss for graph 2899: mat1 and mat2 shapes cannot be multiplied (10x64 and 80x64)
  Warning: Could not compute GNN loss for graph 2831: mat1 and mat2 shapes cannot be multiplied (10x64 and 80x64)
  Warning: Could not compute GNN loss for graph 1451: mat1 and mat2 shapes cannot be multiplied (10x64 and 80x64)
  Warning: Could not compute GNN loss for graph 3009: mat1 and mat2 shapes cannot be multiplied (10x64 and 80x64)
  Warning: Could not compute GNN loss for graph 588: mat1 and mat2 shapes cannot be multiplied (10x64 and 80x64)
  Warning: Could not compute GNN loss for graph 1366: mat1 and mat2 shapes cannot be multiplied (10x64 and 80x64)
  Warning: Could not compute GNN loss for graph 2374: mat1 and mat2 shapes cannot be multiplied (10x64 and 80x64)
  Warning: Could not compute GNN loss for graph 3842: mat1 and mat2 shapes cannot be multiplied (10x64 and 80x64)
  Warning: Could not compute GNN loss for graph 952: mat1 and mat2 shapes cannot be multiplied (10x64 and 80x64)
  Warning: Could not compute GNN loss for graph 3552: mat1 and mat2 shapes cannot be multiplied (10x64 and 80x64)
  Warning: Could not compute GNN loss for graph 3684: mat1 and mat2 shapes cannot be multiplied (10x64 and 80x64)
  Warning: Could not compute GNN loss for graph 550: mat1 and mat2 shapes cannot be multiplied (10x64 and 80x64)
  Warning: Could not compute GNN loss for graph 2055: mat1 and mat2 shapes cannot be multiplied (10x64 and 80x64)
  Warning: Could not compute GNN loss for graph 3215: mat1 and mat2 shapes cannot be multiplied (10x64 and 80x64)
  Warning: Could not compute GNN loss for graph 2762: mat1 and mat2 shapes cannot be multiplied (10x64 and 80x64)
  Warning: Could not compute GNN loss for graph 136: mat1 and mat2 shapes cannot be multiplied (10x64 and 80x64)
  Warning: Could not compute GNN loss for graph 1132: mat1 and mat2 shapes cannot be multiplied (10x64 and 80x64)
  Warning: Could not compute GNN loss for graph 649: mat1 and mat2 shapes cannot be multiplied (10x64 and 80x64)
  Warning: Could not compute GNN loss for graph 3397: mat1 and mat2 shapes cannot be multiplied (10x64 and 80x64)
  Warning: Could not compute GNN loss for graph 1682: mat1 and mat2 shapes cannot be multiplied (10x64 and 80x64)
  Warning: Could not compute GNN loss for graph 827: mat1 and mat2 shapes cannot be multiplied (10x64 and 80x64)
  Warning: Could not compute GNN loss for graph 3776: mat1 and mat2 shapes cannot be multiplied (10x64 and 80x64)
  Warning: Could not compute GNN loss for graph 2201: mat1 and mat2 shapes cannot be multiplied (10x64 and 80x64)
  Warning: Could not compute GNN loss for graph 2615: mat1 and mat2 shapes cannot be multiplied (10x64 and 80x64)
  Warning: Could not compute GNN loss for graph 3033: mat1 and mat2 shapes cannot be multiplied (10x64 and 80x64)
  Warning: Could not compute GNN loss for graph 1819: mat1 and mat2 shapes cannot be multiplied (10x64 and 80x64)
  Warning: Could not compute GNN loss for graph 3395: mat1 and mat2 shapes cannot be multiplied (10x64 and 80x64)
  Warning: Could not compute GNN loss for graph 776: mat1 and mat2 shapes cannot be multiplied (10x64 and 80x64)
  Warning: Could not compute GNN loss for graph 1296: mat1 and mat2 shapes cannot be multiplied (10x64 and 80x64)
  Warning: Could not compute GNN loss for graph 706: mat1 and mat2 shapes cannot be multiplied (10x64 and 80x64)
  Warning: Could not compute GNN loss for graph 664: mat1 and mat2 shapes cannot be multiplied (10x64 and 80x64)
  Warning: Could not compute GNN loss for graph 918: mat1 and mat2 shapes cannot be multiplied (10x64 and 80x64)
  Warning: Could not compute GNN loss for graph 2534: mat1 and mat2 shapes cannot be multiplied (10x64 and 80x64)
  Warning: Could not compute GNN loss for graph 3043: mat1 and mat2 shapes cannot be multiplied (10x64 and 80x64)
  Warning: Could not compute GNN loss for graph 2946: mat1 and mat2 shapes cannot be multiplied (10x64 and 80x64)
  Warning: Could not compute GNN loss for graph 54: mat1 and mat2 shapes cannot be multiplied (10x64 and 80x64)
  Warning: Could not compute GNN loss for graph 1035: mat1 and mat2 shapes cannot be multiplied (10x64 and 80x64)
  Warning: Could not compute GNN loss for graph 3763: mat1 and mat2 shapes cannot be multiplied (10x64 and 80x64)
  Warning: Could not compute GNN loss for graph 1259: mat1 and mat2 shapes cannot be multiplied (10x64 and 80x64)
  Warning: Could not compute GNN loss for graph 1206: mat1 and mat2 shapes cannot be multiplied (10x64 and 80x64)
  Warning: Could not compute GNN loss for graph 380: mat1 and mat2 shapes cannot be multiplied (10x64 and 80x64)
  Warning: Could not compute GNN loss for graph 2523: mat1 and mat2 shapes cannot be multiplied (10x64 and 80x64)
  Warning: Could not compute GNN loss for graph 3119: mat1 and mat2 shapes cannot be multiplied (10x64 and 80x64)
  Warning: Could not compute GNN loss for graph 1281: mat1 and mat2 shapes cannot be multiplied (10x64 and 80x64)
  Warning: Could not compute GNN loss for graph 1178: mat1 and mat2 shapes cannot be multiplied (10x64 and 80x64)
  Warning: Could not compute GNN loss for graph 2306: mat1 and mat2 shapes cannot be multiplied (10x64 and 80x64)
  Warning: Could not compute GNN loss for graph 761: mat1 and mat2 shapes cannot be multiplied (10x64 and 80x64)
  Warning: Could not compute GNN loss for graph 3898: mat1 and mat2 shapes cannot be multiplied (10x64 and 80x64)
  Warning: Could not compute GNN loss for graph 1611: mat1 and mat2 shapes cannot be multiplied (10x64 and 80x64)
  Warning: Could not compute GNN loss for graph 135: mat1 and mat2 shapes cannot be multiplied (10x64 and 80x64)
  Warning: Could not compute GNN loss for graph 1422: mat1 and mat2 shapes cannot be multiplied (10x64 and 80x64)
  Warning: Could not compute GNN loss for graph 760: mat1 and mat2 shapes cannot be multiplied (10x64 and 80x64)
  Warning: Could not compute GNN loss for graph 2307: mat1 and mat2 shapes cannot be multiplied (10x64 and 80x64)
  Warning: Could not compute GNN loss for graph 672: mat1 and mat2 shapes cannot be multiplied (10x64 and 80x64)
  Warning: Could not compute GNN loss for graph 2328: mat1 and mat2 shapes cannot be multiplied (10x64 and 80x64)
  Warning: Could not compute GNN loss for graph 2380: mat1 and mat2 shapes cannot be multiplied (10x64 and 80x64)
  Warning: Could not compute GNN loss for graph 3841: mat1 and mat2 shapes cannot be multiplied (10x64 and 80x64)
  Warning: Could not compute GNN loss for graph 685: mat1 and mat2 shapes cannot be multiplied (10x64 and 80x64)
  Warning: Could not compute GNN loss for graph 2144: mat1 and mat2 shapes cannot be multiplied (10x64 and 80x64)
  Warning: Could not compute GNN loss for graph 381: mat1 and mat2 shapes cannot be multiplied (10x64 and 80x64)
  Warning: Could not compute GNN loss for graph 3519: mat1 and mat2 shapes cannot be multiplied (10x64 and 80x64)
  Warning: Could not compute GNN loss for graph 1210: mat1 and mat2 shapes cannot be multiplied (10x64 and 80x64)
  Warning: Could not compute GNN loss for graph 2535: mat1 and mat2 shapes cannot be multiplied (10x64 and 80x64)
  Warning: Could not compute GNN loss for graph 203: mat1 and mat2 shapes cannot be multiplied (10x64 and 80x64)
  Warning: Could not compute GNN loss for graph 3313: mat1 and mat2 shapes cannot be multiplied (10x64 and 80x64)
  Warning: Could not compute GNN loss for graph 2478: mat1 and mat2 shapes cannot be multiplied (10x64 and 80x64)
  Warning: Could not compute GNN loss for graph 2781: mat1 and mat2 shapes cannot be multiplied (10x64 and 80x64)
  Warning: Could not compute GNN loss for graph 1: mat1 and mat2 shapes cannot be multiplied (10x64 and 80x64)
  Warning: Could not compute GNN loss for graph 2776: mat1 and mat2 shapes cannot be multiplied (10x64 and 80x64)
  Warning: Could not compute GNN loss for graph 3667: mat1 and mat2 shapes cannot be multiplied (10x64 and 80x64)
  Warning: Could not compute GNN loss for graph 3295: mat1 and mat2 shapes cannot be multiplied (10x64 and 80x64)
  Warning: Could not compute GNN loss for graph 2022: mat1 and mat2 shapes cannot be multiplied (10x64 and 80x64)
  Warning: Could not compute GNN loss for graph 1396: mat1 and mat2 shapes cannot be multiplied (10x64 and 80x64)
  Warning: Could not compute GNN loss for graph 676: mat1 and mat2 shapes cannot be multiplied (10x64 and 80x64)
  Warning: Could not compute GNN loss for graph 2052: mat1 and mat2 shapes cannot be multiplied (10x64 and 80x64)
  Warning: Could not compute GNN loss for graph 659: mat1 and mat2 shapes cannot be multiplied (10x64 and 80x64)

Processing Summary:
  Successfully processed: 0 graphs
  Skipped (missing files): 0 graphs
  Errors: 100 graphs

Running native ablation for feature 76, motif=in_feedback_loop
  Warning: Could not compute GNN loss for graph 2827: mat1 and mat2 shapes cannot be multiplied (10x64 and 80x64)
  Warning: Could not compute GNN loss for graph 1908: mat1 and mat2 shapes cannot be multiplied (10x64 and 80x64)
  Warning: Could not compute GNN loss for graph 2200: mat1 and mat2 shapes cannot be multiplied (10x64 and 80x64)
  Warning: Could not compute GNN loss for graph 3426: mat1 and mat2 shapes cannot be multiplied (10x64 and 80x64)
  Warning: Could not compute GNN loss for graph 944: mat1 and mat2 shapes cannot be multiplied (10x64 and 80x64)
  Warning: Could not compute GNN loss for graph 1295: mat1 and mat2 shapes cannot be multiplied (10x64 and 80x64)
  Warning: Could not compute GNN loss for graph 433: mat1 and mat2 shapes cannot be multiplied (10x64 and 80x64)
  Warning: Could not compute GNN loss for graph 3951: mat1 and mat2 shapes cannot be multiplied (10x64 and 80x64)
  Warning: Could not compute GNN loss for graph 551: mat1 and mat2 shapes cannot be multiplied (10x64 and 80x64)
  Warning: Could not compute GNN loss for graph 2794: mat1 and mat2 shapes cannot be multiplied (10x64 and 80x64)
  Warning: Could not compute GNN loss for graph 1786: mat1 and mat2 shapes cannot be multiplied (10x64 and 80x64)
  Warning: Could not compute GNN loss for graph 1852: mat1 and mat2 shapes cannot be multiplied (10x64 and 80x64)
  Warning: Could not compute GNN loss for graph 2601: mat1 and mat2 shapes cannot be multiplied (10x64 and 80x64)
  Warning: Could not compute GNN loss for graph 2830: mat1 and mat2 shapes cannot be multiplied (10x64 and 80x64)
  Warning: Could not compute GNN loss for graph 1822: mat1 and mat2 shapes cannot be multiplied (10x64 and 80x64)
  Warning: Could not compute GNN loss for graph 3306: mat1 and mat2 shapes cannot be multiplied (10x64 and 80x64)
  Warning: Could not compute GNN loss for graph 249: mat1 and mat2 shapes cannot be multiplied (10x64 and 80x64)
  Warning: Could not compute GNN loss for graph 3553: mat1 and mat2 shapes cannot be multiplied (10x64 and 80x64)
  Warning: Could not compute GNN loss for graph 2217: mat1 and mat2 shapes cannot be multiplied (10x64 and 80x64)
  Warning: Could not compute GNN loss for graph 3602: mat1 and mat2 shapes cannot be multiplied (10x64 and 80x64)
  Warning: Could not compute GNN loss for graph 3989: mat1 and mat2 shapes cannot be multiplied (10x64 and 80x64)
  Warning: Could not compute GNN loss for graph 1205: mat1 and mat2 shapes cannot be multiplied (10x64 and 80x64)
  Warning: Could not compute GNN loss for graph 2712: mat1 and mat2 shapes cannot be multiplied (10x64 and 80x64)
  Warning: Could not compute GNN loss for graph 3307: mat1 and mat2 shapes cannot be multiplied (10x64 and 80x64)
  Warning: Could not compute GNN loss for graph 2899: mat1 and mat2 shapes cannot be multiplied (10x64 and 80x64)
  Warning: Could not compute GNN loss for graph 2831: mat1 and mat2 shapes cannot be multiplied (10x64 and 80x64)
  Warning: Could not compute GNN loss for graph 1451: mat1 and mat2 shapes cannot be multiplied (10x64 and 80x64)
  Warning: Could not compute GNN loss for graph 3009: mat1 and mat2 shapes cannot be multiplied (10x64 and 80x64)
  Warning: Could not compute GNN loss for graph 588: mat1 and mat2 shapes cannot be multiplied (10x64 and 80x64)
  Warning: Could not compute GNN loss for graph 1366: mat1 and mat2 shapes cannot be multiplied (10x64 and 80x64)
  Warning: Could not compute GNN loss for graph 2374: mat1 and mat2 shapes cannot be multiplied (10x64 and 80x64)
  Warning: Could not compute GNN loss for graph 3842: mat1 and mat2 shapes cannot be multiplied (10x64 and 80x64)
  Warning: Could not compute GNN loss for graph 952: mat1 and mat2 shapes cannot be multiplied (10x64 and 80x64)
  Warning: Could not compute GNN loss for graph 3552: mat1 and mat2 shapes cannot be multiplied (10x64 and 80x64)
  Warning: Could not compute GNN loss for graph 3684: mat1 and mat2 shapes cannot be multiplied (10x64 and 80x64)
  Warning: Could not compute GNN loss for graph 550: mat1 and mat2 shapes cannot be multiplied (10x64 and 80x64)
  Warning: Could not compute GNN loss for graph 2055: mat1 and mat2 shapes cannot be multiplied (10x64 and 80x64)
  Warning: Could not compute GNN loss for graph 3215: mat1 and mat2 shapes cannot be multiplied (10x64 and 80x64)
  Warning: Could not compute GNN loss for graph 2762: mat1 and mat2 shapes cannot be multiplied (10x64 and 80x64)
  Warning: Could not compute GNN loss for graph 136: mat1 and mat2 shapes cannot be multiplied (10x64 and 80x64)
  Warning: Could not compute GNN loss for graph 1132: mat1 and mat2 shapes cannot be multiplied (10x64 and 80x64)
  Warning: Could not compute GNN loss for graph 649: mat1 and mat2 shapes cannot be multiplied (10x64 and 80x64)
  Warning: Could not compute GNN loss for graph 3397: mat1 and mat2 shapes cannot be multiplied (10x64 and 80x64)
  Warning: Could not compute GNN loss for graph 1682: mat1 and mat2 shapes cannot be multiplied (10x64 and 80x64)
  Warning: Could not compute GNN loss for graph 827: mat1 and mat2 shapes cannot be multiplied (10x64 and 80x64)
  Warning: Could not compute GNN loss for graph 3776: mat1 and mat2 shapes cannot be multiplied (10x64 and 80x64)
  Warning: Could not compute GNN loss for graph 2201: mat1 and mat2 shapes cannot be multiplied (10x64 and 80x64)
  Warning: Could not compute GNN loss for graph 2615: mat1 and mat2 shapes cannot be multiplied (10x64 and 80x64)
  Warning: Could not compute GNN loss for graph 3033: mat1 and mat2 shapes cannot be multiplied (10x64 and 80x64)
  Warning: Could not compute GNN loss for graph 1819: mat1 and mat2 shapes cannot be multiplied (10x64 and 80x64)
  Warning: Could not compute GNN loss for graph 3395: mat1 and mat2 shapes cannot be multiplied (10x64 and 80x64)
  Warning: Could not compute GNN loss for graph 776: mat1 and mat2 shapes cannot be multiplied (10x64 and 80x64)
  Warning: Could not compute GNN loss for graph 1296: mat1 and mat2 shapes cannot be multiplied (10x64 and 80x64)
  Warning: Could not compute GNN loss for graph 706: mat1 and mat2 shapes cannot be multiplied (10x64 and 80x64)
  Warning: Could not compute GNN loss for graph 664: mat1 and mat2 shapes cannot be multiplied (10x64 and 80x64)
  Warning: Could not compute GNN loss for graph 918: mat1 and mat2 shapes cannot be multiplied (10x64 and 80x64)
  Warning: Could not compute GNN loss for graph 2534: mat1 and mat2 shapes cannot be multiplied (10x64 and 80x64)
  Warning: Could not compute GNN loss for graph 3043: mat1 and mat2 shapes cannot be multiplied (10x64 and 80x64)
  Warning: Could not compute GNN loss for graph 2946: mat1 and mat2 shapes cannot be multiplied (10x64 and 80x64)
  Warning: Could not compute GNN loss for graph 54: mat1 and mat2 shapes cannot be multiplied (10x64 and 80x64)
  Warning: Could not compute GNN loss for graph 1035: mat1 and mat2 shapes cannot be multiplied (10x64 and 80x64)
  Warning: Could not compute GNN loss for graph 3763: mat1 and mat2 shapes cannot be multiplied (10x64 and 80x64)
  Warning: Could not compute GNN loss for graph 1259: mat1 and mat2 shapes cannot be multiplied (10x64 and 80x64)
  Warning: Could not compute GNN loss for graph 1206: mat1 and mat2 shapes cannot be multiplied (10x64 and 80x64)
  Warning: Could not compute GNN loss for graph 380: mat1 and mat2 shapes cannot be multiplied (10x64 and 80x64)
  Warning: Could not compute GNN loss for graph 2523: mat1 and mat2 shapes cannot be multiplied (10x64 and 80x64)
  Warning: Could not compute GNN loss for graph 3119: mat1 and mat2 shapes cannot be multiplied (10x64 and 80x64)
  Warning: Could not compute GNN loss for graph 1281: mat1 and mat2 shapes cannot be multiplied (10x64 and 80x64)
  Warning: Could not compute GNN loss for graph 1178: mat1 and mat2 shapes cannot be multiplied (10x64 and 80x64)
  Warning: Could not compute GNN loss for graph 2306: mat1 and mat2 shapes cannot be multiplied (10x64 and 80x64)
  Warning: Could not compute GNN loss for graph 761: mat1 and mat2 shapes cannot be multiplied (10x64 and 80x64)
  Warning: Could not compute GNN loss for graph 3898: mat1 and mat2 shapes cannot be multiplied (10x64 and 80x64)
  Warning: Could not compute GNN loss for graph 1611: mat1 and mat2 shapes cannot be multiplied (10x64 and 80x64)
  Warning: Could not compute GNN loss for graph 135: mat1 and mat2 shapes cannot be multiplied (10x64 and 80x64)
  Warning: Could not compute GNN loss for graph 1422: mat1 and mat2 shapes cannot be multiplied (10x64 and 80x64)
  Warning: Could not compute GNN loss for graph 760: mat1 and mat2 shapes cannot be multiplied (10x64 and 80x64)
  Warning: Could not compute GNN loss for graph 2307: mat1 and mat2 shapes cannot be multiplied (10x64 and 80x64)
  Warning: Could not compute GNN loss for graph 672: mat1 and mat2 shapes cannot be multiplied (10x64 and 80x64)
  Warning: Could not compute GNN loss for graph 2328: mat1 and mat2 shapes cannot be multiplied (10x64 and 80x64)
  Warning: Could not compute GNN loss for graph 2380: mat1 and mat2 shapes cannot be multiplied (10x64 and 80x64)
  Warning: Could not compute GNN loss for graph 3841: mat1 and mat2 shapes cannot be multiplied (10x64 and 80x64)
  Warning: Could not compute GNN loss for graph 685: mat1 and mat2 shapes cannot be multiplied (10x64 and 80x64)
  Warning: Could not compute GNN loss for graph 2144: mat1 and mat2 shapes cannot be multiplied (10x64 and 80x64)
  Warning: Could not compute GNN loss for graph 381: mat1 and mat2 shapes cannot be multiplied (10x64 and 80x64)
  Warning: Could not compute GNN loss for graph 3519: mat1 and mat2 shapes cannot be multiplied (10x64 and 80x64)
  Warning: Could not compute GNN loss for graph 1210: mat1 and mat2 shapes cannot be multiplied (10x64 and 80x64)
  Warning: Could not compute GNN loss for graph 2535: mat1 and mat2 shapes cannot be multiplied (10x64 and 80x64)
  Warning: Could not compute GNN loss for graph 203: mat1 and mat2 shapes cannot be multiplied (10x64 and 80x64)
  Warning: Could not compute GNN loss for graph 3313: mat1 and mat2 shapes cannot be multiplied (10x64 and 80x64)
  Warning: Could not compute GNN loss for graph 2478: mat1 and mat2 shapes cannot be multiplied (10x64 and 80x64)
  Warning: Could not compute GNN loss for graph 2781: mat1 and mat2 shapes cannot be multiplied (10x64 and 80x64)
  Warning: Could not compute GNN loss for graph 1: mat1 and mat2 shapes cannot be multiplied (10x64 and 80x64)
  Warning: Could not compute GNN loss for graph 2776: mat1 and mat2 shapes cannot be multiplied (10x64 and 80x64)
  Warning: Could not compute GNN loss for graph 3667: mat1 and mat2 shapes cannot be multiplied (10x64 and 80x64)
  Warning: Could not compute GNN loss for graph 3295: mat1 and mat2 shapes cannot be multiplied (10x64 and 80x64)
  Warning: Could not compute GNN loss for graph 2022: mat1 and mat2 shapes cannot be multiplied (10x64 and 80x64)
  Warning: Could not compute GNN loss for graph 1396: mat1 and mat2 shapes cannot be multiplied (10x64 and 80x64)
  Warning: Could not compute GNN loss for graph 676: mat1 and mat2 shapes cannot be multiplied (10x64 and 80x64)
  Warning: Could not compute GNN loss for graph 2052: mat1 and mat2 shapes cannot be multiplied (10x64 and 80x64)
  Warning: Could not compute GNN loss for graph 659: mat1 and mat2 shapes cannot be multiplied (10x64 and 80x64)

Processing Summary:
  Successfully processed: 0 graphs
  Skipped (missing files): 0 graphs
  Errors: 100 graphs


======================================================================
✓ STRATEGY 1 ENHANCED (SAE r_pb Guided) COMPLETE
======================================================================

[2026-01-27 04:28:48] Running native ablation for motif: in_cascade
[2026-01-27 04:28:48] Running: native_gnn_ablation.py --variant topk --latent_dim 256 --motif in_cascade --use-rpb --k 16
[2026-01-27 04:28:59] ✓ native_gnn_ablation.py completed successfully
[2026-01-27 04:28:59] ======================================================================
NATIVE GNN ABLATION - STRATEGY 1 ENHANCED (SAE r_pb Guided)
======================================================================

Using r_pb to rank SAE features by motif correlation
Target motif: in_cascade
Top features to ablate: 5

Computing r_pb for all SAE features...

Computing SAE r_pb for motif: in_cascade
  Variant: topk, Latent dim: 256
  ✓ Loading cached latents from latents_topk_latent256_k16.pkl
  ✓ Loaded 4000 nodes × 256 latent dims (CACHED)
  Max |r_pb|: 0.102
  Features with |r_pb| > 0.3: 0

Top 5 features by |r_pb| to in_cascade:
  1. Feature 223: |r_pb| = 0.102
  2. Feature 187: |r_pb| = 0.100
  3. Feature 64: |r_pb| = 0.099
  4. Feature 186: |r_pb| = 0.094
  5. Feature 211: |r_pb| = 0.092
Running native ablation for feature 223, motif=in_feedback_loop
  Warning: Could not compute GNN loss for graph 2827: mat1 and mat2 shapes cannot be multiplied (10x64 and 80x64)
  Warning: Could not compute GNN loss for graph 1908: mat1 and mat2 shapes cannot be multiplied (10x64 and 80x64)
  Warning: Could not compute GNN loss for graph 2200: mat1 and mat2 shapes cannot be multiplied (10x64 and 80x64)
  Warning: Could not compute GNN loss for graph 3426: mat1 and mat2 shapes cannot be multiplied (10x64 and 80x64)
  Warning: Could not compute GNN loss for graph 944: mat1 and mat2 shapes cannot be multiplied (10x64 and 80x64)
  Warning: Could not compute GNN loss for graph 1295: mat1 and mat2 shapes cannot be multiplied (10x64 and 80x64)
  Warning: Could not compute GNN loss for graph 433: mat1 and mat2 shapes cannot be multiplied (10x64 and 80x64)
  Warning: Could not compute GNN loss for graph 3951: mat1 and mat2 shapes cannot be multiplied (10x64 and 80x64)
  Warning: Could not compute GNN loss for graph 551: mat1 and mat2 shapes cannot be multiplied (10x64 and 80x64)
  Warning: Could not compute GNN loss for graph 2794: mat1 and mat2 shapes cannot be multiplied (10x64 and 80x64)
  Warning: Could not compute GNN loss for graph 1786: mat1 and mat2 shapes cannot be multiplied (10x64 and 80x64)
  Warning: Could not compute GNN loss for graph 1852: mat1 and mat2 shapes cannot be multiplied (10x64 and 80x64)
  Warning: Could not compute GNN loss for graph 2601: mat1 and mat2 shapes cannot be multiplied (10x64 and 80x64)
  Warning: Could not compute GNN loss for graph 2830: mat1 and mat2 shapes cannot be multiplied (10x64 and 80x64)
  Warning: Could not compute GNN loss for graph 1822: mat1 and mat2 shapes cannot be multiplied (10x64 and 80x64)
  Warning: Could not compute GNN loss for graph 3306: mat1 and mat2 shapes cannot be multiplied (10x64 and 80x64)
  Warning: Could not compute GNN loss for graph 249: mat1 and mat2 shapes cannot be multiplied (10x64 and 80x64)
  Warning: Could not compute GNN loss for graph 3553: mat1 and mat2 shapes cannot be multiplied (10x64 and 80x64)
  Warning: Could not compute GNN loss for graph 2217: mat1 and mat2 shapes cannot be multiplied (10x64 and 80x64)
  Warning: Could not compute GNN loss for graph 3602: mat1 and mat2 shapes cannot be multiplied (10x64 and 80x64)
  Warning: Could not compute GNN loss for graph 3989: mat1 and mat2 shapes cannot be multiplied (10x64 and 80x64)
  Warning: Could not compute GNN loss for graph 1205: mat1 and mat2 shapes cannot be multiplied (10x64 and 80x64)
  Warning: Could not compute GNN loss for graph 2712: mat1 and mat2 shapes cannot be multiplied (10x64 and 80x64)
  Warning: Could not compute GNN loss for graph 3307: mat1 and mat2 shapes cannot be multiplied (10x64 and 80x64)
  Warning: Could not compute GNN loss for graph 2899: mat1 and mat2 shapes cannot be multiplied (10x64 and 80x64)
  Warning: Could not compute GNN loss for graph 2831: mat1 and mat2 shapes cannot be multiplied (10x64 and 80x64)
  Warning: Could not compute GNN loss for graph 1451: mat1 and mat2 shapes cannot be multiplied (10x64 and 80x64)
  Warning: Could not compute GNN loss for graph 3009: mat1 and mat2 shapes cannot be multiplied (10x64 and 80x64)
  Warning: Could not compute GNN loss for graph 588: mat1 and mat2 shapes cannot be multiplied (10x64 and 80x64)
  Warning: Could not compute GNN loss for graph 1366: mat1 and mat2 shapes cannot be multiplied (10x64 and 80x64)
  Warning: Could not compute GNN loss for graph 2374: mat1 and mat2 shapes cannot be multiplied (10x64 and 80x64)
  Warning: Could not compute GNN loss for graph 3842: mat1 and mat2 shapes cannot be multiplied (10x64 and 80x64)
  Warning: Could not compute GNN loss for graph 952: mat1 and mat2 shapes cannot be multiplied (10x64 and 80x64)
  Warning: Could not compute GNN loss for graph 3552: mat1 and mat2 shapes cannot be multiplied (10x64 and 80x64)
  Warning: Could not compute GNN loss for graph 3684: mat1 and mat2 shapes cannot be multiplied (10x64 and 80x64)
  Warning: Could not compute GNN loss for graph 550: mat1 and mat2 shapes cannot be multiplied (10x64 and 80x64)
  Warning: Could not compute GNN loss for graph 2055: mat1 and mat2 shapes cannot be multiplied (10x64 and 80x64)
  Warning: Could not compute GNN loss for graph 3215: mat1 and mat2 shapes cannot be multiplied (10x64 and 80x64)
  Warning: Could not compute GNN loss for graph 2762: mat1 and mat2 shapes cannot be multiplied (10x64 and 80x64)
  Warning: Could not compute GNN loss for graph 136: mat1 and mat2 shapes cannot be multiplied (10x64 and 80x64)
  Warning: Could not compute GNN loss for graph 1132: mat1 and mat2 shapes cannot be multiplied (10x64 and 80x64)
  Warning: Could not compute GNN loss for graph 649: mat1 and mat2 shapes cannot be multiplied (10x64 and 80x64)
  Warning: Could not compute GNN loss for graph 3397: mat1 and mat2 shapes cannot be multiplied (10x64 and 80x64)
  Warning: Could not compute GNN loss for graph 1682: mat1 and mat2 shapes cannot be multiplied (10x64 and 80x64)
  Warning: Could not compute GNN loss for graph 827: mat1 and mat2 shapes cannot be multiplied (10x64 and 80x64)
  Warning: Could not compute GNN loss for graph 3776: mat1 and mat2 shapes cannot be multiplied (10x64 and 80x64)
  Warning: Could not compute GNN loss for graph 2201: mat1 and mat2 shapes cannot be multiplied (10x64 and 80x64)
  Warning: Could not compute GNN loss for graph 2615: mat1 and mat2 shapes cannot be multiplied (10x64 and 80x64)
  Warning: Could not compute GNN loss for graph 3033: mat1 and mat2 shapes cannot be multiplied (10x64 and 80x64)
  Warning: Could not compute GNN loss for graph 1819: mat1 and mat2 shapes cannot be multiplied (10x64 and 80x64)
  Warning: Could not compute GNN loss for graph 3395: mat1 and mat2 shapes cannot be multiplied (10x64 and 80x64)
  Warning: Could not compute GNN loss for graph 776: mat1 and mat2 shapes cannot be multiplied (10x64 and 80x64)
  Warning: Could not compute GNN loss for graph 1296: mat1 and mat2 shapes cannot be multiplied (10x64 and 80x64)
  Warning: Could not compute GNN loss for graph 706: mat1 and mat2 shapes cannot be multiplied (10x64 and 80x64)
  Warning: Could not compute GNN loss for graph 664: mat1 and mat2 shapes cannot be multiplied (10x64 and 80x64)
  Warning: Could not compute GNN loss for graph 918: mat1 and mat2 shapes cannot be multiplied (10x64 and 80x64)
  Warning: Could not compute GNN loss for graph 2534: mat1 and mat2 shapes cannot be multiplied (10x64 and 80x64)
  Warning: Could not compute GNN loss for graph 3043: mat1 and mat2 shapes cannot be multiplied (10x64 and 80x64)
  Warning: Could not compute GNN loss for graph 2946: mat1 and mat2 shapes cannot be multiplied (10x64 and 80x64)
  Warning: Could not compute GNN loss for graph 54: mat1 and mat2 shapes cannot be multiplied (10x64 and 80x64)
  Warning: Could not compute GNN loss for graph 1035: mat1 and mat2 shapes cannot be multiplied (10x64 and 80x64)
  Warning: Could not compute GNN loss for graph 3763: mat1 and mat2 shapes cannot be multiplied (10x64 and 80x64)
  Warning: Could not compute GNN loss for graph 1259: mat1 and mat2 shapes cannot be multiplied (10x64 and 80x64)
  Warning: Could not compute GNN loss for graph 1206: mat1 and mat2 shapes cannot be multiplied (10x64 and 80x64)
  Warning: Could not compute GNN loss for graph 380: mat1 and mat2 shapes cannot be multiplied (10x64 and 80x64)
  Warning: Could not compute GNN loss for graph 2523: mat1 and mat2 shapes cannot be multiplied (10x64 and 80x64)
  Warning: Could not compute GNN loss for graph 3119: mat1 and mat2 shapes cannot be multiplied (10x64 and 80x64)
  Warning: Could not compute GNN loss for graph 1281: mat1 and mat2 shapes cannot be multiplied (10x64 and 80x64)
  Warning: Could not compute GNN loss for graph 1178: mat1 and mat2 shapes cannot be multiplied (10x64 and 80x64)
  Warning: Could not compute GNN loss for graph 2306: mat1 and mat2 shapes cannot be multiplied (10x64 and 80x64)
  Warning: Could not compute GNN loss for graph 761: mat1 and mat2 shapes cannot be multiplied (10x64 and 80x64)
  Warning: Could not compute GNN loss for graph 3898: mat1 and mat2 shapes cannot be multiplied (10x64 and 80x64)
  Warning: Could not compute GNN loss for graph 1611: mat1 and mat2 shapes cannot be multiplied (10x64 and 80x64)
  Warning: Could not compute GNN loss for graph 135: mat1 and mat2 shapes cannot be multiplied (10x64 and 80x64)
  Warning: Could not compute GNN loss for graph 1422: mat1 and mat2 shapes cannot be multiplied (10x64 and 80x64)
  Warning: Could not compute GNN loss for graph 760: mat1 and mat2 shapes cannot be multiplied (10x64 and 80x64)
  Warning: Could not compute GNN loss for graph 2307: mat1 and mat2 shapes cannot be multiplied (10x64 and 80x64)
  Warning: Could not compute GNN loss for graph 672: mat1 and mat2 shapes cannot be multiplied (10x64 and 80x64)
  Warning: Could not compute GNN loss for graph 2328: mat1 and mat2 shapes cannot be multiplied (10x64 and 80x64)
  Warning: Could not compute GNN loss for graph 2380: mat1 and mat2 shapes cannot be multiplied (10x64 and 80x64)
  Warning: Could not compute GNN loss for graph 3841: mat1 and mat2 shapes cannot be multiplied (10x64 and 80x64)
  Warning: Could not compute GNN loss for graph 685: mat1 and mat2 shapes cannot be multiplied (10x64 and 80x64)
  Warning: Could not compute GNN loss for graph 2144: mat1 and mat2 shapes cannot be multiplied (10x64 and 80x64)
  Warning: Could not compute GNN loss for graph 381: mat1 and mat2 shapes cannot be multiplied (10x64 and 80x64)
  Warning: Could not compute GNN loss for graph 3519: mat1 and mat2 shapes cannot be multiplied (10x64 and 80x64)
  Warning: Could not compute GNN loss for graph 1210: mat1 and mat2 shapes cannot be multiplied (10x64 and 80x64)
  Warning: Could not compute GNN loss for graph 2535: mat1 and mat2 shapes cannot be multiplied (10x64 and 80x64)
  Warning: Could not compute GNN loss for graph 203: mat1 and mat2 shapes cannot be multiplied (10x64 and 80x64)
  Warning: Could not compute GNN loss for graph 3313: mat1 and mat2 shapes cannot be multiplied (10x64 and 80x64)
  Warning: Could not compute GNN loss for graph 2478: mat1 and mat2 shapes cannot be multiplied (10x64 and 80x64)
  Warning: Could not compute GNN loss for graph 2781: mat1 and mat2 shapes cannot be multiplied (10x64 and 80x64)
  Warning: Could not compute GNN loss for graph 1: mat1 and mat2 shapes cannot be multiplied (10x64 and 80x64)
  Warning: Could not compute GNN loss for graph 2776: mat1 and mat2 shapes cannot be multiplied (10x64 and 80x64)
  Warning: Could not compute GNN loss for graph 3667: mat1 and mat2 shapes cannot be multiplied (10x64 and 80x64)
  Warning: Could not compute GNN loss for graph 3295: mat1 and mat2 shapes cannot be multiplied (10x64 and 80x64)
  Warning: Could not compute GNN loss for graph 2022: mat1 and mat2 shapes cannot be multiplied (10x64 and 80x64)
  Warning: Could not compute GNN loss for graph 1396: mat1 and mat2 shapes cannot be multiplied (10x64 and 80x64)
  Warning: Could not compute GNN loss for graph 676: mat1 and mat2 shapes cannot be multiplied (10x64 and 80x64)
  Warning: Could not compute GNN loss for graph 2052: mat1 and mat2 shapes cannot be multiplied (10x64 and 80x64)
  Warning: Could not compute GNN loss for graph 659: mat1 and mat2 shapes cannot be multiplied (10x64 and 80x64)

Processing Summary:
  Successfully processed: 0 graphs
  Skipped (missing files): 0 graphs
  Errors: 100 graphs

Running native ablation for feature 187, motif=in_feedback_loop
  Warning: Could not compute GNN loss for graph 2827: mat1 and mat2 shapes cannot be multiplied (10x64 and 80x64)
  Warning: Could not compute GNN loss for graph 1908: mat1 and mat2 shapes cannot be multiplied (10x64 and 80x64)
  Warning: Could not compute GNN loss for graph 2200: mat1 and mat2 shapes cannot be multiplied (10x64 and 80x64)
  Warning: Could not compute GNN loss for graph 3426: mat1 and mat2 shapes cannot be multiplied (10x64 and 80x64)
  Warning: Could not compute GNN loss for graph 944: mat1 and mat2 shapes cannot be multiplied (10x64 and 80x64)
  Warning: Could not compute GNN loss for graph 1295: mat1 and mat2 shapes cannot be multiplied (10x64 and 80x64)
  Warning: Could not compute GNN loss for graph 433: mat1 and mat2 shapes cannot be multiplied (10x64 and 80x64)
  Warning: Could not compute GNN loss for graph 3951: mat1 and mat2 shapes cannot be multiplied (10x64 and 80x64)
  Warning: Could not compute GNN loss for graph 551: mat1 and mat2 shapes cannot be multiplied (10x64 and 80x64)
  Warning: Could not compute GNN loss for graph 2794: mat1 and mat2 shapes cannot be multiplied (10x64 and 80x64)
  Warning: Could not compute GNN loss for graph 1786: mat1 and mat2 shapes cannot be multiplied (10x64 and 80x64)
  Warning: Could not compute GNN loss for graph 1852: mat1 and mat2 shapes cannot be multiplied (10x64 and 80x64)
  Warning: Could not compute GNN loss for graph 2601: mat1 and mat2 shapes cannot be multiplied (10x64 and 80x64)
  Warning: Could not compute GNN loss for graph 2830: mat1 and mat2 shapes cannot be multiplied (10x64 and 80x64)
  Warning: Could not compute GNN loss for graph 1822: mat1 and mat2 shapes cannot be multiplied (10x64 and 80x64)
  Warning: Could not compute GNN loss for graph 3306: mat1 and mat2 shapes cannot be multiplied (10x64 and 80x64)
  Warning: Could not compute GNN loss for graph 249: mat1 and mat2 shapes cannot be multiplied (10x64 and 80x64)
  Warning: Could not compute GNN loss for graph 3553: mat1 and mat2 shapes cannot be multiplied (10x64 and 80x64)
  Warning: Could not compute GNN loss for graph 2217: mat1 and mat2 shapes cannot be multiplied (10x64 and 80x64)
  Warning: Could not compute GNN loss for graph 3602: mat1 and mat2 shapes cannot be multiplied (10x64 and 80x64)
  Warning: Could not compute GNN loss for graph 3989: mat1 and mat2 shapes cannot be multiplied (10x64 and 80x64)
  Warning: Could not compute GNN loss for graph 1205: mat1 and mat2 shapes cannot be multiplied (10x64 and 80x64)
  Warning: Could not compute GNN loss for graph 2712: mat1 and mat2 shapes cannot be multiplied (10x64 and 80x64)
  Warning: Could not compute GNN loss for graph 3307: mat1 and mat2 shapes cannot be multiplied (10x64 and 80x64)
  Warning: Could not compute GNN loss for graph 2899: mat1 and mat2 shapes cannot be multiplied (10x64 and 80x64)
  Warning: Could not compute GNN loss for graph 2831: mat1 and mat2 shapes cannot be multiplied (10x64 and 80x64)
  Warning: Could not compute GNN loss for graph 1451: mat1 and mat2 shapes cannot be multiplied (10x64 and 80x64)
  Warning: Could not compute GNN loss for graph 3009: mat1 and mat2 shapes cannot be multiplied (10x64 and 80x64)
  Warning: Could not compute GNN loss for graph 588: mat1 and mat2 shapes cannot be multiplied (10x64 and 80x64)
  Warning: Could not compute GNN loss for graph 1366: mat1 and mat2 shapes cannot be multiplied (10x64 and 80x64)
  Warning: Could not compute GNN loss for graph 2374: mat1 and mat2 shapes cannot be multiplied (10x64 and 80x64)
  Warning: Could not compute GNN loss for graph 3842: mat1 and mat2 shapes cannot be multiplied (10x64 and 80x64)
  Warning: Could not compute GNN loss for graph 952: mat1 and mat2 shapes cannot be multiplied (10x64 and 80x64)
  Warning: Could not compute GNN loss for graph 3552: mat1 and mat2 shapes cannot be multiplied (10x64 and 80x64)
  Warning: Could not compute GNN loss for graph 3684: mat1 and mat2 shapes cannot be multiplied (10x64 and 80x64)
  Warning: Could not compute GNN loss for graph 550: mat1 and mat2 shapes cannot be multiplied (10x64 and 80x64)
  Warning: Could not compute GNN loss for graph 2055: mat1 and mat2 shapes cannot be multiplied (10x64 and 80x64)
  Warning: Could not compute GNN loss for graph 3215: mat1 and mat2 shapes cannot be multiplied (10x64 and 80x64)
  Warning: Could not compute GNN loss for graph 2762: mat1 and mat2 shapes cannot be multiplied (10x64 and 80x64)
  Warning: Could not compute GNN loss for graph 136: mat1 and mat2 shapes cannot be multiplied (10x64 and 80x64)
  Warning: Could not compute GNN loss for graph 1132: mat1 and mat2 shapes cannot be multiplied (10x64 and 80x64)
  Warning: Could not compute GNN loss for graph 649: mat1 and mat2 shapes cannot be multiplied (10x64 and 80x64)
  Warning: Could not compute GNN loss for graph 3397: mat1 and mat2 shapes cannot be multiplied (10x64 and 80x64)
  Warning: Could not compute GNN loss for graph 1682: mat1 and mat2 shapes cannot be multiplied (10x64 and 80x64)
  Warning: Could not compute GNN loss for graph 827: mat1 and mat2 shapes cannot be multiplied (10x64 and 80x64)
  Warning: Could not compute GNN loss for graph 3776: mat1 and mat2 shapes cannot be multiplied (10x64 and 80x64)
  Warning: Could not compute GNN loss for graph 2201: mat1 and mat2 shapes cannot be multiplied (10x64 and 80x64)
  Warning: Could not compute GNN loss for graph 2615: mat1 and mat2 shapes cannot be multiplied (10x64 and 80x64)
  Warning: Could not compute GNN loss for graph 3033: mat1 and mat2 shapes cannot be multiplied (10x64 and 80x64)
  Warning: Could not compute GNN loss for graph 1819: mat1 and mat2 shapes cannot be multiplied (10x64 and 80x64)
  Warning: Could not compute GNN loss for graph 3395: mat1 and mat2 shapes cannot be multiplied (10x64 and 80x64)
  Warning: Could not compute GNN loss for graph 776: mat1 and mat2 shapes cannot be multiplied (10x64 and 80x64)
  Warning: Could not compute GNN loss for graph 1296: mat1 and mat2 shapes cannot be multiplied (10x64 and 80x64)
  Warning: Could not compute GNN loss for graph 706: mat1 and mat2 shapes cannot be multiplied (10x64 and 80x64)
  Warning: Could not compute GNN loss for graph 664: mat1 and mat2 shapes cannot be multiplied (10x64 and 80x64)
  Warning: Could not compute GNN loss for graph 918: mat1 and mat2 shapes cannot be multiplied (10x64 and 80x64)
  Warning: Could not compute GNN loss for graph 2534: mat1 and mat2 shapes cannot be multiplied (10x64 and 80x64)
  Warning: Could not compute GNN loss for graph 3043: mat1 and mat2 shapes cannot be multiplied (10x64 and 80x64)
  Warning: Could not compute GNN loss for graph 2946: mat1 and mat2 shapes cannot be multiplied (10x64 and 80x64)
  Warning: Could not compute GNN loss for graph 54: mat1 and mat2 shapes cannot be multiplied (10x64 and 80x64)
  Warning: Could not compute GNN loss for graph 1035: mat1 and mat2 shapes cannot be multiplied (10x64 and 80x64)
  Warning: Could not compute GNN loss for graph 3763: mat1 and mat2 shapes cannot be multiplied (10x64 and 80x64)
  Warning: Could not compute GNN loss for graph 1259: mat1 and mat2 shapes cannot be multiplied (10x64 and 80x64)
  Warning: Could not compute GNN loss for graph 1206: mat1 and mat2 shapes cannot be multiplied (10x64 and 80x64)
  Warning: Could not compute GNN loss for graph 380: mat1 and mat2 shapes cannot be multiplied (10x64 and 80x64)
  Warning: Could not compute GNN loss for graph 2523: mat1 and mat2 shapes cannot be multiplied (10x64 and 80x64)
  Warning: Could not compute GNN loss for graph 3119: mat1 and mat2 shapes cannot be multiplied (10x64 and 80x64)
  Warning: Could not compute GNN loss for graph 1281: mat1 and mat2 shapes cannot be multiplied (10x64 and 80x64)
  Warning: Could not compute GNN loss for graph 1178: mat1 and mat2 shapes cannot be multiplied (10x64 and 80x64)
  Warning: Could not compute GNN loss for graph 2306: mat1 and mat2 shapes cannot be multiplied (10x64 and 80x64)
  Warning: Could not compute GNN loss for graph 761: mat1 and mat2 shapes cannot be multiplied (10x64 and 80x64)
  Warning: Could not compute GNN loss for graph 3898: mat1 and mat2 shapes cannot be multiplied (10x64 and 80x64)
  Warning: Could not compute GNN loss for graph 1611: mat1 and mat2 shapes cannot be multiplied (10x64 and 80x64)
  Warning: Could not compute GNN loss for graph 135: mat1 and mat2 shapes cannot be multiplied (10x64 and 80x64)
  Warning: Could not compute GNN loss for graph 1422: mat1 and mat2 shapes cannot be multiplied (10x64 and 80x64)
  Warning: Could not compute GNN loss for graph 760: mat1 and mat2 shapes cannot be multiplied (10x64 and 80x64)
  Warning: Could not compute GNN loss for graph 2307: mat1 and mat2 shapes cannot be multiplied (10x64 and 80x64)
  Warning: Could not compute GNN loss for graph 672: mat1 and mat2 shapes cannot be multiplied (10x64 and 80x64)
  Warning: Could not compute GNN loss for graph 2328: mat1 and mat2 shapes cannot be multiplied (10x64 and 80x64)
  Warning: Could not compute GNN loss for graph 2380: mat1 and mat2 shapes cannot be multiplied (10x64 and 80x64)
  Warning: Could not compute GNN loss for graph 3841: mat1 and mat2 shapes cannot be multiplied (10x64 and 80x64)
  Warning: Could not compute GNN loss for graph 685: mat1 and mat2 shapes cannot be multiplied (10x64 and 80x64)
  Warning: Could not compute GNN loss for graph 2144: mat1 and mat2 shapes cannot be multiplied (10x64 and 80x64)
  Warning: Could not compute GNN loss for graph 381: mat1 and mat2 shapes cannot be multiplied (10x64 and 80x64)
  Warning: Could not compute GNN loss for graph 3519: mat1 and mat2 shapes cannot be multiplied (10x64 and 80x64)
  Warning: Could not compute GNN loss for graph 1210: mat1 and mat2 shapes cannot be multiplied (10x64 and 80x64)
  Warning: Could not compute GNN loss for graph 2535: mat1 and mat2 shapes cannot be multiplied (10x64 and 80x64)
  Warning: Could not compute GNN loss for graph 203: mat1 and mat2 shapes cannot be multiplied (10x64 and 80x64)
  Warning: Could not compute GNN loss for graph 3313: mat1 and mat2 shapes cannot be multiplied (10x64 and 80x64)
  Warning: Could not compute GNN loss for graph 2478: mat1 and mat2 shapes cannot be multiplied (10x64 and 80x64)
  Warning: Could not compute GNN loss for graph 2781: mat1 and mat2 shapes cannot be multiplied (10x64 and 80x64)
  Warning: Could not compute GNN loss for graph 1: mat1 and mat2 shapes cannot be multiplied (10x64 and 80x64)
  Warning: Could not compute GNN loss for graph 2776: mat1 and mat2 shapes cannot be multiplied (10x64 and 80x64)
  Warning: Could not compute GNN loss for graph 3667: mat1 and mat2 shapes cannot be multiplied (10x64 and 80x64)
  Warning: Could not compute GNN loss for graph 3295: mat1 and mat2 shapes cannot be multiplied (10x64 and 80x64)
  Warning: Could not compute GNN loss for graph 2022: mat1 and mat2 shapes cannot be multiplied (10x64 and 80x64)
  Warning: Could not compute GNN loss for graph 1396: mat1 and mat2 shapes cannot be multiplied (10x64 and 80x64)
  Warning: Could not compute GNN loss for graph 676: mat1 and mat2 shapes cannot be multiplied (10x64 and 80x64)
  Warning: Could not compute GNN loss for graph 2052: mat1 and mat2 shapes cannot be multiplied (10x64 and 80x64)
  Warning: Could not compute GNN loss for graph 659: mat1 and mat2 shapes cannot be multiplied (10x64 and 80x64)

Processing Summary:
  Successfully processed: 0 graphs
  Skipped (missing files): 0 graphs
  Errors: 100 graphs

Running native ablation for feature 64, motif=in_feedback_loop
  Warning: Could not compute GNN loss for graph 2827: mat1 and mat2 shapes cannot be multiplied (10x64 and 80x64)
  Warning: Could not compute GNN loss for graph 1908: mat1 and mat2 shapes cannot be multiplied (10x64 and 80x64)
  Warning: Could not compute GNN loss for graph 2200: mat1 and mat2 shapes cannot be multiplied (10x64 and 80x64)
  Warning: Could not compute GNN loss for graph 3426: mat1 and mat2 shapes cannot be multiplied (10x64 and 80x64)
  Warning: Could not compute GNN loss for graph 944: mat1 and mat2 shapes cannot be multiplied (10x64 and 80x64)
  Warning: Could not compute GNN loss for graph 1295: mat1 and mat2 shapes cannot be multiplied (10x64 and 80x64)
  Warning: Could not compute GNN loss for graph 433: mat1 and mat2 shapes cannot be multiplied (10x64 and 80x64)
  Warning: Could not compute GNN loss for graph 3951: mat1 and mat2 shapes cannot be multiplied (10x64 and 80x64)
  Warning: Could not compute GNN loss for graph 551: mat1 and mat2 shapes cannot be multiplied (10x64 and 80x64)
  Warning: Could not compute GNN loss for graph 2794: mat1 and mat2 shapes cannot be multiplied (10x64 and 80x64)
  Warning: Could not compute GNN loss for graph 1786: mat1 and mat2 shapes cannot be multiplied (10x64 and 80x64)
  Warning: Could not compute GNN loss for graph 1852: mat1 and mat2 shapes cannot be multiplied (10x64 and 80x64)
  Warning: Could not compute GNN loss for graph 2601: mat1 and mat2 shapes cannot be multiplied (10x64 and 80x64)
  Warning: Could not compute GNN loss for graph 2830: mat1 and mat2 shapes cannot be multiplied (10x64 and 80x64)
  Warning: Could not compute GNN loss for graph 1822: mat1 and mat2 shapes cannot be multiplied (10x64 and 80x64)
  Warning: Could not compute GNN loss for graph 3306: mat1 and mat2 shapes cannot be multiplied (10x64 and 80x64)
  Warning: Could not compute GNN loss for graph 249: mat1 and mat2 shapes cannot be multiplied (10x64 and 80x64)
  Warning: Could not compute GNN loss for graph 3553: mat1 and mat2 shapes cannot be multiplied (10x64 and 80x64)
  Warning: Could not compute GNN loss for graph 2217: mat1 and mat2 shapes cannot be multiplied (10x64 and 80x64)
  Warning: Could not compute GNN loss for graph 3602: mat1 and mat2 shapes cannot be multiplied (10x64 and 80x64)
  Warning: Could not compute GNN loss for graph 3989: mat1 and mat2 shapes cannot be multiplied (10x64 and 80x64)
  Warning: Could not compute GNN loss for graph 1205: mat1 and mat2 shapes cannot be multiplied (10x64 and 80x64)
  Warning: Could not compute GNN loss for graph 2712: mat1 and mat2 shapes cannot be multiplied (10x64 and 80x64)
  Warning: Could not compute GNN loss for graph 3307: mat1 and mat2 shapes cannot be multiplied (10x64 and 80x64)
  Warning: Could not compute GNN loss for graph 2899: mat1 and mat2 shapes cannot be multiplied (10x64 and 80x64)
  Warning: Could not compute GNN loss for graph 2831: mat1 and mat2 shapes cannot be multiplied (10x64 and 80x64)
  Warning: Could not compute GNN loss for graph 1451: mat1 and mat2 shapes cannot be multiplied (10x64 and 80x64)
  Warning: Could not compute GNN loss for graph 3009: mat1 and mat2 shapes cannot be multiplied (10x64 and 80x64)
  Warning: Could not compute GNN loss for graph 588: mat1 and mat2 shapes cannot be multiplied (10x64 and 80x64)
  Warning: Could not compute GNN loss for graph 1366: mat1 and mat2 shapes cannot be multiplied (10x64 and 80x64)
  Warning: Could not compute GNN loss for graph 2374: mat1 and mat2 shapes cannot be multiplied (10x64 and 80x64)
  Warning: Could not compute GNN loss for graph 3842: mat1 and mat2 shapes cannot be multiplied (10x64 and 80x64)
  Warning: Could not compute GNN loss for graph 952: mat1 and mat2 shapes cannot be multiplied (10x64 and 80x64)
  Warning: Could not compute GNN loss for graph 3552: mat1 and mat2 shapes cannot be multiplied (10x64 and 80x64)
  Warning: Could not compute GNN loss for graph 3684: mat1 and mat2 shapes cannot be multiplied (10x64 and 80x64)
  Warning: Could not compute GNN loss for graph 550: mat1 and mat2 shapes cannot be multiplied (10x64 and 80x64)
  Warning: Could not compute GNN loss for graph 2055: mat1 and mat2 shapes cannot be multiplied (10x64 and 80x64)
  Warning: Could not compute GNN loss for graph 3215: mat1 and mat2 shapes cannot be multiplied (10x64 and 80x64)
  Warning: Could not compute GNN loss for graph 2762: mat1 and mat2 shapes cannot be multiplied (10x64 and 80x64)
  Warning: Could not compute GNN loss for graph 136: mat1 and mat2 shapes cannot be multiplied (10x64 and 80x64)
  Warning: Could not compute GNN loss for graph 1132: mat1 and mat2 shapes cannot be multiplied (10x64 and 80x64)
  Warning: Could not compute GNN loss for graph 649: mat1 and mat2 shapes cannot be multiplied (10x64 and 80x64)
  Warning: Could not compute GNN loss for graph 3397: mat1 and mat2 shapes cannot be multiplied (10x64 and 80x64)
  Warning: Could not compute GNN loss for graph 1682: mat1 and mat2 shapes cannot be multiplied (10x64 and 80x64)
  Warning: Could not compute GNN loss for graph 827: mat1 and mat2 shapes cannot be multiplied (10x64 and 80x64)
  Warning: Could not compute GNN loss for graph 3776: mat1 and mat2 shapes cannot be multiplied (10x64 and 80x64)
  Warning: Could not compute GNN loss for graph 2201: mat1 and mat2 shapes cannot be multiplied (10x64 and 80x64)
  Warning: Could not compute GNN loss for graph 2615: mat1 and mat2 shapes cannot be multiplied (10x64 and 80x64)
  Warning: Could not compute GNN loss for graph 3033: mat1 and mat2 shapes cannot be multiplied (10x64 and 80x64)
  Warning: Could not compute GNN loss for graph 1819: mat1 and mat2 shapes cannot be multiplied (10x64 and 80x64)
  Warning: Could not compute GNN loss for graph 3395: mat1 and mat2 shapes cannot be multiplied (10x64 and 80x64)
  Warning: Could not compute GNN loss for graph 776: mat1 and mat2 shapes cannot be multiplied (10x64 and 80x64)
  Warning: Could not compute GNN loss for graph 1296: mat1 and mat2 shapes cannot be multiplied (10x64 and 80x64)
  Warning: Could not compute GNN loss for graph 706: mat1 and mat2 shapes cannot be multiplied (10x64 and 80x64)
  Warning: Could not compute GNN loss for graph 664: mat1 and mat2 shapes cannot be multiplied (10x64 and 80x64)
  Warning: Could not compute GNN loss for graph 918: mat1 and mat2 shapes cannot be multiplied (10x64 and 80x64)
  Warning: Could not compute GNN loss for graph 2534: mat1 and mat2 shapes cannot be multiplied (10x64 and 80x64)
  Warning: Could not compute GNN loss for graph 3043: mat1 and mat2 shapes cannot be multiplied (10x64 and 80x64)
  Warning: Could not compute GNN loss for graph 2946: mat1 and mat2 shapes cannot be multiplied (10x64 and 80x64)
  Warning: Could not compute GNN loss for graph 54: mat1 and mat2 shapes cannot be multiplied (10x64 and 80x64)
  Warning: Could not compute GNN loss for graph 1035: mat1 and mat2 shapes cannot be multiplied (10x64 and 80x64)
  Warning: Could not compute GNN loss for graph 3763: mat1 and mat2 shapes cannot be multiplied (10x64 and 80x64)
  Warning: Could not compute GNN loss for graph 1259: mat1 and mat2 shapes cannot be multiplied (10x64 and 80x64)
  Warning: Could not compute GNN loss for graph 1206: mat1 and mat2 shapes cannot be multiplied (10x64 and 80x64)
  Warning: Could not compute GNN loss for graph 380: mat1 and mat2 shapes cannot be multiplied (10x64 and 80x64)
  Warning: Could not compute GNN loss for graph 2523: mat1 and mat2 shapes cannot be multiplied (10x64 and 80x64)
  Warning: Could not compute GNN loss for graph 3119: mat1 and mat2 shapes cannot be multiplied (10x64 and 80x64)
  Warning: Could not compute GNN loss for graph 1281: mat1 and mat2 shapes cannot be multiplied (10x64 and 80x64)
  Warning: Could not compute GNN loss for graph 1178: mat1 and mat2 shapes cannot be multiplied (10x64 and 80x64)
  Warning: Could not compute GNN loss for graph 2306: mat1 and mat2 shapes cannot be multiplied (10x64 and 80x64)
  Warning: Could not compute GNN loss for graph 761: mat1 and mat2 shapes cannot be multiplied (10x64 and 80x64)
  Warning: Could not compute GNN loss for graph 3898: mat1 and mat2 shapes cannot be multiplied (10x64 and 80x64)
  Warning: Could not compute GNN loss for graph 1611: mat1 and mat2 shapes cannot be multiplied (10x64 and 80x64)
  Warning: Could not compute GNN loss for graph 135: mat1 and mat2 shapes cannot be multiplied (10x64 and 80x64)
  Warning: Could not compute GNN loss for graph 1422: mat1 and mat2 shapes cannot be multiplied (10x64 and 80x64)
  Warning: Could not compute GNN loss for graph 760: mat1 and mat2 shapes cannot be multiplied (10x64 and 80x64)
  Warning: Could not compute GNN loss for graph 2307: mat1 and mat2 shapes cannot be multiplied (10x64 and 80x64)
  Warning: Could not compute GNN loss for graph 672: mat1 and mat2 shapes cannot be multiplied (10x64 and 80x64)
  Warning: Could not compute GNN loss for graph 2328: mat1 and mat2 shapes cannot be multiplied (10x64 and 80x64)
  Warning: Could not compute GNN loss for graph 2380: mat1 and mat2 shapes cannot be multiplied (10x64 and 80x64)
  Warning: Could not compute GNN loss for graph 3841: mat1 and mat2 shapes cannot be multiplied (10x64 and 80x64)
  Warning: Could not compute GNN loss for graph 685: mat1 and mat2 shapes cannot be multiplied (10x64 and 80x64)
  Warning: Could not compute GNN loss for graph 2144: mat1 and mat2 shapes cannot be multiplied (10x64 and 80x64)
  Warning: Could not compute GNN loss for graph 381: mat1 and mat2 shapes cannot be multiplied (10x64 and 80x64)
  Warning: Could not compute GNN loss for graph 3519: mat1 and mat2 shapes cannot be multiplied (10x64 and 80x64)
  Warning: Could not compute GNN loss for graph 1210: mat1 and mat2 shapes cannot be multiplied (10x64 and 80x64)
  Warning: Could not compute GNN loss for graph 2535: mat1 and mat2 shapes cannot be multiplied (10x64 and 80x64)
  Warning: Could not compute GNN loss for graph 203: mat1 and mat2 shapes cannot be multiplied (10x64 and 80x64)
  Warning: Could not compute GNN loss for graph 3313: mat1 and mat2 shapes cannot be multiplied (10x64 and 80x64)
  Warning: Could not compute GNN loss for graph 2478: mat1 and mat2 shapes cannot be multiplied (10x64 and 80x64)
  Warning: Could not compute GNN loss for graph 2781: mat1 and mat2 shapes cannot be multiplied (10x64 and 80x64)
  Warning: Could not compute GNN loss for graph 1: mat1 and mat2 shapes cannot be multiplied (10x64 and 80x64)
  Warning: Could not compute GNN loss for graph 2776: mat1 and mat2 shapes cannot be multiplied (10x64 and 80x64)
  Warning: Could not compute GNN loss for graph 3667: mat1 and mat2 shapes cannot be multiplied (10x64 and 80x64)
  Warning: Could not compute GNN loss for graph 3295: mat1 and mat2 shapes cannot be multiplied (10x64 and 80x64)
  Warning: Could not compute GNN loss for graph 2022: mat1 and mat2 shapes cannot be multiplied (10x64 and 80x64)
  Warning: Could not compute GNN loss for graph 1396: mat1 and mat2 shapes cannot be multiplied (10x64 and 80x64)
  Warning: Could not compute GNN loss for graph 676: mat1 and mat2 shapes cannot be multiplied (10x64 and 80x64)
  Warning: Could not compute GNN loss for graph 2052: mat1 and mat2 shapes cannot be multiplied (10x64 and 80x64)
  Warning: Could not compute GNN loss for graph 659: mat1 and mat2 shapes cannot be multiplied (10x64 and 80x64)

Processing Summary:
  Successfully processed: 0 graphs
  Skipped (missing files): 0 graphs
  Errors: 100 graphs

Running native ablation for feature 186, motif=in_feedback_loop
  Warning: Could not compute GNN loss for graph 2827: mat1 and mat2 shapes cannot be multiplied (10x64 and 80x64)
  Warning: Could not compute GNN loss for graph 1908: mat1 and mat2 shapes cannot be multiplied (10x64 and 80x64)
  Warning: Could not compute GNN loss for graph 2200: mat1 and mat2 shapes cannot be multiplied (10x64 and 80x64)
  Warning: Could not compute GNN loss for graph 3426: mat1 and mat2 shapes cannot be multiplied (10x64 and 80x64)
  Warning: Could not compute GNN loss for graph 944: mat1 and mat2 shapes cannot be multiplied (10x64 and 80x64)
  Warning: Could not compute GNN loss for graph 1295: mat1 and mat2 shapes cannot be multiplied (10x64 and 80x64)
  Warning: Could not compute GNN loss for graph 433: mat1 and mat2 shapes cannot be multiplied (10x64 and 80x64)
  Warning: Could not compute GNN loss for graph 3951: mat1 and mat2 shapes cannot be multiplied (10x64 and 80x64)
  Warning: Could not compute GNN loss for graph 551: mat1 and mat2 shapes cannot be multiplied (10x64 and 80x64)
  Warning: Could not compute GNN loss for graph 2794: mat1 and mat2 shapes cannot be multiplied (10x64 and 80x64)
  Warning: Could not compute GNN loss for graph 1786: mat1 and mat2 shapes cannot be multiplied (10x64 and 80x64)
  Warning: Could not compute GNN loss for graph 1852: mat1 and mat2 shapes cannot be multiplied (10x64 and 80x64)
  Warning: Could not compute GNN loss for graph 2601: mat1 and mat2 shapes cannot be multiplied (10x64 and 80x64)
  Warning: Could not compute GNN loss for graph 2830: mat1 and mat2 shapes cannot be multiplied (10x64 and 80x64)
  Warning: Could not compute GNN loss for graph 1822: mat1 and mat2 shapes cannot be multiplied (10x64 and 80x64)
  Warning: Could not compute GNN loss for graph 3306: mat1 and mat2 shapes cannot be multiplied (10x64 and 80x64)
  Warning: Could not compute GNN loss for graph 249: mat1 and mat2 shapes cannot be multiplied (10x64 and 80x64)
  Warning: Could not compute GNN loss for graph 3553: mat1 and mat2 shapes cannot be multiplied (10x64 and 80x64)
  Warning: Could not compute GNN loss for graph 2217: mat1 and mat2 shapes cannot be multiplied (10x64 and 80x64)
  Warning: Could not compute GNN loss for graph 3602: mat1 and mat2 shapes cannot be multiplied (10x64 and 80x64)
  Warning: Could not compute GNN loss for graph 3989: mat1 and mat2 shapes cannot be multiplied (10x64 and 80x64)
  Warning: Could not compute GNN loss for graph 1205: mat1 and mat2 shapes cannot be multiplied (10x64 and 80x64)
  Warning: Could not compute GNN loss for graph 2712: mat1 and mat2 shapes cannot be multiplied (10x64 and 80x64)
  Warning: Could not compute GNN loss for graph 3307: mat1 and mat2 shapes cannot be multiplied (10x64 and 80x64)
  Warning: Could not compute GNN loss for graph 2899: mat1 and mat2 shapes cannot be multiplied (10x64 and 80x64)
  Warning: Could not compute GNN loss for graph 2831: mat1 and mat2 shapes cannot be multiplied (10x64 and 80x64)
  Warning: Could not compute GNN loss for graph 1451: mat1 and mat2 shapes cannot be multiplied (10x64 and 80x64)
  Warning: Could not compute GNN loss for graph 3009: mat1 and mat2 shapes cannot be multiplied (10x64 and 80x64)
  Warning: Could not compute GNN loss for graph 588: mat1 and mat2 shapes cannot be multiplied (10x64 and 80x64)
  Warning: Could not compute GNN loss for graph 1366: mat1 and mat2 shapes cannot be multiplied (10x64 and 80x64)
  Warning: Could not compute GNN loss for graph 2374: mat1 and mat2 shapes cannot be multiplied (10x64 and 80x64)
  Warning: Could not compute GNN loss for graph 3842: mat1 and mat2 shapes cannot be multiplied (10x64 and 80x64)
  Warning: Could not compute GNN loss for graph 952: mat1 and mat2 shapes cannot be multiplied (10x64 and 80x64)
  Warning: Could not compute GNN loss for graph 3552: mat1 and mat2 shapes cannot be multiplied (10x64 and 80x64)
  Warning: Could not compute GNN loss for graph 3684: mat1 and mat2 shapes cannot be multiplied (10x64 and 80x64)
  Warning: Could not compute GNN loss for graph 550: mat1 and mat2 shapes cannot be multiplied (10x64 and 80x64)
  Warning: Could not compute GNN loss for graph 2055: mat1 and mat2 shapes cannot be multiplied (10x64 and 80x64)
  Warning: Could not compute GNN loss for graph 3215: mat1 and mat2 shapes cannot be multiplied (10x64 and 80x64)
  Warning: Could not compute GNN loss for graph 2762: mat1 and mat2 shapes cannot be multiplied (10x64 and 80x64)
  Warning: Could not compute GNN loss for graph 136: mat1 and mat2 shapes cannot be multiplied (10x64 and 80x64)
  Warning: Could not compute GNN loss for graph 1132: mat1 and mat2 shapes cannot be multiplied (10x64 and 80x64)
  Warning: Could not compute GNN loss for graph 649: mat1 and mat2 shapes cannot be multiplied (10x64 and 80x64)
  Warning: Could not compute GNN loss for graph 3397: mat1 and mat2 shapes cannot be multiplied (10x64 and 80x64)
  Warning: Could not compute GNN loss for graph 1682: mat1 and mat2 shapes cannot be multiplied (10x64 and 80x64)
  Warning: Could not compute GNN loss for graph 827: mat1 and mat2 shapes cannot be multiplied (10x64 and 80x64)
  Warning: Could not compute GNN loss for graph 3776: mat1 and mat2 shapes cannot be multiplied (10x64 and 80x64)
  Warning: Could not compute GNN loss for graph 2201: mat1 and mat2 shapes cannot be multiplied (10x64 and 80x64)
  Warning: Could not compute GNN loss for graph 2615: mat1 and mat2 shapes cannot be multiplied (10x64 and 80x64)
  Warning: Could not compute GNN loss for graph 3033: mat1 and mat2 shapes cannot be multiplied (10x64 and 80x64)
  Warning: Could not compute GNN loss for graph 1819: mat1 and mat2 shapes cannot be multiplied (10x64 and 80x64)
  Warning: Could not compute GNN loss for graph 3395: mat1 and mat2 shapes cannot be multiplied (10x64 and 80x64)
  Warning: Could not compute GNN loss for graph 776: mat1 and mat2 shapes cannot be multiplied (10x64 and 80x64)
  Warning: Could not compute GNN loss for graph 1296: mat1 and mat2 shapes cannot be multiplied (10x64 and 80x64)
  Warning: Could not compute GNN loss for graph 706: mat1 and mat2 shapes cannot be multiplied (10x64 and 80x64)
  Warning: Could not compute GNN loss for graph 664: mat1 and mat2 shapes cannot be multiplied (10x64 and 80x64)
  Warning: Could not compute GNN loss for graph 918: mat1 and mat2 shapes cannot be multiplied (10x64 and 80x64)
  Warning: Could not compute GNN loss for graph 2534: mat1 and mat2 shapes cannot be multiplied (10x64 and 80x64)
  Warning: Could not compute GNN loss for graph 3043: mat1 and mat2 shapes cannot be multiplied (10x64 and 80x64)
  Warning: Could not compute GNN loss for graph 2946: mat1 and mat2 shapes cannot be multiplied (10x64 and 80x64)
  Warning: Could not compute GNN loss for graph 54: mat1 and mat2 shapes cannot be multiplied (10x64 and 80x64)
  Warning: Could not compute GNN loss for graph 1035: mat1 and mat2 shapes cannot be multiplied (10x64 and 80x64)
  Warning: Could not compute GNN loss for graph 3763: mat1 and mat2 shapes cannot be multiplied (10x64 and 80x64)
  Warning: Could not compute GNN loss for graph 1259: mat1 and mat2 shapes cannot be multiplied (10x64 and 80x64)
  Warning: Could not compute GNN loss for graph 1206: mat1 and mat2 shapes cannot be multiplied (10x64 and 80x64)
  Warning: Could not compute GNN loss for graph 380: mat1 and mat2 shapes cannot be multiplied (10x64 and 80x64)
  Warning: Could not compute GNN loss for graph 2523: mat1 and mat2 shapes cannot be multiplied (10x64 and 80x64)
  Warning: Could not compute GNN loss for graph 3119: mat1 and mat2 shapes cannot be multiplied (10x64 and 80x64)
  Warning: Could not compute GNN loss for graph 1281: mat1 and mat2 shapes cannot be multiplied (10x64 and 80x64)
  Warning: Could not compute GNN loss for graph 1178: mat1 and mat2 shapes cannot be multiplied (10x64 and 80x64)
  Warning: Could not compute GNN loss for graph 2306: mat1 and mat2 shapes cannot be multiplied (10x64 and 80x64)
  Warning: Could not compute GNN loss for graph 761: mat1 and mat2 shapes cannot be multiplied (10x64 and 80x64)
  Warning: Could not compute GNN loss for graph 3898: mat1 and mat2 shapes cannot be multiplied (10x64 and 80x64)
  Warning: Could not compute GNN loss for graph 1611: mat1 and mat2 shapes cannot be multiplied (10x64 and 80x64)
  Warning: Could not compute GNN loss for graph 135: mat1 and mat2 shapes cannot be multiplied (10x64 and 80x64)
  Warning: Could not compute GNN loss for graph 1422: mat1 and mat2 shapes cannot be multiplied (10x64 and 80x64)
  Warning: Could not compute GNN loss for graph 760: mat1 and mat2 shapes cannot be multiplied (10x64 and 80x64)
  Warning: Could not compute GNN loss for graph 2307: mat1 and mat2 shapes cannot be multiplied (10x64 and 80x64)
  Warning: Could not compute GNN loss for graph 672: mat1 and mat2 shapes cannot be multiplied (10x64 and 80x64)
  Warning: Could not compute GNN loss for graph 2328: mat1 and mat2 shapes cannot be multiplied (10x64 and 80x64)
  Warning: Could not compute GNN loss for graph 2380: mat1 and mat2 shapes cannot be multiplied (10x64 and 80x64)
  Warning: Could not compute GNN loss for graph 3841: mat1 and mat2 shapes cannot be multiplied (10x64 and 80x64)
  Warning: Could not compute GNN loss for graph 685: mat1 and mat2 shapes cannot be multiplied (10x64 and 80x64)
  Warning: Could not compute GNN loss for graph 2144: mat1 and mat2 shapes cannot be multiplied (10x64 and 80x64)
  Warning: Could not compute GNN loss for graph 381: mat1 and mat2 shapes cannot be multiplied (10x64 and 80x64)
  Warning: Could not compute GNN loss for graph 3519: mat1 and mat2 shapes cannot be multiplied (10x64 and 80x64)
  Warning: Could not compute GNN loss for graph 1210: mat1 and mat2 shapes cannot be multiplied (10x64 and 80x64)
  Warning: Could not compute GNN loss for graph 2535: mat1 and mat2 shapes cannot be multiplied (10x64 and 80x64)
  Warning: Could not compute GNN loss for graph 203: mat1 and mat2 shapes cannot be multiplied (10x64 and 80x64)
  Warning: Could not compute GNN loss for graph 3313: mat1 and mat2 shapes cannot be multiplied (10x64 and 80x64)
  Warning: Could not compute GNN loss for graph 2478: mat1 and mat2 shapes cannot be multiplied (10x64 and 80x64)
  Warning: Could not compute GNN loss for graph 2781: mat1 and mat2 shapes cannot be multiplied (10x64 and 80x64)
  Warning: Could not compute GNN loss for graph 1: mat1 and mat2 shapes cannot be multiplied (10x64 and 80x64)
  Warning: Could not compute GNN loss for graph 2776: mat1 and mat2 shapes cannot be multiplied (10x64 and 80x64)
  Warning: Could not compute GNN loss for graph 3667: mat1 and mat2 shapes cannot be multiplied (10x64 and 80x64)
  Warning: Could not compute GNN loss for graph 3295: mat1 and mat2 shapes cannot be multiplied (10x64 and 80x64)
  Warning: Could not compute GNN loss for graph 2022: mat1 and mat2 shapes cannot be multiplied (10x64 and 80x64)
  Warning: Could not compute GNN loss for graph 1396: mat1 and mat2 shapes cannot be multiplied (10x64 and 80x64)
  Warning: Could not compute GNN loss for graph 676: mat1 and mat2 shapes cannot be multiplied (10x64 and 80x64)
  Warning: Could not compute GNN loss for graph 2052: mat1 and mat2 shapes cannot be multiplied (10x64 and 80x64)
  Warning: Could not compute GNN loss for graph 659: mat1 and mat2 shapes cannot be multiplied (10x64 and 80x64)

Processing Summary:
  Successfully processed: 0 graphs
  Skipped (missing files): 0 graphs
  Errors: 100 graphs

Running native ablation for feature 211, motif=in_feedback_loop
  Warning: Could not compute GNN loss for graph 2827: mat1 and mat2 shapes cannot be multiplied (10x64 and 80x64)
  Warning: Could not compute GNN loss for graph 1908: mat1 and mat2 shapes cannot be multiplied (10x64 and 80x64)
  Warning: Could not compute GNN loss for graph 2200: mat1 and mat2 shapes cannot be multiplied (10x64 and 80x64)
  Warning: Could not compute GNN loss for graph 3426: mat1 and mat2 shapes cannot be multiplied (10x64 and 80x64)
  Warning: Could not compute GNN loss for graph 944: mat1 and mat2 shapes cannot be multiplied (10x64 and 80x64)
  Warning: Could not compute GNN loss for graph 1295: mat1 and mat2 shapes cannot be multiplied (10x64 and 80x64)
  Warning: Could not compute GNN loss for graph 433: mat1 and mat2 shapes cannot be multiplied (10x64 and 80x64)
  Warning: Could not compute GNN loss for graph 3951: mat1 and mat2 shapes cannot be multiplied (10x64 and 80x64)
  Warning: Could not compute GNN loss for graph 551: mat1 and mat2 shapes cannot be multiplied (10x64 and 80x64)
  Warning: Could not compute GNN loss for graph 2794: mat1 and mat2 shapes cannot be multiplied (10x64 and 80x64)
  Warning: Could not compute GNN loss for graph 1786: mat1 and mat2 shapes cannot be multiplied (10x64 and 80x64)
  Warning: Could not compute GNN loss for graph 1852: mat1 and mat2 shapes cannot be multiplied (10x64 and 80x64)
  Warning: Could not compute GNN loss for graph 2601: mat1 and mat2 shapes cannot be multiplied (10x64 and 80x64)
  Warning: Could not compute GNN loss for graph 2830: mat1 and mat2 shapes cannot be multiplied (10x64 and 80x64)
  Warning: Could not compute GNN loss for graph 1822: mat1 and mat2 shapes cannot be multiplied (10x64 and 80x64)
  Warning: Could not compute GNN loss for graph 3306: mat1 and mat2 shapes cannot be multiplied (10x64 and 80x64)
  Warning: Could not compute GNN loss for graph 249: mat1 and mat2 shapes cannot be multiplied (10x64 and 80x64)
  Warning: Could not compute GNN loss for graph 3553: mat1 and mat2 shapes cannot be multiplied (10x64 and 80x64)
  Warning: Could not compute GNN loss for graph 2217: mat1 and mat2 shapes cannot be multiplied (10x64 and 80x64)
  Warning: Could not compute GNN loss for graph 3602: mat1 and mat2 shapes cannot be multiplied (10x64 and 80x64)
  Warning: Could not compute GNN loss for graph 3989: mat1 and mat2 shapes cannot be multiplied (10x64 and 80x64)
  Warning: Could not compute GNN loss for graph 1205: mat1 and mat2 shapes cannot be multiplied (10x64 and 80x64)
  Warning: Could not compute GNN loss for graph 2712: mat1 and mat2 shapes cannot be multiplied (10x64 and 80x64)
  Warning: Could not compute GNN loss for graph 3307: mat1 and mat2 shapes cannot be multiplied (10x64 and 80x64)
  Warning: Could not compute GNN loss for graph 2899: mat1 and mat2 shapes cannot be multiplied (10x64 and 80x64)
  Warning: Could not compute GNN loss for graph 2831: mat1 and mat2 shapes cannot be multiplied (10x64 and 80x64)
  Warning: Could not compute GNN loss for graph 1451: mat1 and mat2 shapes cannot be multiplied (10x64 and 80x64)
  Warning: Could not compute GNN loss for graph 3009: mat1 and mat2 shapes cannot be multiplied (10x64 and 80x64)
  Warning: Could not compute GNN loss for graph 588: mat1 and mat2 shapes cannot be multiplied (10x64 and 80x64)
  Warning: Could not compute GNN loss for graph 1366: mat1 and mat2 shapes cannot be multiplied (10x64 and 80x64)
  Warning: Could not compute GNN loss for graph 2374: mat1 and mat2 shapes cannot be multiplied (10x64 and 80x64)
  Warning: Could not compute GNN loss for graph 3842: mat1 and mat2 shapes cannot be multiplied (10x64 and 80x64)
  Warning: Could not compute GNN loss for graph 952: mat1 and mat2 shapes cannot be multiplied (10x64 and 80x64)
  Warning: Could not compute GNN loss for graph 3552: mat1 and mat2 shapes cannot be multiplied (10x64 and 80x64)
  Warning: Could not compute GNN loss for graph 3684: mat1 and mat2 shapes cannot be multiplied (10x64 and 80x64)
  Warning: Could not compute GNN loss for graph 550: mat1 and mat2 shapes cannot be multiplied (10x64 and 80x64)
  Warning: Could not compute GNN loss for graph 2055: mat1 and mat2 shapes cannot be multiplied (10x64 and 80x64)
  Warning: Could not compute GNN loss for graph 3215: mat1 and mat2 shapes cannot be multiplied (10x64 and 80x64)
  Warning: Could not compute GNN loss for graph 2762: mat1 and mat2 shapes cannot be multiplied (10x64 and 80x64)
  Warning: Could not compute GNN loss for graph 136: mat1 and mat2 shapes cannot be multiplied (10x64 and 80x64)
  Warning: Could not compute GNN loss for graph 1132: mat1 and mat2 shapes cannot be multiplied (10x64 and 80x64)
  Warning: Could not compute GNN loss for graph 649: mat1 and mat2 shapes cannot be multiplied (10x64 and 80x64)
  Warning: Could not compute GNN loss for graph 3397: mat1 and mat2 shapes cannot be multiplied (10x64 and 80x64)
  Warning: Could not compute GNN loss for graph 1682: mat1 and mat2 shapes cannot be multiplied (10x64 and 80x64)
  Warning: Could not compute GNN loss for graph 827: mat1 and mat2 shapes cannot be multiplied (10x64 and 80x64)
  Warning: Could not compute GNN loss for graph 3776: mat1 and mat2 shapes cannot be multiplied (10x64 and 80x64)
  Warning: Could not compute GNN loss for graph 2201: mat1 and mat2 shapes cannot be multiplied (10x64 and 80x64)
  Warning: Could not compute GNN loss for graph 2615: mat1 and mat2 shapes cannot be multiplied (10x64 and 80x64)
  Warning: Could not compute GNN loss for graph 3033: mat1 and mat2 shapes cannot be multiplied (10x64 and 80x64)
  Warning: Could not compute GNN loss for graph 1819: mat1 and mat2 shapes cannot be multiplied (10x64 and 80x64)
  Warning: Could not compute GNN loss for graph 3395: mat1 and mat2 shapes cannot be multiplied (10x64 and 80x64)
  Warning: Could not compute GNN loss for graph 776: mat1 and mat2 shapes cannot be multiplied (10x64 and 80x64)
  Warning: Could not compute GNN loss for graph 1296: mat1 and mat2 shapes cannot be multiplied (10x64 and 80x64)
  Warning: Could not compute GNN loss for graph 706: mat1 and mat2 shapes cannot be multiplied (10x64 and 80x64)
  Warning: Could not compute GNN loss for graph 664: mat1 and mat2 shapes cannot be multiplied (10x64 and 80x64)
  Warning: Could not compute GNN loss for graph 918: mat1 and mat2 shapes cannot be multiplied (10x64 and 80x64)
  Warning: Could not compute GNN loss for graph 2534: mat1 and mat2 shapes cannot be multiplied (10x64 and 80x64)
  Warning: Could not compute GNN loss for graph 3043: mat1 and mat2 shapes cannot be multiplied (10x64 and 80x64)
  Warning: Could not compute GNN loss for graph 2946: mat1 and mat2 shapes cannot be multiplied (10x64 and 80x64)
  Warning: Could not compute GNN loss for graph 54: mat1 and mat2 shapes cannot be multiplied (10x64 and 80x64)
  Warning: Could not compute GNN loss for graph 1035: mat1 and mat2 shapes cannot be multiplied (10x64 and 80x64)
  Warning: Could not compute GNN loss for graph 3763: mat1 and mat2 shapes cannot be multiplied (10x64 and 80x64)
  Warning: Could not compute GNN loss for graph 1259: mat1 and mat2 shapes cannot be multiplied (10x64 and 80x64)
  Warning: Could not compute GNN loss for graph 1206: mat1 and mat2 shapes cannot be multiplied (10x64 and 80x64)
  Warning: Could not compute GNN loss for graph 380: mat1 and mat2 shapes cannot be multiplied (10x64 and 80x64)
  Warning: Could not compute GNN loss for graph 2523: mat1 and mat2 shapes cannot be multiplied (10x64 and 80x64)
  Warning: Could not compute GNN loss for graph 3119: mat1 and mat2 shapes cannot be multiplied (10x64 and 80x64)
  Warning: Could not compute GNN loss for graph 1281: mat1 and mat2 shapes cannot be multiplied (10x64 and 80x64)
  Warning: Could not compute GNN loss for graph 1178: mat1 and mat2 shapes cannot be multiplied (10x64 and 80x64)
  Warning: Could not compute GNN loss for graph 2306: mat1 and mat2 shapes cannot be multiplied (10x64 and 80x64)
  Warning: Could not compute GNN loss for graph 761: mat1 and mat2 shapes cannot be multiplied (10x64 and 80x64)
  Warning: Could not compute GNN loss for graph 3898: mat1 and mat2 shapes cannot be multiplied (10x64 and 80x64)
  Warning: Could not compute GNN loss for graph 1611: mat1 and mat2 shapes cannot be multiplied (10x64 and 80x64)
  Warning: Could not compute GNN loss for graph 135: mat1 and mat2 shapes cannot be multiplied (10x64 and 80x64)
  Warning: Could not compute GNN loss for graph 1422: mat1 and mat2 shapes cannot be multiplied (10x64 and 80x64)
  Warning: Could not compute GNN loss for graph 760: mat1 and mat2 shapes cannot be multiplied (10x64 and 80x64)
  Warning: Could not compute GNN loss for graph 2307: mat1 and mat2 shapes cannot be multiplied (10x64 and 80x64)
  Warning: Could not compute GNN loss for graph 672: mat1 and mat2 shapes cannot be multiplied (10x64 and 80x64)
  Warning: Could not compute GNN loss for graph 2328: mat1 and mat2 shapes cannot be multiplied (10x64 and 80x64)
  Warning: Could not compute GNN loss for graph 2380: mat1 and mat2 shapes cannot be multiplied (10x64 and 80x64)
  Warning: Could not compute GNN loss for graph 3841: mat1 and mat2 shapes cannot be multiplied (10x64 and 80x64)
  Warning: Could not compute GNN loss for graph 685: mat1 and mat2 shapes cannot be multiplied (10x64 and 80x64)
  Warning: Could not compute GNN loss for graph 2144: mat1 and mat2 shapes cannot be multiplied (10x64 and 80x64)
  Warning: Could not compute GNN loss for graph 381: mat1 and mat2 shapes cannot be multiplied (10x64 and 80x64)
  Warning: Could not compute GNN loss for graph 3519: mat1 and mat2 shapes cannot be multiplied (10x64 and 80x64)
  Warning: Could not compute GNN loss for graph 1210: mat1 and mat2 shapes cannot be multiplied (10x64 and 80x64)
  Warning: Could not compute GNN loss for graph 2535: mat1 and mat2 shapes cannot be multiplied (10x64 and 80x64)
  Warning: Could not compute GNN loss for graph 203: mat1 and mat2 shapes cannot be multiplied (10x64 and 80x64)
  Warning: Could not compute GNN loss for graph 3313: mat1 and mat2 shapes cannot be multiplied (10x64 and 80x64)
  Warning: Could not compute GNN loss for graph 2478: mat1 and mat2 shapes cannot be multiplied (10x64 and 80x64)
  Warning: Could not compute GNN loss for graph 2781: mat1 and mat2 shapes cannot be multiplied (10x64 and 80x64)
  Warning: Could not compute GNN loss for graph 1: mat1 and mat2 shapes cannot be multiplied (10x64 and 80x64)
  Warning: Could not compute GNN loss for graph 2776: mat1 and mat2 shapes cannot be multiplied (10x64 and 80x64)
  Warning: Could not compute GNN loss for graph 3667: mat1 and mat2 shapes cannot be multiplied (10x64 and 80x64)
  Warning: Could not compute GNN loss for graph 3295: mat1 and mat2 shapes cannot be multiplied (10x64 and 80x64)
  Warning: Could not compute GNN loss for graph 2022: mat1 and mat2 shapes cannot be multiplied (10x64 and 80x64)
  Warning: Could not compute GNN loss for graph 1396: mat1 and mat2 shapes cannot be multiplied (10x64 and 80x64)
  Warning: Could not compute GNN loss for graph 676: mat1 and mat2 shapes cannot be multiplied (10x64 and 80x64)
  Warning: Could not compute GNN loss for graph 2052: mat1 and mat2 shapes cannot be multiplied (10x64 and 80x64)
  Warning: Could not compute GNN loss for graph 659: mat1 and mat2 shapes cannot be multiplied (10x64 and 80x64)

Processing Summary:
  Successfully processed: 0 graphs
  Skipped (missing files): 0 graphs
  Errors: 100 graphs


======================================================================
✓ STRATEGY 1 ENHANCED (SAE r_pb Guided) COMPLETE
======================================================================

[2026-01-27 04:28:59] Running native ablation for motif: in_feedforward_loop
[2026-01-27 04:28:59] Running: native_gnn_ablation.py --variant topk --latent_dim 256 --motif in_feedforward_loop --use-rpb --k 16
[2026-01-27 04:29:09] ✓ native_gnn_ablation.py completed successfully
[2026-01-27 04:29:09] ======================================================================
NATIVE GNN ABLATION - STRATEGY 1 ENHANCED (SAE r_pb Guided)
======================================================================

Using r_pb to rank SAE features by motif correlation
Target motif: in_feedforward_loop
Top features to ablate: 5

Computing r_pb for all SAE features...

Computing SAE r_pb for motif: in_feedforward_loop
  Variant: topk, Latent dim: 256
  ✓ Loading cached latents from latents_topk_latent256_k16.pkl
  ✓ Loaded 4000 nodes × 256 latent dims (CACHED)
  Max |r_pb|: 0.294
  Features with |r_pb| > 0.3: 0

Top 5 features by |r_pb| to in_feedforward_loop:
  1. Feature 125: |r_pb| = 0.294
  2. Feature 211: |r_pb| = 0.147
  3. Feature 35: |r_pb| = 0.147
  4. Feature 186: |r_pb| = 0.146
  5. Feature 76: |r_pb| = 0.142
Running native ablation for feature 125, motif=in_feedback_loop
  Warning: Could not compute GNN loss for graph 2827: mat1 and mat2 shapes cannot be multiplied (10x64 and 80x64)
  Warning: Could not compute GNN loss for graph 1908: mat1 and mat2 shapes cannot be multiplied (10x64 and 80x64)
  Warning: Could not compute GNN loss for graph 2200: mat1 and mat2 shapes cannot be multiplied (10x64 and 80x64)
  Warning: Could not compute GNN loss for graph 3426: mat1 and mat2 shapes cannot be multiplied (10x64 and 80x64)
  Warning: Could not compute GNN loss for graph 944: mat1 and mat2 shapes cannot be multiplied (10x64 and 80x64)
  Warning: Could not compute GNN loss for graph 1295: mat1 and mat2 shapes cannot be multiplied (10x64 and 80x64)
  Warning: Could not compute GNN loss for graph 433: mat1 and mat2 shapes cannot be multiplied (10x64 and 80x64)
  Warning: Could not compute GNN loss for graph 3951: mat1 and mat2 shapes cannot be multiplied (10x64 and 80x64)
  Warning: Could not compute GNN loss for graph 551: mat1 and mat2 shapes cannot be multiplied (10x64 and 80x64)
  Warning: Could not compute GNN loss for graph 2794: mat1 and mat2 shapes cannot be multiplied (10x64 and 80x64)
  Warning: Could not compute GNN loss for graph 1786: mat1 and mat2 shapes cannot be multiplied (10x64 and 80x64)
  Warning: Could not compute GNN loss for graph 1852: mat1 and mat2 shapes cannot be multiplied (10x64 and 80x64)
  Warning: Could not compute GNN loss for graph 2601: mat1 and mat2 shapes cannot be multiplied (10x64 and 80x64)
  Warning: Could not compute GNN loss for graph 2830: mat1 and mat2 shapes cannot be multiplied (10x64 and 80x64)
  Warning: Could not compute GNN loss for graph 1822: mat1 and mat2 shapes cannot be multiplied (10x64 and 80x64)
  Warning: Could not compute GNN loss for graph 3306: mat1 and mat2 shapes cannot be multiplied (10x64 and 80x64)
  Warning: Could not compute GNN loss for graph 249: mat1 and mat2 shapes cannot be multiplied (10x64 and 80x64)
  Warning: Could not compute GNN loss for graph 3553: mat1 and mat2 shapes cannot be multiplied (10x64 and 80x64)
  Warning: Could not compute GNN loss for graph 2217: mat1 and mat2 shapes cannot be multiplied (10x64 and 80x64)
  Warning: Could not compute GNN loss for graph 3602: mat1 and mat2 shapes cannot be multiplied (10x64 and 80x64)
  Warning: Could not compute GNN loss for graph 3989: mat1 and mat2 shapes cannot be multiplied (10x64 and 80x64)
  Warning: Could not compute GNN loss for graph 1205: mat1 and mat2 shapes cannot be multiplied (10x64 and 80x64)
  Warning: Could not compute GNN loss for graph 2712: mat1 and mat2 shapes cannot be multiplied (10x64 and 80x64)
  Warning: Could not compute GNN loss for graph 3307: mat1 and mat2 shapes cannot be multiplied (10x64 and 80x64)
  Warning: Could not compute GNN loss for graph 2899: mat1 and mat2 shapes cannot be multiplied (10x64 and 80x64)
  Warning: Could not compute GNN loss for graph 2831: mat1 and mat2 shapes cannot be multiplied (10x64 and 80x64)
  Warning: Could not compute GNN loss for graph 1451: mat1 and mat2 shapes cannot be multiplied (10x64 and 80x64)
  Warning: Could not compute GNN loss for graph 3009: mat1 and mat2 shapes cannot be multiplied (10x64 and 80x64)
  Warning: Could not compute GNN loss for graph 588: mat1 and mat2 shapes cannot be multiplied (10x64 and 80x64)
  Warning: Could not compute GNN loss for graph 1366: mat1 and mat2 shapes cannot be multiplied (10x64 and 80x64)
  Warning: Could not compute GNN loss for graph 2374: mat1 and mat2 shapes cannot be multiplied (10x64 and 80x64)
  Warning: Could not compute GNN loss for graph 3842: mat1 and mat2 shapes cannot be multiplied (10x64 and 80x64)
  Warning: Could not compute GNN loss for graph 952: mat1 and mat2 shapes cannot be multiplied (10x64 and 80x64)
  Warning: Could not compute GNN loss for graph 3552: mat1 and mat2 shapes cannot be multiplied (10x64 and 80x64)
  Warning: Could not compute GNN loss for graph 3684: mat1 and mat2 shapes cannot be multiplied (10x64 and 80x64)
  Warning: Could not compute GNN loss for graph 550: mat1 and mat2 shapes cannot be multiplied (10x64 and 80x64)
  Warning: Could not compute GNN loss for graph 2055: mat1 and mat2 shapes cannot be multiplied (10x64 and 80x64)
  Warning: Could not compute GNN loss for graph 3215: mat1 and mat2 shapes cannot be multiplied (10x64 and 80x64)
  Warning: Could not compute GNN loss for graph 2762: mat1 and mat2 shapes cannot be multiplied (10x64 and 80x64)
  Warning: Could not compute GNN loss for graph 136: mat1 and mat2 shapes cannot be multiplied (10x64 and 80x64)
  Warning: Could not compute GNN loss for graph 1132: mat1 and mat2 shapes cannot be multiplied (10x64 and 80x64)
  Warning: Could not compute GNN loss for graph 649: mat1 and mat2 shapes cannot be multiplied (10x64 and 80x64)
  Warning: Could not compute GNN loss for graph 3397: mat1 and mat2 shapes cannot be multiplied (10x64 and 80x64)
  Warning: Could not compute GNN loss for graph 1682: mat1 and mat2 shapes cannot be multiplied (10x64 and 80x64)
  Warning: Could not compute GNN loss for graph 827: mat1 and mat2 shapes cannot be multiplied (10x64 and 80x64)
  Warning: Could not compute GNN loss for graph 3776: mat1 and mat2 shapes cannot be multiplied (10x64 and 80x64)
  Warning: Could not compute GNN loss for graph 2201: mat1 and mat2 shapes cannot be multiplied (10x64 and 80x64)
  Warning: Could not compute GNN loss for graph 2615: mat1 and mat2 shapes cannot be multiplied (10x64 and 80x64)
  Warning: Could not compute GNN loss for graph 3033: mat1 and mat2 shapes cannot be multiplied (10x64 and 80x64)
  Warning: Could not compute GNN loss for graph 1819: mat1 and mat2 shapes cannot be multiplied (10x64 and 80x64)
  Warning: Could not compute GNN loss for graph 3395: mat1 and mat2 shapes cannot be multiplied (10x64 and 80x64)
  Warning: Could not compute GNN loss for graph 776: mat1 and mat2 shapes cannot be multiplied (10x64 and 80x64)
  Warning: Could not compute GNN loss for graph 1296: mat1 and mat2 shapes cannot be multiplied (10x64 and 80x64)
  Warning: Could not compute GNN loss for graph 706: mat1 and mat2 shapes cannot be multiplied (10x64 and 80x64)
  Warning: Could not compute GNN loss for graph 664: mat1 and mat2 shapes cannot be multiplied (10x64 and 80x64)
  Warning: Could not compute GNN loss for graph 918: mat1 and mat2 shapes cannot be multiplied (10x64 and 80x64)
  Warning: Could not compute GNN loss for graph 2534: mat1 and mat2 shapes cannot be multiplied (10x64 and 80x64)
  Warning: Could not compute GNN loss for graph 3043: mat1 and mat2 shapes cannot be multiplied (10x64 and 80x64)
  Warning: Could not compute GNN loss for graph 2946: mat1 and mat2 shapes cannot be multiplied (10x64 and 80x64)
  Warning: Could not compute GNN loss for graph 54: mat1 and mat2 shapes cannot be multiplied (10x64 and 80x64)
  Warning: Could not compute GNN loss for graph 1035: mat1 and mat2 shapes cannot be multiplied (10x64 and 80x64)
  Warning: Could not compute GNN loss for graph 3763: mat1 and mat2 shapes cannot be multiplied (10x64 and 80x64)
  Warning: Could not compute GNN loss for graph 1259: mat1 and mat2 shapes cannot be multiplied (10x64 and 80x64)
  Warning: Could not compute GNN loss for graph 1206: mat1 and mat2 shapes cannot be multiplied (10x64 and 80x64)
  Warning: Could not compute GNN loss for graph 380: mat1 and mat2 shapes cannot be multiplied (10x64 and 80x64)
  Warning: Could not compute GNN loss for graph 2523: mat1 and mat2 shapes cannot be multiplied (10x64 and 80x64)
  Warning: Could not compute GNN loss for graph 3119: mat1 and mat2 shapes cannot be multiplied (10x64 and 80x64)
  Warning: Could not compute GNN loss for graph 1281: mat1 and mat2 shapes cannot be multiplied (10x64 and 80x64)
  Warning: Could not compute GNN loss for graph 1178: mat1 and mat2 shapes cannot be multiplied (10x64 and 80x64)
  Warning: Could not compute GNN loss for graph 2306: mat1 and mat2 shapes cannot be multiplied (10x64 and 80x64)
  Warning: Could not compute GNN loss for graph 761: mat1 and mat2 shapes cannot be multiplied (10x64 and 80x64)
  Warning: Could not compute GNN loss for graph 3898: mat1 and mat2 shapes cannot be multiplied (10x64 and 80x64)
  Warning: Could not compute GNN loss for graph 1611: mat1 and mat2 shapes cannot be multiplied (10x64 and 80x64)
  Warning: Could not compute GNN loss for graph 135: mat1 and mat2 shapes cannot be multiplied (10x64 and 80x64)
  Warning: Could not compute GNN loss for graph 1422: mat1 and mat2 shapes cannot be multiplied (10x64 and 80x64)
  Warning: Could not compute GNN loss for graph 760: mat1 and mat2 shapes cannot be multiplied (10x64 and 80x64)
  Warning: Could not compute GNN loss for graph 2307: mat1 and mat2 shapes cannot be multiplied (10x64 and 80x64)
  Warning: Could not compute GNN loss for graph 672: mat1 and mat2 shapes cannot be multiplied (10x64 and 80x64)
  Warning: Could not compute GNN loss for graph 2328: mat1 and mat2 shapes cannot be multiplied (10x64 and 80x64)
  Warning: Could not compute GNN loss for graph 2380: mat1 and mat2 shapes cannot be multiplied (10x64 and 80x64)
  Warning: Could not compute GNN loss for graph 3841: mat1 and mat2 shapes cannot be multiplied (10x64 and 80x64)
  Warning: Could not compute GNN loss for graph 685: mat1 and mat2 shapes cannot be multiplied (10x64 and 80x64)
  Warning: Could not compute GNN loss for graph 2144: mat1 and mat2 shapes cannot be multiplied (10x64 and 80x64)
  Warning: Could not compute GNN loss for graph 381: mat1 and mat2 shapes cannot be multiplied (10x64 and 80x64)
  Warning: Could not compute GNN loss for graph 3519: mat1 and mat2 shapes cannot be multiplied (10x64 and 80x64)
  Warning: Could not compute GNN loss for graph 1210: mat1 and mat2 shapes cannot be multiplied (10x64 and 80x64)
  Warning: Could not compute GNN loss for graph 2535: mat1 and mat2 shapes cannot be multiplied (10x64 and 80x64)
  Warning: Could not compute GNN loss for graph 203: mat1 and mat2 shapes cannot be multiplied (10x64 and 80x64)
  Warning: Could not compute GNN loss for graph 3313: mat1 and mat2 shapes cannot be multiplied (10x64 and 80x64)
  Warning: Could not compute GNN loss for graph 2478: mat1 and mat2 shapes cannot be multiplied (10x64 and 80x64)
  Warning: Could not compute GNN loss for graph 2781: mat1 and mat2 shapes cannot be multiplied (10x64 and 80x64)
  Warning: Could not compute GNN loss for graph 1: mat1 and mat2 shapes cannot be multiplied (10x64 and 80x64)
  Warning: Could not compute GNN loss for graph 2776: mat1 and mat2 shapes cannot be multiplied (10x64 and 80x64)
  Warning: Could not compute GNN loss for graph 3667: mat1 and mat2 shapes cannot be multiplied (10x64 and 80x64)
  Warning: Could not compute GNN loss for graph 3295: mat1 and mat2 shapes cannot be multiplied (10x64 and 80x64)
  Warning: Could not compute GNN loss for graph 2022: mat1 and mat2 shapes cannot be multiplied (10x64 and 80x64)
  Warning: Could not compute GNN loss for graph 1396: mat1 and mat2 shapes cannot be multiplied (10x64 and 80x64)
  Warning: Could not compute GNN loss for graph 676: mat1 and mat2 shapes cannot be multiplied (10x64 and 80x64)
  Warning: Could not compute GNN loss for graph 2052: mat1 and mat2 shapes cannot be multiplied (10x64 and 80x64)
  Warning: Could not compute GNN loss for graph 659: mat1 and mat2 shapes cannot be multiplied (10x64 and 80x64)

Processing Summary:
  Successfully processed: 0 graphs
  Skipped (missing files): 0 graphs
  Errors: 100 graphs

Running native ablation for feature 211, motif=in_feedback_loop
  Warning: Could not compute GNN loss for graph 2827: mat1 and mat2 shapes cannot be multiplied (10x64 and 80x64)
  Warning: Could not compute GNN loss for graph 1908: mat1 and mat2 shapes cannot be multiplied (10x64 and 80x64)
  Warning: Could not compute GNN loss for graph 2200: mat1 and mat2 shapes cannot be multiplied (10x64 and 80x64)
  Warning: Could not compute GNN loss for graph 3426: mat1 and mat2 shapes cannot be multiplied (10x64 and 80x64)
  Warning: Could not compute GNN loss for graph 944: mat1 and mat2 shapes cannot be multiplied (10x64 and 80x64)
  Warning: Could not compute GNN loss for graph 1295: mat1 and mat2 shapes cannot be multiplied (10x64 and 80x64)
  Warning: Could not compute GNN loss for graph 433: mat1 and mat2 shapes cannot be multiplied (10x64 and 80x64)
  Warning: Could not compute GNN loss for graph 3951: mat1 and mat2 shapes cannot be multiplied (10x64 and 80x64)
  Warning: Could not compute GNN loss for graph 551: mat1 and mat2 shapes cannot be multiplied (10x64 and 80x64)
  Warning: Could not compute GNN loss for graph 2794: mat1 and mat2 shapes cannot be multiplied (10x64 and 80x64)
  Warning: Could not compute GNN loss for graph 1786: mat1 and mat2 shapes cannot be multiplied (10x64 and 80x64)
  Warning: Could not compute GNN loss for graph 1852: mat1 and mat2 shapes cannot be multiplied (10x64 and 80x64)
  Warning: Could not compute GNN loss for graph 2601: mat1 and mat2 shapes cannot be multiplied (10x64 and 80x64)
  Warning: Could not compute GNN loss for graph 2830: mat1 and mat2 shapes cannot be multiplied (10x64 and 80x64)
  Warning: Could not compute GNN loss for graph 1822: mat1 and mat2 shapes cannot be multiplied (10x64 and 80x64)
  Warning: Could not compute GNN loss for graph 3306: mat1 and mat2 shapes cannot be multiplied (10x64 and 80x64)
  Warning: Could not compute GNN loss for graph 249: mat1 and mat2 shapes cannot be multiplied (10x64 and 80x64)
  Warning: Could not compute GNN loss for graph 3553: mat1 and mat2 shapes cannot be multiplied (10x64 and 80x64)
  Warning: Could not compute GNN loss for graph 2217: mat1 and mat2 shapes cannot be multiplied (10x64 and 80x64)
  Warning: Could not compute GNN loss for graph 3602: mat1 and mat2 shapes cannot be multiplied (10x64 and 80x64)
  Warning: Could not compute GNN loss for graph 3989: mat1 and mat2 shapes cannot be multiplied (10x64 and 80x64)
  Warning: Could not compute GNN loss for graph 1205: mat1 and mat2 shapes cannot be multiplied (10x64 and 80x64)
  Warning: Could not compute GNN loss for graph 2712: mat1 and mat2 shapes cannot be multiplied (10x64 and 80x64)
  Warning: Could not compute GNN loss for graph 3307: mat1 and mat2 shapes cannot be multiplied (10x64 and 80x64)
  Warning: Could not compute GNN loss for graph 2899: mat1 and mat2 shapes cannot be multiplied (10x64 and 80x64)
  Warning: Could not compute GNN loss for graph 2831: mat1 and mat2 shapes cannot be multiplied (10x64 and 80x64)
  Warning: Could not compute GNN loss for graph 1451: mat1 and mat2 shapes cannot be multiplied (10x64 and 80x64)
  Warning: Could not compute GNN loss for graph 3009: mat1 and mat2 shapes cannot be multiplied (10x64 and 80x64)
  Warning: Could not compute GNN loss for graph 588: mat1 and mat2 shapes cannot be multiplied (10x64 and 80x64)
  Warning: Could not compute GNN loss for graph 1366: mat1 and mat2 shapes cannot be multiplied (10x64 and 80x64)
  Warning: Could not compute GNN loss for graph 2374: mat1 and mat2 shapes cannot be multiplied (10x64 and 80x64)
  Warning: Could not compute GNN loss for graph 3842: mat1 and mat2 shapes cannot be multiplied (10x64 and 80x64)
  Warning: Could not compute GNN loss for graph 952: mat1 and mat2 shapes cannot be multiplied (10x64 and 80x64)
  Warning: Could not compute GNN loss for graph 3552: mat1 and mat2 shapes cannot be multiplied (10x64 and 80x64)
  Warning: Could not compute GNN loss for graph 3684: mat1 and mat2 shapes cannot be multiplied (10x64 and 80x64)
  Warning: Could not compute GNN loss for graph 550: mat1 and mat2 shapes cannot be multiplied (10x64 and 80x64)
  Warning: Could not compute GNN loss for graph 2055: mat1 and mat2 shapes cannot be multiplied (10x64 and 80x64)
  Warning: Could not compute GNN loss for graph 3215: mat1 and mat2 shapes cannot be multiplied (10x64 and 80x64)
  Warning: Could not compute GNN loss for graph 2762: mat1 and mat2 shapes cannot be multiplied (10x64 and 80x64)
  Warning: Could not compute GNN loss for graph 136: mat1 and mat2 shapes cannot be multiplied (10x64 and 80x64)
  Warning: Could not compute GNN loss for graph 1132: mat1 and mat2 shapes cannot be multiplied (10x64 and 80x64)
  Warning: Could not compute GNN loss for graph 649: mat1 and mat2 shapes cannot be multiplied (10x64 and 80x64)
  Warning: Could not compute GNN loss for graph 3397: mat1 and mat2 shapes cannot be multiplied (10x64 and 80x64)
  Warning: Could not compute GNN loss for graph 1682: mat1 and mat2 shapes cannot be multiplied (10x64 and 80x64)
  Warning: Could not compute GNN loss for graph 827: mat1 and mat2 shapes cannot be multiplied (10x64 and 80x64)
  Warning: Could not compute GNN loss for graph 3776: mat1 and mat2 shapes cannot be multiplied (10x64 and 80x64)
  Warning: Could not compute GNN loss for graph 2201: mat1 and mat2 shapes cannot be multiplied (10x64 and 80x64)
  Warning: Could not compute GNN loss for graph 2615: mat1 and mat2 shapes cannot be multiplied (10x64 and 80x64)
  Warning: Could not compute GNN loss for graph 3033: mat1 and mat2 shapes cannot be multiplied (10x64 and 80x64)
  Warning: Could not compute GNN loss for graph 1819: mat1 and mat2 shapes cannot be multiplied (10x64 and 80x64)
  Warning: Could not compute GNN loss for graph 3395: mat1 and mat2 shapes cannot be multiplied (10x64 and 80x64)
  Warning: Could not compute GNN loss for graph 776: mat1 and mat2 shapes cannot be multiplied (10x64 and 80x64)
  Warning: Could not compute GNN loss for graph 1296: mat1 and mat2 shapes cannot be multiplied (10x64 and 80x64)
  Warning: Could not compute GNN loss for graph 706: mat1 and mat2 shapes cannot be multiplied (10x64 and 80x64)
  Warning: Could not compute GNN loss for graph 664: mat1 and mat2 shapes cannot be multiplied (10x64 and 80x64)
  Warning: Could not compute GNN loss for graph 918: mat1 and mat2 shapes cannot be multiplied (10x64 and 80x64)
  Warning: Could not compute GNN loss for graph 2534: mat1 and mat2 shapes cannot be multiplied (10x64 and 80x64)
  Warning: Could not compute GNN loss for graph 3043: mat1 and mat2 shapes cannot be multiplied (10x64 and 80x64)
  Warning: Could not compute GNN loss for graph 2946: mat1 and mat2 shapes cannot be multiplied (10x64 and 80x64)
  Warning: Could not compute GNN loss for graph 54: mat1 and mat2 shapes cannot be multiplied (10x64 and 80x64)
  Warning: Could not compute GNN loss for graph 1035: mat1 and mat2 shapes cannot be multiplied (10x64 and 80x64)
  Warning: Could not compute GNN loss for graph 3763: mat1 and mat2 shapes cannot be multiplied (10x64 and 80x64)
  Warning: Could not compute GNN loss for graph 1259: mat1 and mat2 shapes cannot be multiplied (10x64 and 80x64)
  Warning: Could not compute GNN loss for graph 1206: mat1 and mat2 shapes cannot be multiplied (10x64 and 80x64)
  Warning: Could not compute GNN loss for graph 380: mat1 and mat2 shapes cannot be multiplied (10x64 and 80x64)
  Warning: Could not compute GNN loss for graph 2523: mat1 and mat2 shapes cannot be multiplied (10x64 and 80x64)
  Warning: Could not compute GNN loss for graph 3119: mat1 and mat2 shapes cannot be multiplied (10x64 and 80x64)
  Warning: Could not compute GNN loss for graph 1281: mat1 and mat2 shapes cannot be multiplied (10x64 and 80x64)
  Warning: Could not compute GNN loss for graph 1178: mat1 and mat2 shapes cannot be multiplied (10x64 and 80x64)
  Warning: Could not compute GNN loss for graph 2306: mat1 and mat2 shapes cannot be multiplied (10x64 and 80x64)
  Warning: Could not compute GNN loss for graph 761: mat1 and mat2 shapes cannot be multiplied (10x64 and 80x64)
  Warning: Could not compute GNN loss for graph 3898: mat1 and mat2 shapes cannot be multiplied (10x64 and 80x64)
  Warning: Could not compute GNN loss for graph 1611: mat1 and mat2 shapes cannot be multiplied (10x64 and 80x64)
  Warning: Could not compute GNN loss for graph 135: mat1 and mat2 shapes cannot be multiplied (10x64 and 80x64)
  Warning: Could not compute GNN loss for graph 1422: mat1 and mat2 shapes cannot be multiplied (10x64 and 80x64)
  Warning: Could not compute GNN loss for graph 760: mat1 and mat2 shapes cannot be multiplied (10x64 and 80x64)
  Warning: Could not compute GNN loss for graph 2307: mat1 and mat2 shapes cannot be multiplied (10x64 and 80x64)
  Warning: Could not compute GNN loss for graph 672: mat1 and mat2 shapes cannot be multiplied (10x64 and 80x64)
  Warning: Could not compute GNN loss for graph 2328: mat1 and mat2 shapes cannot be multiplied (10x64 and 80x64)
  Warning: Could not compute GNN loss for graph 2380: mat1 and mat2 shapes cannot be multiplied (10x64 and 80x64)
  Warning: Could not compute GNN loss for graph 3841: mat1 and mat2 shapes cannot be multiplied (10x64 and 80x64)
  Warning: Could not compute GNN loss for graph 685: mat1 and mat2 shapes cannot be multiplied (10x64 and 80x64)
  Warning: Could not compute GNN loss for graph 2144: mat1 and mat2 shapes cannot be multiplied (10x64 and 80x64)
  Warning: Could not compute GNN loss for graph 381: mat1 and mat2 shapes cannot be multiplied (10x64 and 80x64)
  Warning: Could not compute GNN loss for graph 3519: mat1 and mat2 shapes cannot be multiplied (10x64 and 80x64)
  Warning: Could not compute GNN loss for graph 1210: mat1 and mat2 shapes cannot be multiplied (10x64 and 80x64)
  Warning: Could not compute GNN loss for graph 2535: mat1 and mat2 shapes cannot be multiplied (10x64 and 80x64)
  Warning: Could not compute GNN loss for graph 203: mat1 and mat2 shapes cannot be multiplied (10x64 and 80x64)
  Warning: Could not compute GNN loss for graph 3313: mat1 and mat2 shapes cannot be multiplied (10x64 and 80x64)
  Warning: Could not compute GNN loss for graph 2478: mat1 and mat2 shapes cannot be multiplied (10x64 and 80x64)
  Warning: Could not compute GNN loss for graph 2781: mat1 and mat2 shapes cannot be multiplied (10x64 and 80x64)
  Warning: Could not compute GNN loss for graph 1: mat1 and mat2 shapes cannot be multiplied (10x64 and 80x64)
  Warning: Could not compute GNN loss for graph 2776: mat1 and mat2 shapes cannot be multiplied (10x64 and 80x64)
  Warning: Could not compute GNN loss for graph 3667: mat1 and mat2 shapes cannot be multiplied (10x64 and 80x64)
  Warning: Could not compute GNN loss for graph 3295: mat1 and mat2 shapes cannot be multiplied (10x64 and 80x64)
  Warning: Could not compute GNN loss for graph 2022: mat1 and mat2 shapes cannot be multiplied (10x64 and 80x64)
  Warning: Could not compute GNN loss for graph 1396: mat1 and mat2 shapes cannot be multiplied (10x64 and 80x64)
  Warning: Could not compute GNN loss for graph 676: mat1 and mat2 shapes cannot be multiplied (10x64 and 80x64)
  Warning: Could not compute GNN loss for graph 2052: mat1 and mat2 shapes cannot be multiplied (10x64 and 80x64)
  Warning: Could not compute GNN loss for graph 659: mat1 and mat2 shapes cannot be multiplied (10x64 and 80x64)

Processing Summary:
  Successfully processed: 0 graphs
  Skipped (missing files): 0 graphs
  Errors: 100 graphs

Running native ablation for feature 35, motif=in_feedback_loop
  Warning: Could not compute GNN loss for graph 2827: mat1 and mat2 shapes cannot be multiplied (10x64 and 80x64)
  Warning: Could not compute GNN loss for graph 1908: mat1 and mat2 shapes cannot be multiplied (10x64 and 80x64)
  Warning: Could not compute GNN loss for graph 2200: mat1 and mat2 shapes cannot be multiplied (10x64 and 80x64)
  Warning: Could not compute GNN loss for graph 3426: mat1 and mat2 shapes cannot be multiplied (10x64 and 80x64)
  Warning: Could not compute GNN loss for graph 944: mat1 and mat2 shapes cannot be multiplied (10x64 and 80x64)
  Warning: Could not compute GNN loss for graph 1295: mat1 and mat2 shapes cannot be multiplied (10x64 and 80x64)
  Warning: Could not compute GNN loss for graph 433: mat1 and mat2 shapes cannot be multiplied (10x64 and 80x64)
  Warning: Could not compute GNN loss for graph 3951: mat1 and mat2 shapes cannot be multiplied (10x64 and 80x64)
  Warning: Could not compute GNN loss for graph 551: mat1 and mat2 shapes cannot be multiplied (10x64 and 80x64)
  Warning: Could not compute GNN loss for graph 2794: mat1 and mat2 shapes cannot be multiplied (10x64 and 80x64)
  Warning: Could not compute GNN loss for graph 1786: mat1 and mat2 shapes cannot be multiplied (10x64 and 80x64)
  Warning: Could not compute GNN loss for graph 1852: mat1 and mat2 shapes cannot be multiplied (10x64 and 80x64)
  Warning: Could not compute GNN loss for graph 2601: mat1 and mat2 shapes cannot be multiplied (10x64 and 80x64)
  Warning: Could not compute GNN loss for graph 2830: mat1 and mat2 shapes cannot be multiplied (10x64 and 80x64)
  Warning: Could not compute GNN loss for graph 1822: mat1 and mat2 shapes cannot be multiplied (10x64 and 80x64)
  Warning: Could not compute GNN loss for graph 3306: mat1 and mat2 shapes cannot be multiplied (10x64 and 80x64)
  Warning: Could not compute GNN loss for graph 249: mat1 and mat2 shapes cannot be multiplied (10x64 and 80x64)
  Warning: Could not compute GNN loss for graph 3553: mat1 and mat2 shapes cannot be multiplied (10x64 and 80x64)
  Warning: Could not compute GNN loss for graph 2217: mat1 and mat2 shapes cannot be multiplied (10x64 and 80x64)
  Warning: Could not compute GNN loss for graph 3602: mat1 and mat2 shapes cannot be multiplied (10x64 and 80x64)
  Warning: Could not compute GNN loss for graph 3989: mat1 and mat2 shapes cannot be multiplied (10x64 and 80x64)
  Warning: Could not compute GNN loss for graph 1205: mat1 and mat2 shapes cannot be multiplied (10x64 and 80x64)
  Warning: Could not compute GNN loss for graph 2712: mat1 and mat2 shapes cannot be multiplied (10x64 and 80x64)
  Warning: Could not compute GNN loss for graph 3307: mat1 and mat2 shapes cannot be multiplied (10x64 and 80x64)
  Warning: Could not compute GNN loss for graph 2899: mat1 and mat2 shapes cannot be multiplied (10x64 and 80x64)
  Warning: Could not compute GNN loss for graph 2831: mat1 and mat2 shapes cannot be multiplied (10x64 and 80x64)
  Warning: Could not compute GNN loss for graph 1451: mat1 and mat2 shapes cannot be multiplied (10x64 and 80x64)
  Warning: Could not compute GNN loss for graph 3009: mat1 and mat2 shapes cannot be multiplied (10x64 and 80x64)
  Warning: Could not compute GNN loss for graph 588: mat1 and mat2 shapes cannot be multiplied (10x64 and 80x64)
  Warning: Could not compute GNN loss for graph 1366: mat1 and mat2 shapes cannot be multiplied (10x64 and 80x64)
  Warning: Could not compute GNN loss for graph 2374: mat1 and mat2 shapes cannot be multiplied (10x64 and 80x64)
  Warning: Could not compute GNN loss for graph 3842: mat1 and mat2 shapes cannot be multiplied (10x64 and 80x64)
  Warning: Could not compute GNN loss for graph 952: mat1 and mat2 shapes cannot be multiplied (10x64 and 80x64)
  Warning: Could not compute GNN loss for graph 3552: mat1 and mat2 shapes cannot be multiplied (10x64 and 80x64)
  Warning: Could not compute GNN loss for graph 3684: mat1 and mat2 shapes cannot be multiplied (10x64 and 80x64)
  Warning: Could not compute GNN loss for graph 550: mat1 and mat2 shapes cannot be multiplied (10x64 and 80x64)
  Warning: Could not compute GNN loss for graph 2055: mat1 and mat2 shapes cannot be multiplied (10x64 and 80x64)
  Warning: Could not compute GNN loss for graph 3215: mat1 and mat2 shapes cannot be multiplied (10x64 and 80x64)
  Warning: Could not compute GNN loss for graph 2762: mat1 and mat2 shapes cannot be multiplied (10x64 and 80x64)
  Warning: Could not compute GNN loss for graph 136: mat1 and mat2 shapes cannot be multiplied (10x64 and 80x64)
  Warning: Could not compute GNN loss for graph 1132: mat1 and mat2 shapes cannot be multiplied (10x64 and 80x64)
  Warning: Could not compute GNN loss for graph 649: mat1 and mat2 shapes cannot be multiplied (10x64 and 80x64)
  Warning: Could not compute GNN loss for graph 3397: mat1 and mat2 shapes cannot be multiplied (10x64 and 80x64)
  Warning: Could not compute GNN loss for graph 1682: mat1 and mat2 shapes cannot be multiplied (10x64 and 80x64)
  Warning: Could not compute GNN loss for graph 827: mat1 and mat2 shapes cannot be multiplied (10x64 and 80x64)
  Warning: Could not compute GNN loss for graph 3776: mat1 and mat2 shapes cannot be multiplied (10x64 and 80x64)
  Warning: Could not compute GNN loss for graph 2201: mat1 and mat2 shapes cannot be multiplied (10x64 and 80x64)
  Warning: Could not compute GNN loss for graph 2615: mat1 and mat2 shapes cannot be multiplied (10x64 and 80x64)
  Warning: Could not compute GNN loss for graph 3033: mat1 and mat2 shapes cannot be multiplied (10x64 and 80x64)
  Warning: Could not compute GNN loss for graph 1819: mat1 and mat2 shapes cannot be multiplied (10x64 and 80x64)
  Warning: Could not compute GNN loss for graph 3395: mat1 and mat2 shapes cannot be multiplied (10x64 and 80x64)
  Warning: Could not compute GNN loss for graph 776: mat1 and mat2 shapes cannot be multiplied (10x64 and 80x64)
  Warning: Could not compute GNN loss for graph 1296: mat1 and mat2 shapes cannot be multiplied (10x64 and 80x64)
  Warning: Could not compute GNN loss for graph 706: mat1 and mat2 shapes cannot be multiplied (10x64 and 80x64)
  Warning: Could not compute GNN loss for graph 664: mat1 and mat2 shapes cannot be multiplied (10x64 and 80x64)
  Warning: Could not compute GNN loss for graph 918: mat1 and mat2 shapes cannot be multiplied (10x64 and 80x64)
  Warning: Could not compute GNN loss for graph 2534: mat1 and mat2 shapes cannot be multiplied (10x64 and 80x64)
  Warning: Could not compute GNN loss for graph 3043: mat1 and mat2 shapes cannot be multiplied (10x64 and 80x64)
  Warning: Could not compute GNN loss for graph 2946: mat1 and mat2 shapes cannot be multiplied (10x64 and 80x64)
  Warning: Could not compute GNN loss for graph 54: mat1 and mat2 shapes cannot be multiplied (10x64 and 80x64)
  Warning: Could not compute GNN loss for graph 1035: mat1 and mat2 shapes cannot be multiplied (10x64 and 80x64)
  Warning: Could not compute GNN loss for graph 3763: mat1 and mat2 shapes cannot be multiplied (10x64 and 80x64)
  Warning: Could not compute GNN loss for graph 1259: mat1 and mat2 shapes cannot be multiplied (10x64 and 80x64)
  Warning: Could not compute GNN loss for graph 1206: mat1 and mat2 shapes cannot be multiplied (10x64 and 80x64)
  Warning: Could not compute GNN loss for graph 380: mat1 and mat2 shapes cannot be multiplied (10x64 and 80x64)
  Warning: Could not compute GNN loss for graph 2523: mat1 and mat2 shapes cannot be multiplied (10x64 and 80x64)
  Warning: Could not compute GNN loss for graph 3119: mat1 and mat2 shapes cannot be multiplied (10x64 and 80x64)
  Warning: Could not compute GNN loss for graph 1281: mat1 and mat2 shapes cannot be multiplied (10x64 and 80x64)
  Warning: Could not compute GNN loss for graph 1178: mat1 and mat2 shapes cannot be multiplied (10x64 and 80x64)
  Warning: Could not compute GNN loss for graph 2306: mat1 and mat2 shapes cannot be multiplied (10x64 and 80x64)
  Warning: Could not compute GNN loss for graph 761: mat1 and mat2 shapes cannot be multiplied (10x64 and 80x64)
  Warning: Could not compute GNN loss for graph 3898: mat1 and mat2 shapes cannot be multiplied (10x64 and 80x64)
  Warning: Could not compute GNN loss for graph 1611: mat1 and mat2 shapes cannot be multiplied (10x64 and 80x64)
  Warning: Could not compute GNN loss for graph 135: mat1 and mat2 shapes cannot be multiplied (10x64 and 80x64)
  Warning: Could not compute GNN loss for graph 1422: mat1 and mat2 shapes cannot be multiplied (10x64 and 80x64)
  Warning: Could not compute GNN loss for graph 760: mat1 and mat2 shapes cannot be multiplied (10x64 and 80x64)
  Warning: Could not compute GNN loss for graph 2307: mat1 and mat2 shapes cannot be multiplied (10x64 and 80x64)
  Warning: Could not compute GNN loss for graph 672: mat1 and mat2 shapes cannot be multiplied (10x64 and 80x64)
  Warning: Could not compute GNN loss for graph 2328: mat1 and mat2 shapes cannot be multiplied (10x64 and 80x64)
  Warning: Could not compute GNN loss for graph 2380: mat1 and mat2 shapes cannot be multiplied (10x64 and 80x64)
  Warning: Could not compute GNN loss for graph 3841: mat1 and mat2 shapes cannot be multiplied (10x64 and 80x64)
  Warning: Could not compute GNN loss for graph 685: mat1 and mat2 shapes cannot be multiplied (10x64 and 80x64)
  Warning: Could not compute GNN loss for graph 2144: mat1 and mat2 shapes cannot be multiplied (10x64 and 80x64)
  Warning: Could not compute GNN loss for graph 381: mat1 and mat2 shapes cannot be multiplied (10x64 and 80x64)
  Warning: Could not compute GNN loss for graph 3519: mat1 and mat2 shapes cannot be multiplied (10x64 and 80x64)
  Warning: Could not compute GNN loss for graph 1210: mat1 and mat2 shapes cannot be multiplied (10x64 and 80x64)
  Warning: Could not compute GNN loss for graph 2535: mat1 and mat2 shapes cannot be multiplied (10x64 and 80x64)
  Warning: Could not compute GNN loss for graph 203: mat1 and mat2 shapes cannot be multiplied (10x64 and 80x64)
  Warning: Could not compute GNN loss for graph 3313: mat1 and mat2 shapes cannot be multiplied (10x64 and 80x64)
  Warning: Could not compute GNN loss for graph 2478: mat1 and mat2 shapes cannot be multiplied (10x64 and 80x64)
  Warning: Could not compute GNN loss for graph 2781: mat1 and mat2 shapes cannot be multiplied (10x64 and 80x64)
  Warning: Could not compute GNN loss for graph 1: mat1 and mat2 shapes cannot be multiplied (10x64 and 80x64)
  Warning: Could not compute GNN loss for graph 2776: mat1 and mat2 shapes cannot be multiplied (10x64 and 80x64)
  Warning: Could not compute GNN loss for graph 3667: mat1 and mat2 shapes cannot be multiplied (10x64 and 80x64)
  Warning: Could not compute GNN loss for graph 3295: mat1 and mat2 shapes cannot be multiplied (10x64 and 80x64)
  Warning: Could not compute GNN loss for graph 2022: mat1 and mat2 shapes cannot be multiplied (10x64 and 80x64)
  Warning: Could not compute GNN loss for graph 1396: mat1 and mat2 shapes cannot be multiplied (10x64 and 80x64)
  Warning: Could not compute GNN loss for graph 676: mat1 and mat2 shapes cannot be multiplied (10x64 and 80x64)
  Warning: Could not compute GNN loss for graph 2052: mat1 and mat2 shapes cannot be multiplied (10x64 and 80x64)
  Warning: Could not compute GNN loss for graph 659: mat1 and mat2 shapes cannot be multiplied (10x64 and 80x64)

Processing Summary:
  Successfully processed: 0 graphs
  Skipped (missing files): 0 graphs
  Errors: 100 graphs

Running native ablation for feature 186, motif=in_feedback_loop
  Warning: Could not compute GNN loss for graph 2827: mat1 and mat2 shapes cannot be multiplied (10x64 and 80x64)
  Warning: Could not compute GNN loss for graph 1908: mat1 and mat2 shapes cannot be multiplied (10x64 and 80x64)
  Warning: Could not compute GNN loss for graph 2200: mat1 and mat2 shapes cannot be multiplied (10x64 and 80x64)
  Warning: Could not compute GNN loss for graph 3426: mat1 and mat2 shapes cannot be multiplied (10x64 and 80x64)
  Warning: Could not compute GNN loss for graph 944: mat1 and mat2 shapes cannot be multiplied (10x64 and 80x64)
  Warning: Could not compute GNN loss for graph 1295: mat1 and mat2 shapes cannot be multiplied (10x64 and 80x64)
  Warning: Could not compute GNN loss for graph 433: mat1 and mat2 shapes cannot be multiplied (10x64 and 80x64)
  Warning: Could not compute GNN loss for graph 3951: mat1 and mat2 shapes cannot be multiplied (10x64 and 80x64)
  Warning: Could not compute GNN loss for graph 551: mat1 and mat2 shapes cannot be multiplied (10x64 and 80x64)
  Warning: Could not compute GNN loss for graph 2794: mat1 and mat2 shapes cannot be multiplied (10x64 and 80x64)
  Warning: Could not compute GNN loss for graph 1786: mat1 and mat2 shapes cannot be multiplied (10x64 and 80x64)
  Warning: Could not compute GNN loss for graph 1852: mat1 and mat2 shapes cannot be multiplied (10x64 and 80x64)
  Warning: Could not compute GNN loss for graph 2601: mat1 and mat2 shapes cannot be multiplied (10x64 and 80x64)
  Warning: Could not compute GNN loss for graph 2830: mat1 and mat2 shapes cannot be multiplied (10x64 and 80x64)
  Warning: Could not compute GNN loss for graph 1822: mat1 and mat2 shapes cannot be multiplied (10x64 and 80x64)
  Warning: Could not compute GNN loss for graph 3306: mat1 and mat2 shapes cannot be multiplied (10x64 and 80x64)
  Warning: Could not compute GNN loss for graph 249: mat1 and mat2 shapes cannot be multiplied (10x64 and 80x64)
  Warning: Could not compute GNN loss for graph 3553: mat1 and mat2 shapes cannot be multiplied (10x64 and 80x64)
  Warning: Could not compute GNN loss for graph 2217: mat1 and mat2 shapes cannot be multiplied (10x64 and 80x64)
  Warning: Could not compute GNN loss for graph 3602: mat1 and mat2 shapes cannot be multiplied (10x64 and 80x64)
  Warning: Could not compute GNN loss for graph 3989: mat1 and mat2 shapes cannot be multiplied (10x64 and 80x64)
  Warning: Could not compute GNN loss for graph 1205: mat1 and mat2 shapes cannot be multiplied (10x64 and 80x64)
  Warning: Could not compute GNN loss for graph 2712: mat1 and mat2 shapes cannot be multiplied (10x64 and 80x64)
  Warning: Could not compute GNN loss for graph 3307: mat1 and mat2 shapes cannot be multiplied (10x64 and 80x64)
  Warning: Could not compute GNN loss for graph 2899: mat1 and mat2 shapes cannot be multiplied (10x64 and 80x64)
  Warning: Could not compute GNN loss for graph 2831: mat1 and mat2 shapes cannot be multiplied (10x64 and 80x64)
  Warning: Could not compute GNN loss for graph 1451: mat1 and mat2 shapes cannot be multiplied (10x64 and 80x64)
  Warning: Could not compute GNN loss for graph 3009: mat1 and mat2 shapes cannot be multiplied (10x64 and 80x64)
  Warning: Could not compute GNN loss for graph 588: mat1 and mat2 shapes cannot be multiplied (10x64 and 80x64)
  Warning: Could not compute GNN loss for graph 1366: mat1 and mat2 shapes cannot be multiplied (10x64 and 80x64)
  Warning: Could not compute GNN loss for graph 2374: mat1 and mat2 shapes cannot be multiplied (10x64 and 80x64)
  Warning: Could not compute GNN loss for graph 3842: mat1 and mat2 shapes cannot be multiplied (10x64 and 80x64)
  Warning: Could not compute GNN loss for graph 952: mat1 and mat2 shapes cannot be multiplied (10x64 and 80x64)
  Warning: Could not compute GNN loss for graph 3552: mat1 and mat2 shapes cannot be multiplied (10x64 and 80x64)
  Warning: Could not compute GNN loss for graph 3684: mat1 and mat2 shapes cannot be multiplied (10x64 and 80x64)
  Warning: Could not compute GNN loss for graph 550: mat1 and mat2 shapes cannot be multiplied (10x64 and 80x64)
  Warning: Could not compute GNN loss for graph 2055: mat1 and mat2 shapes cannot be multiplied (10x64 and 80x64)
  Warning: Could not compute GNN loss for graph 3215: mat1 and mat2 shapes cannot be multiplied (10x64 and 80x64)
  Warning: Could not compute GNN loss for graph 2762: mat1 and mat2 shapes cannot be multiplied (10x64 and 80x64)
  Warning: Could not compute GNN loss for graph 136: mat1 and mat2 shapes cannot be multiplied (10x64 and 80x64)
  Warning: Could not compute GNN loss for graph 1132: mat1 and mat2 shapes cannot be multiplied (10x64 and 80x64)
  Warning: Could not compute GNN loss for graph 649: mat1 and mat2 shapes cannot be multiplied (10x64 and 80x64)
  Warning: Could not compute GNN loss for graph 3397: mat1 and mat2 shapes cannot be multiplied (10x64 and 80x64)
  Warning: Could not compute GNN loss for graph 1682: mat1 and mat2 shapes cannot be multiplied (10x64 and 80x64)
  Warning: Could not compute GNN loss for graph 827: mat1 and mat2 shapes cannot be multiplied (10x64 and 80x64)
  Warning: Could not compute GNN loss for graph 3776: mat1 and mat2 shapes cannot be multiplied (10x64 and 80x64)
  Warning: Could not compute GNN loss for graph 2201: mat1 and mat2 shapes cannot be multiplied (10x64 and 80x64)
  Warning: Could not compute GNN loss for graph 2615: mat1 and mat2 shapes cannot be multiplied (10x64 and 80x64)
  Warning: Could not compute GNN loss for graph 3033: mat1 and mat2 shapes cannot be multiplied (10x64 and 80x64)
  Warning: Could not compute GNN loss for graph 1819: mat1 and mat2 shapes cannot be multiplied (10x64 and 80x64)
  Warning: Could not compute GNN loss for graph 3395: mat1 and mat2 shapes cannot be multiplied (10x64 and 80x64)
  Warning: Could not compute GNN loss for graph 776: mat1 and mat2 shapes cannot be multiplied (10x64 and 80x64)
  Warning: Could not compute GNN loss for graph 1296: mat1 and mat2 shapes cannot be multiplied (10x64 and 80x64)
  Warning: Could not compute GNN loss for graph 706: mat1 and mat2 shapes cannot be multiplied (10x64 and 80x64)
  Warning: Could not compute GNN loss for graph 664: mat1 and mat2 shapes cannot be multiplied (10x64 and 80x64)
  Warning: Could not compute GNN loss for graph 918: mat1 and mat2 shapes cannot be multiplied (10x64 and 80x64)
  Warning: Could not compute GNN loss for graph 2534: mat1 and mat2 shapes cannot be multiplied (10x64 and 80x64)
  Warning: Could not compute GNN loss for graph 3043: mat1 and mat2 shapes cannot be multiplied (10x64 and 80x64)
  Warning: Could not compute GNN loss for graph 2946: mat1 and mat2 shapes cannot be multiplied (10x64 and 80x64)
  Warning: Could not compute GNN loss for graph 54: mat1 and mat2 shapes cannot be multiplied (10x64 and 80x64)
  Warning: Could not compute GNN loss for graph 1035: mat1 and mat2 shapes cannot be multiplied (10x64 and 80x64)
  Warning: Could not compute GNN loss for graph 3763: mat1 and mat2 shapes cannot be multiplied (10x64 and 80x64)
  Warning: Could not compute GNN loss for graph 1259: mat1 and mat2 shapes cannot be multiplied (10x64 and 80x64)
  Warning: Could not compute GNN loss for graph 1206: mat1 and mat2 shapes cannot be multiplied (10x64 and 80x64)
  Warning: Could not compute GNN loss for graph 380: mat1 and mat2 shapes cannot be multiplied (10x64 and 80x64)
  Warning: Could not compute GNN loss for graph 2523: mat1 and mat2 shapes cannot be multiplied (10x64 and 80x64)
  Warning: Could not compute GNN loss for graph 3119: mat1 and mat2 shapes cannot be multiplied (10x64 and 80x64)
  Warning: Could not compute GNN loss for graph 1281: mat1 and mat2 shapes cannot be multiplied (10x64 and 80x64)
  Warning: Could not compute GNN loss for graph 1178: mat1 and mat2 shapes cannot be multiplied (10x64 and 80x64)
  Warning: Could not compute GNN loss for graph 2306: mat1 and mat2 shapes cannot be multiplied (10x64 and 80x64)
  Warning: Could not compute GNN loss for graph 761: mat1 and mat2 shapes cannot be multiplied (10x64 and 80x64)
  Warning: Could not compute GNN loss for graph 3898: mat1 and mat2 shapes cannot be multiplied (10x64 and 80x64)
  Warning: Could not compute GNN loss for graph 1611: mat1 and mat2 shapes cannot be multiplied (10x64 and 80x64)
  Warning: Could not compute GNN loss for graph 135: mat1 and mat2 shapes cannot be multiplied (10x64 and 80x64)
  Warning: Could not compute GNN loss for graph 1422: mat1 and mat2 shapes cannot be multiplied (10x64 and 80x64)
  Warning: Could not compute GNN loss for graph 760: mat1 and mat2 shapes cannot be multiplied (10x64 and 80x64)
  Warning: Could not compute GNN loss for graph 2307: mat1 and mat2 shapes cannot be multiplied (10x64 and 80x64)
  Warning: Could not compute GNN loss for graph 672: mat1 and mat2 shapes cannot be multiplied (10x64 and 80x64)
  Warning: Could not compute GNN loss for graph 2328: mat1 and mat2 shapes cannot be multiplied (10x64 and 80x64)
  Warning: Could not compute GNN loss for graph 2380: mat1 and mat2 shapes cannot be multiplied (10x64 and 80x64)
  Warning: Could not compute GNN loss for graph 3841: mat1 and mat2 shapes cannot be multiplied (10x64 and 80x64)
  Warning: Could not compute GNN loss for graph 685: mat1 and mat2 shapes cannot be multiplied (10x64 and 80x64)
  Warning: Could not compute GNN loss for graph 2144: mat1 and mat2 shapes cannot be multiplied (10x64 and 80x64)
  Warning: Could not compute GNN loss for graph 381: mat1 and mat2 shapes cannot be multiplied (10x64 and 80x64)
  Warning: Could not compute GNN loss for graph 3519: mat1 and mat2 shapes cannot be multiplied (10x64 and 80x64)
  Warning: Could not compute GNN loss for graph 1210: mat1 and mat2 shapes cannot be multiplied (10x64 and 80x64)
  Warning: Could not compute GNN loss for graph 2535: mat1 and mat2 shapes cannot be multiplied (10x64 and 80x64)
  Warning: Could not compute GNN loss for graph 203: mat1 and mat2 shapes cannot be multiplied (10x64 and 80x64)
  Warning: Could not compute GNN loss for graph 3313: mat1 and mat2 shapes cannot be multiplied (10x64 and 80x64)
  Warning: Could not compute GNN loss for graph 2478: mat1 and mat2 shapes cannot be multiplied (10x64 and 80x64)
  Warning: Could not compute GNN loss for graph 2781: mat1 and mat2 shapes cannot be multiplied (10x64 and 80x64)
  Warning: Could not compute GNN loss for graph 1: mat1 and mat2 shapes cannot be multiplied (10x64 and 80x64)
  Warning: Could not compute GNN loss for graph 2776: mat1 and mat2 shapes cannot be multiplied (10x64 and 80x64)
  Warning: Could not compute GNN loss for graph 3667: mat1 and mat2 shapes cannot be multiplied (10x64 and 80x64)
  Warning: Could not compute GNN loss for graph 3295: mat1 and mat2 shapes cannot be multiplied (10x64 and 80x64)
  Warning: Could not compute GNN loss for graph 2022: mat1 and mat2 shapes cannot be multiplied (10x64 and 80x64)
  Warning: Could not compute GNN loss for graph 1396: mat1 and mat2 shapes cannot be multiplied (10x64 and 80x64)
  Warning: Could not compute GNN loss for graph 676: mat1 and mat2 shapes cannot be multiplied (10x64 and 80x64)
  Warning: Could not compute GNN loss for graph 2052: mat1 and mat2 shapes cannot be multiplied (10x64 and 80x64)
  Warning: Could not compute GNN loss for graph 659: mat1 and mat2 shapes cannot be multiplied (10x64 and 80x64)

Processing Summary:
  Successfully processed: 0 graphs
  Skipped (missing files): 0 graphs
  Errors: 100 graphs

Running native ablation for feature 76, motif=in_feedback_loop
  Warning: Could not compute GNN loss for graph 2827: mat1 and mat2 shapes cannot be multiplied (10x64 and 80x64)
  Warning: Could not compute GNN loss for graph 1908: mat1 and mat2 shapes cannot be multiplied (10x64 and 80x64)
  Warning: Could not compute GNN loss for graph 2200: mat1 and mat2 shapes cannot be multiplied (10x64 and 80x64)
  Warning: Could not compute GNN loss for graph 3426: mat1 and mat2 shapes cannot be multiplied (10x64 and 80x64)
  Warning: Could not compute GNN loss for graph 944: mat1 and mat2 shapes cannot be multiplied (10x64 and 80x64)
  Warning: Could not compute GNN loss for graph 1295: mat1 and mat2 shapes cannot be multiplied (10x64 and 80x64)
  Warning: Could not compute GNN loss for graph 433: mat1 and mat2 shapes cannot be multiplied (10x64 and 80x64)
  Warning: Could not compute GNN loss for graph 3951: mat1 and mat2 shapes cannot be multiplied (10x64 and 80x64)
  Warning: Could not compute GNN loss for graph 551: mat1 and mat2 shapes cannot be multiplied (10x64 and 80x64)
  Warning: Could not compute GNN loss for graph 2794: mat1 and mat2 shapes cannot be multiplied (10x64 and 80x64)
  Warning: Could not compute GNN loss for graph 1786: mat1 and mat2 shapes cannot be multiplied (10x64 and 80x64)
  Warning: Could not compute GNN loss for graph 1852: mat1 and mat2 shapes cannot be multiplied (10x64 and 80x64)
  Warning: Could not compute GNN loss for graph 2601: mat1 and mat2 shapes cannot be multiplied (10x64 and 80x64)
  Warning: Could not compute GNN loss for graph 2830: mat1 and mat2 shapes cannot be multiplied (10x64 and 80x64)
  Warning: Could not compute GNN loss for graph 1822: mat1 and mat2 shapes cannot be multiplied (10x64 and 80x64)
  Warning: Could not compute GNN loss for graph 3306: mat1 and mat2 shapes cannot be multiplied (10x64 and 80x64)
  Warning: Could not compute GNN loss for graph 249: mat1 and mat2 shapes cannot be multiplied (10x64 and 80x64)
  Warning: Could not compute GNN loss for graph 3553: mat1 and mat2 shapes cannot be multiplied (10x64 and 80x64)
  Warning: Could not compute GNN loss for graph 2217: mat1 and mat2 shapes cannot be multiplied (10x64 and 80x64)
  Warning: Could not compute GNN loss for graph 3602: mat1 and mat2 shapes cannot be multiplied (10x64 and 80x64)
  Warning: Could not compute GNN loss for graph 3989: mat1 and mat2 shapes cannot be multiplied (10x64 and 80x64)
  Warning: Could not compute GNN loss for graph 1205: mat1 and mat2 shapes cannot be multiplied (10x64 and 80x64)
  Warning: Could not compute GNN loss for graph 2712: mat1 and mat2 shapes cannot be multiplied (10x64 and 80x64)
  Warning: Could not compute GNN loss for graph 3307: mat1 and mat2 shapes cannot be multiplied (10x64 and 80x64)
  Warning: Could not compute GNN loss for graph 2899: mat1 and mat2 shapes cannot be multiplied (10x64 and 80x64)
  Warning: Could not compute GNN loss for graph 2831: mat1 and mat2 shapes cannot be multiplied (10x64 and 80x64)
  Warning: Could not compute GNN loss for graph 1451: mat1 and mat2 shapes cannot be multiplied (10x64 and 80x64)
  Warning: Could not compute GNN loss for graph 3009: mat1 and mat2 shapes cannot be multiplied (10x64 and 80x64)
  Warning: Could not compute GNN loss for graph 588: mat1 and mat2 shapes cannot be multiplied (10x64 and 80x64)
  Warning: Could not compute GNN loss for graph 1366: mat1 and mat2 shapes cannot be multiplied (10x64 and 80x64)
  Warning: Could not compute GNN loss for graph 2374: mat1 and mat2 shapes cannot be multiplied (10x64 and 80x64)
  Warning: Could not compute GNN loss for graph 3842: mat1 and mat2 shapes cannot be multiplied (10x64 and 80x64)
  Warning: Could not compute GNN loss for graph 952: mat1 and mat2 shapes cannot be multiplied (10x64 and 80x64)
  Warning: Could not compute GNN loss for graph 3552: mat1 and mat2 shapes cannot be multiplied (10x64 and 80x64)
  Warning: Could not compute GNN loss for graph 3684: mat1 and mat2 shapes cannot be multiplied (10x64 and 80x64)
  Warning: Could not compute GNN loss for graph 550: mat1 and mat2 shapes cannot be multiplied (10x64 and 80x64)
  Warning: Could not compute GNN loss for graph 2055: mat1 and mat2 shapes cannot be multiplied (10x64 and 80x64)
  Warning: Could not compute GNN loss for graph 3215: mat1 and mat2 shapes cannot be multiplied (10x64 and 80x64)
  Warning: Could not compute GNN loss for graph 2762: mat1 and mat2 shapes cannot be multiplied (10x64 and 80x64)
  Warning: Could not compute GNN loss for graph 136: mat1 and mat2 shapes cannot be multiplied (10x64 and 80x64)
  Warning: Could not compute GNN loss for graph 1132: mat1 and mat2 shapes cannot be multiplied (10x64 and 80x64)
  Warning: Could not compute GNN loss for graph 649: mat1 and mat2 shapes cannot be multiplied (10x64 and 80x64)
  Warning: Could not compute GNN loss for graph 3397: mat1 and mat2 shapes cannot be multiplied (10x64 and 80x64)
  Warning: Could not compute GNN loss for graph 1682: mat1 and mat2 shapes cannot be multiplied (10x64 and 80x64)
  Warning: Could not compute GNN loss for graph 827: mat1 and mat2 shapes cannot be multiplied (10x64 and 80x64)
  Warning: Could not compute GNN loss for graph 3776: mat1 and mat2 shapes cannot be multiplied (10x64 and 80x64)
  Warning: Could not compute GNN loss for graph 2201: mat1 and mat2 shapes cannot be multiplied (10x64 and 80x64)
  Warning: Could not compute GNN loss for graph 2615: mat1 and mat2 shapes cannot be multiplied (10x64 and 80x64)
  Warning: Could not compute GNN loss for graph 3033: mat1 and mat2 shapes cannot be multiplied (10x64 and 80x64)
  Warning: Could not compute GNN loss for graph 1819: mat1 and mat2 shapes cannot be multiplied (10x64 and 80x64)
  Warning: Could not compute GNN loss for graph 3395: mat1 and mat2 shapes cannot be multiplied (10x64 and 80x64)
  Warning: Could not compute GNN loss for graph 776: mat1 and mat2 shapes cannot be multiplied (10x64 and 80x64)
  Warning: Could not compute GNN loss for graph 1296: mat1 and mat2 shapes cannot be multiplied (10x64 and 80x64)
  Warning: Could not compute GNN loss for graph 706: mat1 and mat2 shapes cannot be multiplied (10x64 and 80x64)
  Warning: Could not compute GNN loss for graph 664: mat1 and mat2 shapes cannot be multiplied (10x64 and 80x64)
  Warning: Could not compute GNN loss for graph 918: mat1 and mat2 shapes cannot be multiplied (10x64 and 80x64)
  Warning: Could not compute GNN loss for graph 2534: mat1 and mat2 shapes cannot be multiplied (10x64 and 80x64)
  Warning: Could not compute GNN loss for graph 3043: mat1 and mat2 shapes cannot be multiplied (10x64 and 80x64)
  Warning: Could not compute GNN loss for graph 2946: mat1 and mat2 shapes cannot be multiplied (10x64 and 80x64)
  Warning: Could not compute GNN loss for graph 54: mat1 and mat2 shapes cannot be multiplied (10x64 and 80x64)
  Warning: Could not compute GNN loss for graph 1035: mat1 and mat2 shapes cannot be multiplied (10x64 and 80x64)
  Warning: Could not compute GNN loss for graph 3763: mat1 and mat2 shapes cannot be multiplied (10x64 and 80x64)
  Warning: Could not compute GNN loss for graph 1259: mat1 and mat2 shapes cannot be multiplied (10x64 and 80x64)
  Warning: Could not compute GNN loss for graph 1206: mat1 and mat2 shapes cannot be multiplied (10x64 and 80x64)
  Warning: Could not compute GNN loss for graph 380: mat1 and mat2 shapes cannot be multiplied (10x64 and 80x64)
  Warning: Could not compute GNN loss for graph 2523: mat1 and mat2 shapes cannot be multiplied (10x64 and 80x64)
  Warning: Could not compute GNN loss for graph 3119: mat1 and mat2 shapes cannot be multiplied (10x64 and 80x64)
  Warning: Could not compute GNN loss for graph 1281: mat1 and mat2 shapes cannot be multiplied (10x64 and 80x64)
  Warning: Could not compute GNN loss for graph 1178: mat1 and mat2 shapes cannot be multiplied (10x64 and 80x64)
  Warning: Could not compute GNN loss for graph 2306: mat1 and mat2 shapes cannot be multiplied (10x64 and 80x64)
  Warning: Could not compute GNN loss for graph 761: mat1 and mat2 shapes cannot be multiplied (10x64 and 80x64)
  Warning: Could not compute GNN loss for graph 3898: mat1 and mat2 shapes cannot be multiplied (10x64 and 80x64)
  Warning: Could not compute GNN loss for graph 1611: mat1 and mat2 shapes cannot be multiplied (10x64 and 80x64)
  Warning: Could not compute GNN loss for graph 135: mat1 and mat2 shapes cannot be multiplied (10x64 and 80x64)
  Warning: Could not compute GNN loss for graph 1422: mat1 and mat2 shapes cannot be multiplied (10x64 and 80x64)
  Warning: Could not compute GNN loss for graph 760: mat1 and mat2 shapes cannot be multiplied (10x64 and 80x64)
  Warning: Could not compute GNN loss for graph 2307: mat1 and mat2 shapes cannot be multiplied (10x64 and 80x64)
  Warning: Could not compute GNN loss for graph 672: mat1 and mat2 shapes cannot be multiplied (10x64 and 80x64)
  Warning: Could not compute GNN loss for graph 2328: mat1 and mat2 shapes cannot be multiplied (10x64 and 80x64)
  Warning: Could not compute GNN loss for graph 2380: mat1 and mat2 shapes cannot be multiplied (10x64 and 80x64)
  Warning: Could not compute GNN loss for graph 3841: mat1 and mat2 shapes cannot be multiplied (10x64 and 80x64)
  Warning: Could not compute GNN loss for graph 685: mat1 and mat2 shapes cannot be multiplied (10x64 and 80x64)
  Warning: Could not compute GNN loss for graph 2144: mat1 and mat2 shapes cannot be multiplied (10x64 and 80x64)
  Warning: Could not compute GNN loss for graph 381: mat1 and mat2 shapes cannot be multiplied (10x64 and 80x64)
  Warning: Could not compute GNN loss for graph 3519: mat1 and mat2 shapes cannot be multiplied (10x64 and 80x64)
  Warning: Could not compute GNN loss for graph 1210: mat1 and mat2 shapes cannot be multiplied (10x64 and 80x64)
  Warning: Could not compute GNN loss for graph 2535: mat1 and mat2 shapes cannot be multiplied (10x64 and 80x64)
  Warning: Could not compute GNN loss for graph 203: mat1 and mat2 shapes cannot be multiplied (10x64 and 80x64)
  Warning: Could not compute GNN loss for graph 3313: mat1 and mat2 shapes cannot be multiplied (10x64 and 80x64)
  Warning: Could not compute GNN loss for graph 2478: mat1 and mat2 shapes cannot be multiplied (10x64 and 80x64)
  Warning: Could not compute GNN loss for graph 2781: mat1 and mat2 shapes cannot be multiplied (10x64 and 80x64)
  Warning: Could not compute GNN loss for graph 1: mat1 and mat2 shapes cannot be multiplied (10x64 and 80x64)
  Warning: Could not compute GNN loss for graph 2776: mat1 and mat2 shapes cannot be multiplied (10x64 and 80x64)
  Warning: Could not compute GNN loss for graph 3667: mat1 and mat2 shapes cannot be multiplied (10x64 and 80x64)
  Warning: Could not compute GNN loss for graph 3295: mat1 and mat2 shapes cannot be multiplied (10x64 and 80x64)
  Warning: Could not compute GNN loss for graph 2022: mat1 and mat2 shapes cannot be multiplied (10x64 and 80x64)
  Warning: Could not compute GNN loss for graph 1396: mat1 and mat2 shapes cannot be multiplied (10x64 and 80x64)
  Warning: Could not compute GNN loss for graph 676: mat1 and mat2 shapes cannot be multiplied (10x64 and 80x64)
  Warning: Could not compute GNN loss for graph 2052: mat1 and mat2 shapes cannot be multiplied (10x64 and 80x64)
  Warning: Could not compute GNN loss for graph 659: mat1 and mat2 shapes cannot be multiplied (10x64 and 80x64)

Processing Summary:
  Successfully processed: 0 graphs
  Skipped (missing files): 0 graphs
  Errors: 100 graphs


======================================================================
✓ STRATEGY 1 ENHANCED (SAE r_pb Guided) COMPLETE
======================================================================

[2026-01-27 04:29:09] Running native ablation for motif: in_single_input_module
[2026-01-27 04:29:09] Running: native_gnn_ablation.py --variant topk --latent_dim 256 --motif in_single_input_module --use-rpb --k 16
[2026-01-27 04:29:20] ✓ native_gnn_ablation.py completed successfully
[2026-01-27 04:29:20] ======================================================================
NATIVE GNN ABLATION - STRATEGY 1 ENHANCED (SAE r_pb Guided)
======================================================================

Using r_pb to rank SAE features by motif correlation
Target motif: in_single_input_module
Top features to ablate: 5

Computing r_pb for all SAE features...

Computing SAE r_pb for motif: in_single_input_module
  Variant: topk, Latent dim: 256
  ✓ Loading cached latents from latents_topk_latent256_k16.pkl
  ✓ Loaded 4000 nodes × 256 latent dims (CACHED)
  Max |r_pb|: 0.293
  Features with |r_pb| > 0.3: 0

Top 5 features by |r_pb| to in_single_input_module:
  1. Feature 125: |r_pb| = 0.293
  2. Feature 211: |r_pb| = 0.147
  3. Feature 35: |r_pb| = 0.146
  4. Feature 186: |r_pb| = 0.145
  5. Feature 76: |r_pb| = 0.142
Running native ablation for feature 125, motif=in_feedback_loop
  Warning: Could not compute GNN loss for graph 2827: mat1 and mat2 shapes cannot be multiplied (10x64 and 80x64)
  Warning: Could not compute GNN loss for graph 1908: mat1 and mat2 shapes cannot be multiplied (10x64 and 80x64)
  Warning: Could not compute GNN loss for graph 2200: mat1 and mat2 shapes cannot be multiplied (10x64 and 80x64)
  Warning: Could not compute GNN loss for graph 3426: mat1 and mat2 shapes cannot be multiplied (10x64 and 80x64)
  Warning: Could not compute GNN loss for graph 944: mat1 and mat2 shapes cannot be multiplied (10x64 and 80x64)
  Warning: Could not compute GNN loss for graph 1295: mat1 and mat2 shapes cannot be multiplied (10x64 and 80x64)
  Warning: Could not compute GNN loss for graph 433: mat1 and mat2 shapes cannot be multiplied (10x64 and 80x64)
  Warning: Could not compute GNN loss for graph 3951: mat1 and mat2 shapes cannot be multiplied (10x64 and 80x64)
  Warning: Could not compute GNN loss for graph 551: mat1 and mat2 shapes cannot be multiplied (10x64 and 80x64)
  Warning: Could not compute GNN loss for graph 2794: mat1 and mat2 shapes cannot be multiplied (10x64 and 80x64)
  Warning: Could not compute GNN loss for graph 1786: mat1 and mat2 shapes cannot be multiplied (10x64 and 80x64)
  Warning: Could not compute GNN loss for graph 1852: mat1 and mat2 shapes cannot be multiplied (10x64 and 80x64)
  Warning: Could not compute GNN loss for graph 2601: mat1 and mat2 shapes cannot be multiplied (10x64 and 80x64)
  Warning: Could not compute GNN loss for graph 2830: mat1 and mat2 shapes cannot be multiplied (10x64 and 80x64)
  Warning: Could not compute GNN loss for graph 1822: mat1 and mat2 shapes cannot be multiplied (10x64 and 80x64)
  Warning: Could not compute GNN loss for graph 3306: mat1 and mat2 shapes cannot be multiplied (10x64 and 80x64)
  Warning: Could not compute GNN loss for graph 249: mat1 and mat2 shapes cannot be multiplied (10x64 and 80x64)
  Warning: Could not compute GNN loss for graph 3553: mat1 and mat2 shapes cannot be multiplied (10x64 and 80x64)
  Warning: Could not compute GNN loss for graph 2217: mat1 and mat2 shapes cannot be multiplied (10x64 and 80x64)
  Warning: Could not compute GNN loss for graph 3602: mat1 and mat2 shapes cannot be multiplied (10x64 and 80x64)
  Warning: Could not compute GNN loss for graph 3989: mat1 and mat2 shapes cannot be multiplied (10x64 and 80x64)
  Warning: Could not compute GNN loss for graph 1205: mat1 and mat2 shapes cannot be multiplied (10x64 and 80x64)
  Warning: Could not compute GNN loss for graph 2712: mat1 and mat2 shapes cannot be multiplied (10x64 and 80x64)
  Warning: Could not compute GNN loss for graph 3307: mat1 and mat2 shapes cannot be multiplied (10x64 and 80x64)
  Warning: Could not compute GNN loss for graph 2899: mat1 and mat2 shapes cannot be multiplied (10x64 and 80x64)
  Warning: Could not compute GNN loss for graph 2831: mat1 and mat2 shapes cannot be multiplied (10x64 and 80x64)
  Warning: Could not compute GNN loss for graph 1451: mat1 and mat2 shapes cannot be multiplied (10x64 and 80x64)
  Warning: Could not compute GNN loss for graph 3009: mat1 and mat2 shapes cannot be multiplied (10x64 and 80x64)
  Warning: Could not compute GNN loss for graph 588: mat1 and mat2 shapes cannot be multiplied (10x64 and 80x64)
  Warning: Could not compute GNN loss for graph 1366: mat1 and mat2 shapes cannot be multiplied (10x64 and 80x64)
  Warning: Could not compute GNN loss for graph 2374: mat1 and mat2 shapes cannot be multiplied (10x64 and 80x64)
  Warning: Could not compute GNN loss for graph 3842: mat1 and mat2 shapes cannot be multiplied (10x64 and 80x64)
  Warning: Could not compute GNN loss for graph 952: mat1 and mat2 shapes cannot be multiplied (10x64 and 80x64)
  Warning: Could not compute GNN loss for graph 3552: mat1 and mat2 shapes cannot be multiplied (10x64 and 80x64)
  Warning: Could not compute GNN loss for graph 3684: mat1 and mat2 shapes cannot be multiplied (10x64 and 80x64)
  Warning: Could not compute GNN loss for graph 550: mat1 and mat2 shapes cannot be multiplied (10x64 and 80x64)
  Warning: Could not compute GNN loss for graph 2055: mat1 and mat2 shapes cannot be multiplied (10x64 and 80x64)
  Warning: Could not compute GNN loss for graph 3215: mat1 and mat2 shapes cannot be multiplied (10x64 and 80x64)
  Warning: Could not compute GNN loss for graph 2762: mat1 and mat2 shapes cannot be multiplied (10x64 and 80x64)
  Warning: Could not compute GNN loss for graph 136: mat1 and mat2 shapes cannot be multiplied (10x64 and 80x64)
  Warning: Could not compute GNN loss for graph 1132: mat1 and mat2 shapes cannot be multiplied (10x64 and 80x64)
  Warning: Could not compute GNN loss for graph 649: mat1 and mat2 shapes cannot be multiplied (10x64 and 80x64)
  Warning: Could not compute GNN loss for graph 3397: mat1 and mat2 shapes cannot be multiplied (10x64 and 80x64)
  Warning: Could not compute GNN loss for graph 1682: mat1 and mat2 shapes cannot be multiplied (10x64 and 80x64)
  Warning: Could not compute GNN loss for graph 827: mat1 and mat2 shapes cannot be multiplied (10x64 and 80x64)
  Warning: Could not compute GNN loss for graph 3776: mat1 and mat2 shapes cannot be multiplied (10x64 and 80x64)
  Warning: Could not compute GNN loss for graph 2201: mat1 and mat2 shapes cannot be multiplied (10x64 and 80x64)
  Warning: Could not compute GNN loss for graph 2615: mat1 and mat2 shapes cannot be multiplied (10x64 and 80x64)
  Warning: Could not compute GNN loss for graph 3033: mat1 and mat2 shapes cannot be multiplied (10x64 and 80x64)
  Warning: Could not compute GNN loss for graph 1819: mat1 and mat2 shapes cannot be multiplied (10x64 and 80x64)
  Warning: Could not compute GNN loss for graph 3395: mat1 and mat2 shapes cannot be multiplied (10x64 and 80x64)
  Warning: Could not compute GNN loss for graph 776: mat1 and mat2 shapes cannot be multiplied (10x64 and 80x64)
  Warning: Could not compute GNN loss for graph 1296: mat1 and mat2 shapes cannot be multiplied (10x64 and 80x64)
  Warning: Could not compute GNN loss for graph 706: mat1 and mat2 shapes cannot be multiplied (10x64 and 80x64)
  Warning: Could not compute GNN loss for graph 664: mat1 and mat2 shapes cannot be multiplied (10x64 and 80x64)
  Warning: Could not compute GNN loss for graph 918: mat1 and mat2 shapes cannot be multiplied (10x64 and 80x64)
  Warning: Could not compute GNN loss for graph 2534: mat1 and mat2 shapes cannot be multiplied (10x64 and 80x64)
  Warning: Could not compute GNN loss for graph 3043: mat1 and mat2 shapes cannot be multiplied (10x64 and 80x64)
  Warning: Could not compute GNN loss for graph 2946: mat1 and mat2 shapes cannot be multiplied (10x64 and 80x64)
  Warning: Could not compute GNN loss for graph 54: mat1 and mat2 shapes cannot be multiplied (10x64 and 80x64)
  Warning: Could not compute GNN loss for graph 1035: mat1 and mat2 shapes cannot be multiplied (10x64 and 80x64)
  Warning: Could not compute GNN loss for graph 3763: mat1 and mat2 shapes cannot be multiplied (10x64 and 80x64)
  Warning: Could not compute GNN loss for graph 1259: mat1 and mat2 shapes cannot be multiplied (10x64 and 80x64)
  Warning: Could not compute GNN loss for graph 1206: mat1 and mat2 shapes cannot be multiplied (10x64 and 80x64)
  Warning: Could not compute GNN loss for graph 380: mat1 and mat2 shapes cannot be multiplied (10x64 and 80x64)
  Warning: Could not compute GNN loss for graph 2523: mat1 and mat2 shapes cannot be multiplied (10x64 and 80x64)
  Warning: Could not compute GNN loss for graph 3119: mat1 and mat2 shapes cannot be multiplied (10x64 and 80x64)
  Warning: Could not compute GNN loss for graph 1281: mat1 and mat2 shapes cannot be multiplied (10x64 and 80x64)
  Warning: Could not compute GNN loss for graph 1178: mat1 and mat2 shapes cannot be multiplied (10x64 and 80x64)
  Warning: Could not compute GNN loss for graph 2306: mat1 and mat2 shapes cannot be multiplied (10x64 and 80x64)
  Warning: Could not compute GNN loss for graph 761: mat1 and mat2 shapes cannot be multiplied (10x64 and 80x64)
  Warning: Could not compute GNN loss for graph 3898: mat1 and mat2 shapes cannot be multiplied (10x64 and 80x64)
  Warning: Could not compute GNN loss for graph 1611: mat1 and mat2 shapes cannot be multiplied (10x64 and 80x64)
  Warning: Could not compute GNN loss for graph 135: mat1 and mat2 shapes cannot be multiplied (10x64 and 80x64)
  Warning: Could not compute GNN loss for graph 1422: mat1 and mat2 shapes cannot be multiplied (10x64 and 80x64)
  Warning: Could not compute GNN loss for graph 760: mat1 and mat2 shapes cannot be multiplied (10x64 and 80x64)
  Warning: Could not compute GNN loss for graph 2307: mat1 and mat2 shapes cannot be multiplied (10x64 and 80x64)
  Warning: Could not compute GNN loss for graph 672: mat1 and mat2 shapes cannot be multiplied (10x64 and 80x64)
  Warning: Could not compute GNN loss for graph 2328: mat1 and mat2 shapes cannot be multiplied (10x64 and 80x64)
  Warning: Could not compute GNN loss for graph 2380: mat1 and mat2 shapes cannot be multiplied (10x64 and 80x64)
  Warning: Could not compute GNN loss for graph 3841: mat1 and mat2 shapes cannot be multiplied (10x64 and 80x64)
  Warning: Could not compute GNN loss for graph 685: mat1 and mat2 shapes cannot be multiplied (10x64 and 80x64)
  Warning: Could not compute GNN loss for graph 2144: mat1 and mat2 shapes cannot be multiplied (10x64 and 80x64)
  Warning: Could not compute GNN loss for graph 381: mat1 and mat2 shapes cannot be multiplied (10x64 and 80x64)
  Warning: Could not compute GNN loss for graph 3519: mat1 and mat2 shapes cannot be multiplied (10x64 and 80x64)
  Warning: Could not compute GNN loss for graph 1210: mat1 and mat2 shapes cannot be multiplied (10x64 and 80x64)
  Warning: Could not compute GNN loss for graph 2535: mat1 and mat2 shapes cannot be multiplied (10x64 and 80x64)
  Warning: Could not compute GNN loss for graph 203: mat1 and mat2 shapes cannot be multiplied (10x64 and 80x64)
  Warning: Could not compute GNN loss for graph 3313: mat1 and mat2 shapes cannot be multiplied (10x64 and 80x64)
  Warning: Could not compute GNN loss for graph 2478: mat1 and mat2 shapes cannot be multiplied (10x64 and 80x64)
  Warning: Could not compute GNN loss for graph 2781: mat1 and mat2 shapes cannot be multiplied (10x64 and 80x64)
  Warning: Could not compute GNN loss for graph 1: mat1 and mat2 shapes cannot be multiplied (10x64 and 80x64)
  Warning: Could not compute GNN loss for graph 2776: mat1 and mat2 shapes cannot be multiplied (10x64 and 80x64)
  Warning: Could not compute GNN loss for graph 3667: mat1 and mat2 shapes cannot be multiplied (10x64 and 80x64)
  Warning: Could not compute GNN loss for graph 3295: mat1 and mat2 shapes cannot be multiplied (10x64 and 80x64)
  Warning: Could not compute GNN loss for graph 2022: mat1 and mat2 shapes cannot be multiplied (10x64 and 80x64)
  Warning: Could not compute GNN loss for graph 1396: mat1 and mat2 shapes cannot be multiplied (10x64 and 80x64)
  Warning: Could not compute GNN loss for graph 676: mat1 and mat2 shapes cannot be multiplied (10x64 and 80x64)
  Warning: Could not compute GNN loss for graph 2052: mat1 and mat2 shapes cannot be multiplied (10x64 and 80x64)
  Warning: Could not compute GNN loss for graph 659: mat1 and mat2 shapes cannot be multiplied (10x64 and 80x64)

Processing Summary:
  Successfully processed: 0 graphs
  Skipped (missing files): 0 graphs
  Errors: 100 graphs

Running native ablation for feature 211, motif=in_feedback_loop
  Warning: Could not compute GNN loss for graph 2827: mat1 and mat2 shapes cannot be multiplied (10x64 and 80x64)
  Warning: Could not compute GNN loss for graph 1908: mat1 and mat2 shapes cannot be multiplied (10x64 and 80x64)
  Warning: Could not compute GNN loss for graph 2200: mat1 and mat2 shapes cannot be multiplied (10x64 and 80x64)
  Warning: Could not compute GNN loss for graph 3426: mat1 and mat2 shapes cannot be multiplied (10x64 and 80x64)
  Warning: Could not compute GNN loss for graph 944: mat1 and mat2 shapes cannot be multiplied (10x64 and 80x64)
  Warning: Could not compute GNN loss for graph 1295: mat1 and mat2 shapes cannot be multiplied (10x64 and 80x64)
  Warning: Could not compute GNN loss for graph 433: mat1 and mat2 shapes cannot be multiplied (10x64 and 80x64)
  Warning: Could not compute GNN loss for graph 3951: mat1 and mat2 shapes cannot be multiplied (10x64 and 80x64)
  Warning: Could not compute GNN loss for graph 551: mat1 and mat2 shapes cannot be multiplied (10x64 and 80x64)
  Warning: Could not compute GNN loss for graph 2794: mat1 and mat2 shapes cannot be multiplied (10x64 and 80x64)
  Warning: Could not compute GNN loss for graph 1786: mat1 and mat2 shapes cannot be multiplied (10x64 and 80x64)
  Warning: Could not compute GNN loss for graph 1852: mat1 and mat2 shapes cannot be multiplied (10x64 and 80x64)
  Warning: Could not compute GNN loss for graph 2601: mat1 and mat2 shapes cannot be multiplied (10x64 and 80x64)
  Warning: Could not compute GNN loss for graph 2830: mat1 and mat2 shapes cannot be multiplied (10x64 and 80x64)
  Warning: Could not compute GNN loss for graph 1822: mat1 and mat2 shapes cannot be multiplied (10x64 and 80x64)
  Warning: Could not compute GNN loss for graph 3306: mat1 and mat2 shapes cannot be multiplied (10x64 and 80x64)
  Warning: Could not compute GNN loss for graph 249: mat1 and mat2 shapes cannot be multiplied (10x64 and 80x64)
  Warning: Could not compute GNN loss for graph 3553: mat1 and mat2 shapes cannot be multiplied (10x64 and 80x64)
  Warning: Could not compute GNN loss for graph 2217: mat1 and mat2 shapes cannot be multiplied (10x64 and 80x64)
  Warning: Could not compute GNN loss for graph 3602: mat1 and mat2 shapes cannot be multiplied (10x64 and 80x64)
  Warning: Could not compute GNN loss for graph 3989: mat1 and mat2 shapes cannot be multiplied (10x64 and 80x64)
  Warning: Could not compute GNN loss for graph 1205: mat1 and mat2 shapes cannot be multiplied (10x64 and 80x64)
  Warning: Could not compute GNN loss for graph 2712: mat1 and mat2 shapes cannot be multiplied (10x64 and 80x64)
  Warning: Could not compute GNN loss for graph 3307: mat1 and mat2 shapes cannot be multiplied (10x64 and 80x64)
  Warning: Could not compute GNN loss for graph 2899: mat1 and mat2 shapes cannot be multiplied (10x64 and 80x64)
  Warning: Could not compute GNN loss for graph 2831: mat1 and mat2 shapes cannot be multiplied (10x64 and 80x64)
  Warning: Could not compute GNN loss for graph 1451: mat1 and mat2 shapes cannot be multiplied (10x64 and 80x64)
  Warning: Could not compute GNN loss for graph 3009: mat1 and mat2 shapes cannot be multiplied (10x64 and 80x64)
  Warning: Could not compute GNN loss for graph 588: mat1 and mat2 shapes cannot be multiplied (10x64 and 80x64)
  Warning: Could not compute GNN loss for graph 1366: mat1 and mat2 shapes cannot be multiplied (10x64 and 80x64)
  Warning: Could not compute GNN loss for graph 2374: mat1 and mat2 shapes cannot be multiplied (10x64 and 80x64)
  Warning: Could not compute GNN loss for graph 3842: mat1 and mat2 shapes cannot be multiplied (10x64 and 80x64)
  Warning: Could not compute GNN loss for graph 952: mat1 and mat2 shapes cannot be multiplied (10x64 and 80x64)
  Warning: Could not compute GNN loss for graph 3552: mat1 and mat2 shapes cannot be multiplied (10x64 and 80x64)
  Warning: Could not compute GNN loss for graph 3684: mat1 and mat2 shapes cannot be multiplied (10x64 and 80x64)
  Warning: Could not compute GNN loss for graph 550: mat1 and mat2 shapes cannot be multiplied (10x64 and 80x64)
  Warning: Could not compute GNN loss for graph 2055: mat1 and mat2 shapes cannot be multiplied (10x64 and 80x64)
  Warning: Could not compute GNN loss for graph 3215: mat1 and mat2 shapes cannot be multiplied (10x64 and 80x64)
  Warning: Could not compute GNN loss for graph 2762: mat1 and mat2 shapes cannot be multiplied (10x64 and 80x64)
  Warning: Could not compute GNN loss for graph 136: mat1 and mat2 shapes cannot be multiplied (10x64 and 80x64)
  Warning: Could not compute GNN loss for graph 1132: mat1 and mat2 shapes cannot be multiplied (10x64 and 80x64)
  Warning: Could not compute GNN loss for graph 649: mat1 and mat2 shapes cannot be multiplied (10x64 and 80x64)
  Warning: Could not compute GNN loss for graph 3397: mat1 and mat2 shapes cannot be multiplied (10x64 and 80x64)
  Warning: Could not compute GNN loss for graph 1682: mat1 and mat2 shapes cannot be multiplied (10x64 and 80x64)
  Warning: Could not compute GNN loss for graph 827: mat1 and mat2 shapes cannot be multiplied (10x64 and 80x64)
  Warning: Could not compute GNN loss for graph 3776: mat1 and mat2 shapes cannot be multiplied (10x64 and 80x64)
  Warning: Could not compute GNN loss for graph 2201: mat1 and mat2 shapes cannot be multiplied (10x64 and 80x64)
  Warning: Could not compute GNN loss for graph 2615: mat1 and mat2 shapes cannot be multiplied (10x64 and 80x64)
  Warning: Could not compute GNN loss for graph 3033: mat1 and mat2 shapes cannot be multiplied (10x64 and 80x64)
  Warning: Could not compute GNN loss for graph 1819: mat1 and mat2 shapes cannot be multiplied (10x64 and 80x64)
  Warning: Could not compute GNN loss for graph 3395: mat1 and mat2 shapes cannot be multiplied (10x64 and 80x64)
  Warning: Could not compute GNN loss for graph 776: mat1 and mat2 shapes cannot be multiplied (10x64 and 80x64)
  Warning: Could not compute GNN loss for graph 1296: mat1 and mat2 shapes cannot be multiplied (10x64 and 80x64)
  Warning: Could not compute GNN loss for graph 706: mat1 and mat2 shapes cannot be multiplied (10x64 and 80x64)
  Warning: Could not compute GNN loss for graph 664: mat1 and mat2 shapes cannot be multiplied (10x64 and 80x64)
  Warning: Could not compute GNN loss for graph 918: mat1 and mat2 shapes cannot be multiplied (10x64 and 80x64)
  Warning: Could not compute GNN loss for graph 2534: mat1 and mat2 shapes cannot be multiplied (10x64 and 80x64)
  Warning: Could not compute GNN loss for graph 3043: mat1 and mat2 shapes cannot be multiplied (10x64 and 80x64)
  Warning: Could not compute GNN loss for graph 2946: mat1 and mat2 shapes cannot be multiplied (10x64 and 80x64)
  Warning: Could not compute GNN loss for graph 54: mat1 and mat2 shapes cannot be multiplied (10x64 and 80x64)
  Warning: Could not compute GNN loss for graph 1035: mat1 and mat2 shapes cannot be multiplied (10x64 and 80x64)
  Warning: Could not compute GNN loss for graph 3763: mat1 and mat2 shapes cannot be multiplied (10x64 and 80x64)
  Warning: Could not compute GNN loss for graph 1259: mat1 and mat2 shapes cannot be multiplied (10x64 and 80x64)
  Warning: Could not compute GNN loss for graph 1206: mat1 and mat2 shapes cannot be multiplied (10x64 and 80x64)
  Warning: Could not compute GNN loss for graph 380: mat1 and mat2 shapes cannot be multiplied (10x64 and 80x64)
  Warning: Could not compute GNN loss for graph 2523: mat1 and mat2 shapes cannot be multiplied (10x64 and 80x64)
  Warning: Could not compute GNN loss for graph 3119: mat1 and mat2 shapes cannot be multiplied (10x64 and 80x64)
  Warning: Could not compute GNN loss for graph 1281: mat1 and mat2 shapes cannot be multiplied (10x64 and 80x64)
  Warning: Could not compute GNN loss for graph 1178: mat1 and mat2 shapes cannot be multiplied (10x64 and 80x64)
  Warning: Could not compute GNN loss for graph 2306: mat1 and mat2 shapes cannot be multiplied (10x64 and 80x64)
  Warning: Could not compute GNN loss for graph 761: mat1 and mat2 shapes cannot be multiplied (10x64 and 80x64)
  Warning: Could not compute GNN loss for graph 3898: mat1 and mat2 shapes cannot be multiplied (10x64 and 80x64)
  Warning: Could not compute GNN loss for graph 1611: mat1 and mat2 shapes cannot be multiplied (10x64 and 80x64)
  Warning: Could not compute GNN loss for graph 135: mat1 and mat2 shapes cannot be multiplied (10x64 and 80x64)
  Warning: Could not compute GNN loss for graph 1422: mat1 and mat2 shapes cannot be multiplied (10x64 and 80x64)
  Warning: Could not compute GNN loss for graph 760: mat1 and mat2 shapes cannot be multiplied (10x64 and 80x64)
  Warning: Could not compute GNN loss for graph 2307: mat1 and mat2 shapes cannot be multiplied (10x64 and 80x64)
  Warning: Could not compute GNN loss for graph 672: mat1 and mat2 shapes cannot be multiplied (10x64 and 80x64)
  Warning: Could not compute GNN loss for graph 2328: mat1 and mat2 shapes cannot be multiplied (10x64 and 80x64)
  Warning: Could not compute GNN loss for graph 2380: mat1 and mat2 shapes cannot be multiplied (10x64 and 80x64)
  Warning: Could not compute GNN loss for graph 3841: mat1 and mat2 shapes cannot be multiplied (10x64 and 80x64)
  Warning: Could not compute GNN loss for graph 685: mat1 and mat2 shapes cannot be multiplied (10x64 and 80x64)
  Warning: Could not compute GNN loss for graph 2144: mat1 and mat2 shapes cannot be multiplied (10x64 and 80x64)
  Warning: Could not compute GNN loss for graph 381: mat1 and mat2 shapes cannot be multiplied (10x64 and 80x64)
  Warning: Could not compute GNN loss for graph 3519: mat1 and mat2 shapes cannot be multiplied (10x64 and 80x64)
  Warning: Could not compute GNN loss for graph 1210: mat1 and mat2 shapes cannot be multiplied (10x64 and 80x64)
  Warning: Could not compute GNN loss for graph 2535: mat1 and mat2 shapes cannot be multiplied (10x64 and 80x64)
  Warning: Could not compute GNN loss for graph 203: mat1 and mat2 shapes cannot be multiplied (10x64 and 80x64)
  Warning: Could not compute GNN loss for graph 3313: mat1 and mat2 shapes cannot be multiplied (10x64 and 80x64)
  Warning: Could not compute GNN loss for graph 2478: mat1 and mat2 shapes cannot be multiplied (10x64 and 80x64)
  Warning: Could not compute GNN loss for graph 2781: mat1 and mat2 shapes cannot be multiplied (10x64 and 80x64)
  Warning: Could not compute GNN loss for graph 1: mat1 and mat2 shapes cannot be multiplied (10x64 and 80x64)
  Warning: Could not compute GNN loss for graph 2776: mat1 and mat2 shapes cannot be multiplied (10x64 and 80x64)
  Warning: Could not compute GNN loss for graph 3667: mat1 and mat2 shapes cannot be multiplied (10x64 and 80x64)
  Warning: Could not compute GNN loss for graph 3295: mat1 and mat2 shapes cannot be multiplied (10x64 and 80x64)
  Warning: Could not compute GNN loss for graph 2022: mat1 and mat2 shapes cannot be multiplied (10x64 and 80x64)
  Warning: Could not compute GNN loss for graph 1396: mat1 and mat2 shapes cannot be multiplied (10x64 and 80x64)
  Warning: Could not compute GNN loss for graph 676: mat1 and mat2 shapes cannot be multiplied (10x64 and 80x64)
  Warning: Could not compute GNN loss for graph 2052: mat1 and mat2 shapes cannot be multiplied (10x64 and 80x64)
  Warning: Could not compute GNN loss for graph 659: mat1 and mat2 shapes cannot be multiplied (10x64 and 80x64)

Processing Summary:
  Successfully processed: 0 graphs
  Skipped (missing files): 0 graphs
  Errors: 100 graphs

Running native ablation for feature 35, motif=in_feedback_loop
  Warning: Could not compute GNN loss for graph 2827: mat1 and mat2 shapes cannot be multiplied (10x64 and 80x64)
  Warning: Could not compute GNN loss for graph 1908: mat1 and mat2 shapes cannot be multiplied (10x64 and 80x64)
  Warning: Could not compute GNN loss for graph 2200: mat1 and mat2 shapes cannot be multiplied (10x64 and 80x64)
  Warning: Could not compute GNN loss for graph 3426: mat1 and mat2 shapes cannot be multiplied (10x64 and 80x64)
  Warning: Could not compute GNN loss for graph 944: mat1 and mat2 shapes cannot be multiplied (10x64 and 80x64)
  Warning: Could not compute GNN loss for graph 1295: mat1 and mat2 shapes cannot be multiplied (10x64 and 80x64)
  Warning: Could not compute GNN loss for graph 433: mat1 and mat2 shapes cannot be multiplied (10x64 and 80x64)
  Warning: Could not compute GNN loss for graph 3951: mat1 and mat2 shapes cannot be multiplied (10x64 and 80x64)
  Warning: Could not compute GNN loss for graph 551: mat1 and mat2 shapes cannot be multiplied (10x64 and 80x64)
  Warning: Could not compute GNN loss for graph 2794: mat1 and mat2 shapes cannot be multiplied (10x64 and 80x64)
  Warning: Could not compute GNN loss for graph 1786: mat1 and mat2 shapes cannot be multiplied (10x64 and 80x64)
  Warning: Could not compute GNN loss for graph 1852: mat1 and mat2 shapes cannot be multiplied (10x64 and 80x64)
  Warning: Could not compute GNN loss for graph 2601: mat1 and mat2 shapes cannot be multiplied (10x64 and 80x64)
  Warning: Could not compute GNN loss for graph 2830: mat1 and mat2 shapes cannot be multiplied (10x64 and 80x64)
  Warning: Could not compute GNN loss for graph 1822: mat1 and mat2 shapes cannot be multiplied (10x64 and 80x64)
  Warning: Could not compute GNN loss for graph 3306: mat1 and mat2 shapes cannot be multiplied (10x64 and 80x64)
  Warning: Could not compute GNN loss for graph 249: mat1 and mat2 shapes cannot be multiplied (10x64 and 80x64)
  Warning: Could not compute GNN loss for graph 3553: mat1 and mat2 shapes cannot be multiplied (10x64 and 80x64)
  Warning: Could not compute GNN loss for graph 2217: mat1 and mat2 shapes cannot be multiplied (10x64 and 80x64)
  Warning: Could not compute GNN loss for graph 3602: mat1 and mat2 shapes cannot be multiplied (10x64 and 80x64)
  Warning: Could not compute GNN loss for graph 3989: mat1 and mat2 shapes cannot be multiplied (10x64 and 80x64)
  Warning: Could not compute GNN loss for graph 1205: mat1 and mat2 shapes cannot be multiplied (10x64 and 80x64)
  Warning: Could not compute GNN loss for graph 2712: mat1 and mat2 shapes cannot be multiplied (10x64 and 80x64)
  Warning: Could not compute GNN loss for graph 3307: mat1 and mat2 shapes cannot be multiplied (10x64 and 80x64)
  Warning: Could not compute GNN loss for graph 2899: mat1 and mat2 shapes cannot be multiplied (10x64 and 80x64)
  Warning: Could not compute GNN loss for graph 2831: mat1 and mat2 shapes cannot be multiplied (10x64 and 80x64)
  Warning: Could not compute GNN loss for graph 1451: mat1 and mat2 shapes cannot be multiplied (10x64 and 80x64)
  Warning: Could not compute GNN loss for graph 3009: mat1 and mat2 shapes cannot be multiplied (10x64 and 80x64)
  Warning: Could not compute GNN loss for graph 588: mat1 and mat2 shapes cannot be multiplied (10x64 and 80x64)
  Warning: Could not compute GNN loss for graph 1366: mat1 and mat2 shapes cannot be multiplied (10x64 and 80x64)
  Warning: Could not compute GNN loss for graph 2374: mat1 and mat2 shapes cannot be multiplied (10x64 and 80x64)
  Warning: Could not compute GNN loss for graph 3842: mat1 and mat2 shapes cannot be multiplied (10x64 and 80x64)
  Warning: Could not compute GNN loss for graph 952: mat1 and mat2 shapes cannot be multiplied (10x64 and 80x64)
  Warning: Could not compute GNN loss for graph 3552: mat1 and mat2 shapes cannot be multiplied (10x64 and 80x64)
  Warning: Could not compute GNN loss for graph 3684: mat1 and mat2 shapes cannot be multiplied (10x64 and 80x64)
  Warning: Could not compute GNN loss for graph 550: mat1 and mat2 shapes cannot be multiplied (10x64 and 80x64)
  Warning: Could not compute GNN loss for graph 2055: mat1 and mat2 shapes cannot be multiplied (10x64 and 80x64)
  Warning: Could not compute GNN loss for graph 3215: mat1 and mat2 shapes cannot be multiplied (10x64 and 80x64)
  Warning: Could not compute GNN loss for graph 2762: mat1 and mat2 shapes cannot be multiplied (10x64 and 80x64)
  Warning: Could not compute GNN loss for graph 136: mat1 and mat2 shapes cannot be multiplied (10x64 and 80x64)
  Warning: Could not compute GNN loss for graph 1132: mat1 and mat2 shapes cannot be multiplied (10x64 and 80x64)
  Warning: Could not compute GNN loss for graph 649: mat1 and mat2 shapes cannot be multiplied (10x64 and 80x64)
  Warning: Could not compute GNN loss for graph 3397: mat1 and mat2 shapes cannot be multiplied (10x64 and 80x64)
  Warning: Could not compute GNN loss for graph 1682: mat1 and mat2 shapes cannot be multiplied (10x64 and 80x64)
  Warning: Could not compute GNN loss for graph 827: mat1 and mat2 shapes cannot be multiplied (10x64 and 80x64)
  Warning: Could not compute GNN loss for graph 3776: mat1 and mat2 shapes cannot be multiplied (10x64 and 80x64)
  Warning: Could not compute GNN loss for graph 2201: mat1 and mat2 shapes cannot be multiplied (10x64 and 80x64)
  Warning: Could not compute GNN loss for graph 2615: mat1 and mat2 shapes cannot be multiplied (10x64 and 80x64)
  Warning: Could not compute GNN loss for graph 3033: mat1 and mat2 shapes cannot be multiplied (10x64 and 80x64)
  Warning: Could not compute GNN loss for graph 1819: mat1 and mat2 shapes cannot be multiplied (10x64 and 80x64)
  Warning: Could not compute GNN loss for graph 3395: mat1 and mat2 shapes cannot be multiplied (10x64 and 80x64)
  Warning: Could not compute GNN loss for graph 776: mat1 and mat2 shapes cannot be multiplied (10x64 and 80x64)
  Warning: Could not compute GNN loss for graph 1296: mat1 and mat2 shapes cannot be multiplied (10x64 and 80x64)
  Warning: Could not compute GNN loss for graph 706: mat1 and mat2 shapes cannot be multiplied (10x64 and 80x64)
  Warning: Could not compute GNN loss for graph 664: mat1 and mat2 shapes cannot be multiplied (10x64 and 80x64)
  Warning: Could not compute GNN loss for graph 918: mat1 and mat2 shapes cannot be multiplied (10x64 and 80x64)
  Warning: Could not compute GNN loss for graph 2534: mat1 and mat2 shapes cannot be multiplied (10x64 and 80x64)
  Warning: Could not compute GNN loss for graph 3043: mat1 and mat2 shapes cannot be multiplied (10x64 and 80x64)
  Warning: Could not compute GNN loss for graph 2946: mat1 and mat2 shapes cannot be multiplied (10x64 and 80x64)
  Warning: Could not compute GNN loss for graph 54: mat1 and mat2 shapes cannot be multiplied (10x64 and 80x64)
  Warning: Could not compute GNN loss for graph 1035: mat1 and mat2 shapes cannot be multiplied (10x64 and 80x64)
  Warning: Could not compute GNN loss for graph 3763: mat1 and mat2 shapes cannot be multiplied (10x64 and 80x64)
  Warning: Could not compute GNN loss for graph 1259: mat1 and mat2 shapes cannot be multiplied (10x64 and 80x64)
  Warning: Could not compute GNN loss for graph 1206: mat1 and mat2 shapes cannot be multiplied (10x64 and 80x64)
  Warning: Could not compute GNN loss for graph 380: mat1 and mat2 shapes cannot be multiplied (10x64 and 80x64)
  Warning: Could not compute GNN loss for graph 2523: mat1 and mat2 shapes cannot be multiplied (10x64 and 80x64)
  Warning: Could not compute GNN loss for graph 3119: mat1 and mat2 shapes cannot be multiplied (10x64 and 80x64)
  Warning: Could not compute GNN loss for graph 1281: mat1 and mat2 shapes cannot be multiplied (10x64 and 80x64)
  Warning: Could not compute GNN loss for graph 1178: mat1 and mat2 shapes cannot be multiplied (10x64 and 80x64)
  Warning: Could not compute GNN loss for graph 2306: mat1 and mat2 shapes cannot be multiplied (10x64 and 80x64)
  Warning: Could not compute GNN loss for graph 761: mat1 and mat2 shapes cannot be multiplied (10x64 and 80x64)
  Warning: Could not compute GNN loss for graph 3898: mat1 and mat2 shapes cannot be multiplied (10x64 and 80x64)
  Warning: Could not compute GNN loss for graph 1611: mat1 and mat2 shapes cannot be multiplied (10x64 and 80x64)
  Warning: Could not compute GNN loss for graph 135: mat1 and mat2 shapes cannot be multiplied (10x64 and 80x64)
  Warning: Could not compute GNN loss for graph 1422: mat1 and mat2 shapes cannot be multiplied (10x64 and 80x64)
  Warning: Could not compute GNN loss for graph 760: mat1 and mat2 shapes cannot be multiplied (10x64 and 80x64)
  Warning: Could not compute GNN loss for graph 2307: mat1 and mat2 shapes cannot be multiplied (10x64 and 80x64)
  Warning: Could not compute GNN loss for graph 672: mat1 and mat2 shapes cannot be multiplied (10x64 and 80x64)
  Warning: Could not compute GNN loss for graph 2328: mat1 and mat2 shapes cannot be multiplied (10x64 and 80x64)
  Warning: Could not compute GNN loss for graph 2380: mat1 and mat2 shapes cannot be multiplied (10x64 and 80x64)
  Warning: Could not compute GNN loss for graph 3841: mat1 and mat2 shapes cannot be multiplied (10x64 and 80x64)
  Warning: Could not compute GNN loss for graph 685: mat1 and mat2 shapes cannot be multiplied (10x64 and 80x64)
  Warning: Could not compute GNN loss for graph 2144: mat1 and mat2 shapes cannot be multiplied (10x64 and 80x64)
  Warning: Could not compute GNN loss for graph 381: mat1 and mat2 shapes cannot be multiplied (10x64 and 80x64)
  Warning: Could not compute GNN loss for graph 3519: mat1 and mat2 shapes cannot be multiplied (10x64 and 80x64)
  Warning: Could not compute GNN loss for graph 1210: mat1 and mat2 shapes cannot be multiplied (10x64 and 80x64)
  Warning: Could not compute GNN loss for graph 2535: mat1 and mat2 shapes cannot be multiplied (10x64 and 80x64)
  Warning: Could not compute GNN loss for graph 203: mat1 and mat2 shapes cannot be multiplied (10x64 and 80x64)
  Warning: Could not compute GNN loss for graph 3313: mat1 and mat2 shapes cannot be multiplied (10x64 and 80x64)
  Warning: Could not compute GNN loss for graph 2478: mat1 and mat2 shapes cannot be multiplied (10x64 and 80x64)
  Warning: Could not compute GNN loss for graph 2781: mat1 and mat2 shapes cannot be multiplied (10x64 and 80x64)
  Warning: Could not compute GNN loss for graph 1: mat1 and mat2 shapes cannot be multiplied (10x64 and 80x64)
  Warning: Could not compute GNN loss for graph 2776: mat1 and mat2 shapes cannot be multiplied (10x64 and 80x64)
  Warning: Could not compute GNN loss for graph 3667: mat1 and mat2 shapes cannot be multiplied (10x64 and 80x64)
  Warning: Could not compute GNN loss for graph 3295: mat1 and mat2 shapes cannot be multiplied (10x64 and 80x64)
  Warning: Could not compute GNN loss for graph 2022: mat1 and mat2 shapes cannot be multiplied (10x64 and 80x64)
  Warning: Could not compute GNN loss for graph 1396: mat1 and mat2 shapes cannot be multiplied (10x64 and 80x64)
  Warning: Could not compute GNN loss for graph 676: mat1 and mat2 shapes cannot be multiplied (10x64 and 80x64)
  Warning: Could not compute GNN loss for graph 2052: mat1 and mat2 shapes cannot be multiplied (10x64 and 80x64)
  Warning: Could not compute GNN loss for graph 659: mat1 and mat2 shapes cannot be multiplied (10x64 and 80x64)

Processing Summary:
  Successfully processed: 0 graphs
  Skipped (missing files): 0 graphs
  Errors: 100 graphs

Running native ablation for feature 186, motif=in_feedback_loop
  Warning: Could not compute GNN loss for graph 2827: mat1 and mat2 shapes cannot be multiplied (10x64 and 80x64)
  Warning: Could not compute GNN loss for graph 1908: mat1 and mat2 shapes cannot be multiplied (10x64 and 80x64)
  Warning: Could not compute GNN loss for graph 2200: mat1 and mat2 shapes cannot be multiplied (10x64 and 80x64)
  Warning: Could not compute GNN loss for graph 3426: mat1 and mat2 shapes cannot be multiplied (10x64 and 80x64)
  Warning: Could not compute GNN loss for graph 944: mat1 and mat2 shapes cannot be multiplied (10x64 and 80x64)
  Warning: Could not compute GNN loss for graph 1295: mat1 and mat2 shapes cannot be multiplied (10x64 and 80x64)
  Warning: Could not compute GNN loss for graph 433: mat1 and mat2 shapes cannot be multiplied (10x64 and 80x64)
  Warning: Could not compute GNN loss for graph 3951: mat1 and mat2 shapes cannot be multiplied (10x64 and 80x64)
  Warning: Could not compute GNN loss for graph 551: mat1 and mat2 shapes cannot be multiplied (10x64 and 80x64)
  Warning: Could not compute GNN loss for graph 2794: mat1 and mat2 shapes cannot be multiplied (10x64 and 80x64)
  Warning: Could not compute GNN loss for graph 1786: mat1 and mat2 shapes cannot be multiplied (10x64 and 80x64)
  Warning: Could not compute GNN loss for graph 1852: mat1 and mat2 shapes cannot be multiplied (10x64 and 80x64)
  Warning: Could not compute GNN loss for graph 2601: mat1 and mat2 shapes cannot be multiplied (10x64 and 80x64)
  Warning: Could not compute GNN loss for graph 2830: mat1 and mat2 shapes cannot be multiplied (10x64 and 80x64)
  Warning: Could not compute GNN loss for graph 1822: mat1 and mat2 shapes cannot be multiplied (10x64 and 80x64)
  Warning: Could not compute GNN loss for graph 3306: mat1 and mat2 shapes cannot be multiplied (10x64 and 80x64)
  Warning: Could not compute GNN loss for graph 249: mat1 and mat2 shapes cannot be multiplied (10x64 and 80x64)
  Warning: Could not compute GNN loss for graph 3553: mat1 and mat2 shapes cannot be multiplied (10x64 and 80x64)
  Warning: Could not compute GNN loss for graph 2217: mat1 and mat2 shapes cannot be multiplied (10x64 and 80x64)
  Warning: Could not compute GNN loss for graph 3602: mat1 and mat2 shapes cannot be multiplied (10x64 and 80x64)
  Warning: Could not compute GNN loss for graph 3989: mat1 and mat2 shapes cannot be multiplied (10x64 and 80x64)
  Warning: Could not compute GNN loss for graph 1205: mat1 and mat2 shapes cannot be multiplied (10x64 and 80x64)
  Warning: Could not compute GNN loss for graph 2712: mat1 and mat2 shapes cannot be multiplied (10x64 and 80x64)
  Warning: Could not compute GNN loss for graph 3307: mat1 and mat2 shapes cannot be multiplied (10x64 and 80x64)
  Warning: Could not compute GNN loss for graph 2899: mat1 and mat2 shapes cannot be multiplied (10x64 and 80x64)
  Warning: Could not compute GNN loss for graph 2831: mat1 and mat2 shapes cannot be multiplied (10x64 and 80x64)
  Warning: Could not compute GNN loss for graph 1451: mat1 and mat2 shapes cannot be multiplied (10x64 and 80x64)
  Warning: Could not compute GNN loss for graph 3009: mat1 and mat2 shapes cannot be multiplied (10x64 and 80x64)
  Warning: Could not compute GNN loss for graph 588: mat1 and mat2 shapes cannot be multiplied (10x64 and 80x64)
  Warning: Could not compute GNN loss for graph 1366: mat1 and mat2 shapes cannot be multiplied (10x64 and 80x64)
  Warning: Could not compute GNN loss for graph 2374: mat1 and mat2 shapes cannot be multiplied (10x64 and 80x64)
  Warning: Could not compute GNN loss for graph 3842: mat1 and mat2 shapes cannot be multiplied (10x64 and 80x64)
  Warning: Could not compute GNN loss for graph 952: mat1 and mat2 shapes cannot be multiplied (10x64 and 80x64)
  Warning: Could not compute GNN loss for graph 3552: mat1 and mat2 shapes cannot be multiplied (10x64 and 80x64)
  Warning: Could not compute GNN loss for graph 3684: mat1 and mat2 shapes cannot be multiplied (10x64 and 80x64)
  Warning: Could not compute GNN loss for graph 550: mat1 and mat2 shapes cannot be multiplied (10x64 and 80x64)
  Warning: Could not compute GNN loss for graph 2055: mat1 and mat2 shapes cannot be multiplied (10x64 and 80x64)
  Warning: Could not compute GNN loss for graph 3215: mat1 and mat2 shapes cannot be multiplied (10x64 and 80x64)
  Warning: Could not compute GNN loss for graph 2762: mat1 and mat2 shapes cannot be multiplied (10x64 and 80x64)
  Warning: Could not compute GNN loss for graph 136: mat1 and mat2 shapes cannot be multiplied (10x64 and 80x64)
  Warning: Could not compute GNN loss for graph 1132: mat1 and mat2 shapes cannot be multiplied (10x64 and 80x64)
  Warning: Could not compute GNN loss for graph 649: mat1 and mat2 shapes cannot be multiplied (10x64 and 80x64)
  Warning: Could not compute GNN loss for graph 3397: mat1 and mat2 shapes cannot be multiplied (10x64 and 80x64)
  Warning: Could not compute GNN loss for graph 1682: mat1 and mat2 shapes cannot be multiplied (10x64 and 80x64)
  Warning: Could not compute GNN loss for graph 827: mat1 and mat2 shapes cannot be multiplied (10x64 and 80x64)
  Warning: Could not compute GNN loss for graph 3776: mat1 and mat2 shapes cannot be multiplied (10x64 and 80x64)
  Warning: Could not compute GNN loss for graph 2201: mat1 and mat2 shapes cannot be multiplied (10x64 and 80x64)
  Warning: Could not compute GNN loss for graph 2615: mat1 and mat2 shapes cannot be multiplied (10x64 and 80x64)
  Warning: Could not compute GNN loss for graph 3033: mat1 and mat2 shapes cannot be multiplied (10x64 and 80x64)
  Warning: Could not compute GNN loss for graph 1819: mat1 and mat2 shapes cannot be multiplied (10x64 and 80x64)
  Warning: Could not compute GNN loss for graph 3395: mat1 and mat2 shapes cannot be multiplied (10x64 and 80x64)
  Warning: Could not compute GNN loss for graph 776: mat1 and mat2 shapes cannot be multiplied (10x64 and 80x64)
  Warning: Could not compute GNN loss for graph 1296: mat1 and mat2 shapes cannot be multiplied (10x64 and 80x64)
  Warning: Could not compute GNN loss for graph 706: mat1 and mat2 shapes cannot be multiplied (10x64 and 80x64)
  Warning: Could not compute GNN loss for graph 664: mat1 and mat2 shapes cannot be multiplied (10x64 and 80x64)
  Warning: Could not compute GNN loss for graph 918: mat1 and mat2 shapes cannot be multiplied (10x64 and 80x64)
  Warning: Could not compute GNN loss for graph 2534: mat1 and mat2 shapes cannot be multiplied (10x64 and 80x64)
  Warning: Could not compute GNN loss for graph 3043: mat1 and mat2 shapes cannot be multiplied (10x64 and 80x64)
  Warning: Could not compute GNN loss for graph 2946: mat1 and mat2 shapes cannot be multiplied (10x64 and 80x64)
  Warning: Could not compute GNN loss for graph 54: mat1 and mat2 shapes cannot be multiplied (10x64 and 80x64)
  Warning: Could not compute GNN loss for graph 1035: mat1 and mat2 shapes cannot be multiplied (10x64 and 80x64)
  Warning: Could not compute GNN loss for graph 3763: mat1 and mat2 shapes cannot be multiplied (10x64 and 80x64)
  Warning: Could not compute GNN loss for graph 1259: mat1 and mat2 shapes cannot be multiplied (10x64 and 80x64)
  Warning: Could not compute GNN loss for graph 1206: mat1 and mat2 shapes cannot be multiplied (10x64 and 80x64)
  Warning: Could not compute GNN loss for graph 380: mat1 and mat2 shapes cannot be multiplied (10x64 and 80x64)
  Warning: Could not compute GNN loss for graph 2523: mat1 and mat2 shapes cannot be multiplied (10x64 and 80x64)
  Warning: Could not compute GNN loss for graph 3119: mat1 and mat2 shapes cannot be multiplied (10x64 and 80x64)
  Warning: Could not compute GNN loss for graph 1281: mat1 and mat2 shapes cannot be multiplied (10x64 and 80x64)
  Warning: Could not compute GNN loss for graph 1178: mat1 and mat2 shapes cannot be multiplied (10x64 and 80x64)
  Warning: Could not compute GNN loss for graph 2306: mat1 and mat2 shapes cannot be multiplied (10x64 and 80x64)
  Warning: Could not compute GNN loss for graph 761: mat1 and mat2 shapes cannot be multiplied (10x64 and 80x64)
  Warning: Could not compute GNN loss for graph 3898: mat1 and mat2 shapes cannot be multiplied (10x64 and 80x64)
  Warning: Could not compute GNN loss for graph 1611: mat1 and mat2 shapes cannot be multiplied (10x64 and 80x64)
  Warning: Could not compute GNN loss for graph 135: mat1 and mat2 shapes cannot be multiplied (10x64 and 80x64)
  Warning: Could not compute GNN loss for graph 1422: mat1 and mat2 shapes cannot be multiplied (10x64 and 80x64)
  Warning: Could not compute GNN loss for graph 760: mat1 and mat2 shapes cannot be multiplied (10x64 and 80x64)
  Warning: Could not compute GNN loss for graph 2307: mat1 and mat2 shapes cannot be multiplied (10x64 and 80x64)
  Warning: Could not compute GNN loss for graph 672: mat1 and mat2 shapes cannot be multiplied (10x64 and 80x64)
  Warning: Could not compute GNN loss for graph 2328: mat1 and mat2 shapes cannot be multiplied (10x64 and 80x64)
  Warning: Could not compute GNN loss for graph 2380: mat1 and mat2 shapes cannot be multiplied (10x64 and 80x64)
  Warning: Could not compute GNN loss for graph 3841: mat1 and mat2 shapes cannot be multiplied (10x64 and 80x64)
  Warning: Could not compute GNN loss for graph 685: mat1 and mat2 shapes cannot be multiplied (10x64 and 80x64)
  Warning: Could not compute GNN loss for graph 2144: mat1 and mat2 shapes cannot be multiplied (10x64 and 80x64)
  Warning: Could not compute GNN loss for graph 381: mat1 and mat2 shapes cannot be multiplied (10x64 and 80x64)
  Warning: Could not compute GNN loss for graph 3519: mat1 and mat2 shapes cannot be multiplied (10x64 and 80x64)
  Warning: Could not compute GNN loss for graph 1210: mat1 and mat2 shapes cannot be multiplied (10x64 and 80x64)
  Warning: Could not compute GNN loss for graph 2535: mat1 and mat2 shapes cannot be multiplied (10x64 and 80x64)
  Warning: Could not compute GNN loss for graph 203: mat1 and mat2 shapes cannot be multiplied (10x64 and 80x64)
  Warning: Could not compute GNN loss for graph 3313: mat1 and mat2 shapes cannot be multiplied (10x64 and 80x64)
  Warning: Could not compute GNN loss for graph 2478: mat1 and mat2 shapes cannot be multiplied (10x64 and 80x64)
  Warning: Could not compute GNN loss for graph 2781: mat1 and mat2 shapes cannot be multiplied (10x64 and 80x64)
  Warning: Could not compute GNN loss for graph 1: mat1 and mat2 shapes cannot be multiplied (10x64 and 80x64)
  Warning: Could not compute GNN loss for graph 2776: mat1 and mat2 shapes cannot be multiplied (10x64 and 80x64)
  Warning: Could not compute GNN loss for graph 3667: mat1 and mat2 shapes cannot be multiplied (10x64 and 80x64)
  Warning: Could not compute GNN loss for graph 3295: mat1 and mat2 shapes cannot be multiplied (10x64 and 80x64)
  Warning: Could not compute GNN loss for graph 2022: mat1 and mat2 shapes cannot be multiplied (10x64 and 80x64)
  Warning: Could not compute GNN loss for graph 1396: mat1 and mat2 shapes cannot be multiplied (10x64 and 80x64)
  Warning: Could not compute GNN loss for graph 676: mat1 and mat2 shapes cannot be multiplied (10x64 and 80x64)
  Warning: Could not compute GNN loss for graph 2052: mat1 and mat2 shapes cannot be multiplied (10x64 and 80x64)
  Warning: Could not compute GNN loss for graph 659: mat1 and mat2 shapes cannot be multiplied (10x64 and 80x64)

Processing Summary:
  Successfully processed: 0 graphs
  Skipped (missing files): 0 graphs
  Errors: 100 graphs

Running native ablation for feature 76, motif=in_feedback_loop
  Warning: Could not compute GNN loss for graph 2827: mat1 and mat2 shapes cannot be multiplied (10x64 and 80x64)
  Warning: Could not compute GNN loss for graph 1908: mat1 and mat2 shapes cannot be multiplied (10x64 and 80x64)
  Warning: Could not compute GNN loss for graph 2200: mat1 and mat2 shapes cannot be multiplied (10x64 and 80x64)
  Warning: Could not compute GNN loss for graph 3426: mat1 and mat2 shapes cannot be multiplied (10x64 and 80x64)
  Warning: Could not compute GNN loss for graph 944: mat1 and mat2 shapes cannot be multiplied (10x64 and 80x64)
  Warning: Could not compute GNN loss for graph 1295: mat1 and mat2 shapes cannot be multiplied (10x64 and 80x64)
  Warning: Could not compute GNN loss for graph 433: mat1 and mat2 shapes cannot be multiplied (10x64 and 80x64)
  Warning: Could not compute GNN loss for graph 3951: mat1 and mat2 shapes cannot be multiplied (10x64 and 80x64)
  Warning: Could not compute GNN loss for graph 551: mat1 and mat2 shapes cannot be multiplied (10x64 and 80x64)
  Warning: Could not compute GNN loss for graph 2794: mat1 and mat2 shapes cannot be multiplied (10x64 and 80x64)
  Warning: Could not compute GNN loss for graph 1786: mat1 and mat2 shapes cannot be multiplied (10x64 and 80x64)
  Warning: Could not compute GNN loss for graph 1852: mat1 and mat2 shapes cannot be multiplied (10x64 and 80x64)
  Warning: Could not compute GNN loss for graph 2601: mat1 and mat2 shapes cannot be multiplied (10x64 and 80x64)
  Warning: Could not compute GNN loss for graph 2830: mat1 and mat2 shapes cannot be multiplied (10x64 and 80x64)
  Warning: Could not compute GNN loss for graph 1822: mat1 and mat2 shapes cannot be multiplied (10x64 and 80x64)
  Warning: Could not compute GNN loss for graph 3306: mat1 and mat2 shapes cannot be multiplied (10x64 and 80x64)
  Warning: Could not compute GNN loss for graph 249: mat1 and mat2 shapes cannot be multiplied (10x64 and 80x64)
  Warning: Could not compute GNN loss for graph 3553: mat1 and mat2 shapes cannot be multiplied (10x64 and 80x64)
  Warning: Could not compute GNN loss for graph 2217: mat1 and mat2 shapes cannot be multiplied (10x64 and 80x64)
  Warning: Could not compute GNN loss for graph 3602: mat1 and mat2 shapes cannot be multiplied (10x64 and 80x64)
  Warning: Could not compute GNN loss for graph 3989: mat1 and mat2 shapes cannot be multiplied (10x64 and 80x64)
  Warning: Could not compute GNN loss for graph 1205: mat1 and mat2 shapes cannot be multiplied (10x64 and 80x64)
  Warning: Could not compute GNN loss for graph 2712: mat1 and mat2 shapes cannot be multiplied (10x64 and 80x64)
  Warning: Could not compute GNN loss for graph 3307: mat1 and mat2 shapes cannot be multiplied (10x64 and 80x64)
  Warning: Could not compute GNN loss for graph 2899: mat1 and mat2 shapes cannot be multiplied (10x64 and 80x64)
  Warning: Could not compute GNN loss for graph 2831: mat1 and mat2 shapes cannot be multiplied (10x64 and 80x64)
  Warning: Could not compute GNN loss for graph 1451: mat1 and mat2 shapes cannot be multiplied (10x64 and 80x64)
  Warning: Could not compute GNN loss for graph 3009: mat1 and mat2 shapes cannot be multiplied (10x64 and 80x64)
  Warning: Could not compute GNN loss for graph 588: mat1 and mat2 shapes cannot be multiplied (10x64 and 80x64)
  Warning: Could not compute GNN loss for graph 1366: mat1 and mat2 shapes cannot be multiplied (10x64 and 80x64)
  Warning: Could not compute GNN loss for graph 2374: mat1 and mat2 shapes cannot be multiplied (10x64 and 80x64)
  Warning: Could not compute GNN loss for graph 3842: mat1 and mat2 shapes cannot be multiplied (10x64 and 80x64)
  Warning: Could not compute GNN loss for graph 952: mat1 and mat2 shapes cannot be multiplied (10x64 and 80x64)
  Warning: Could not compute GNN loss for graph 3552: mat1 and mat2 shapes cannot be multiplied (10x64 and 80x64)
  Warning: Could not compute GNN loss for graph 3684: mat1 and mat2 shapes cannot be multiplied (10x64 and 80x64)
  Warning: Could not compute GNN loss for graph 550: mat1 and mat2 shapes cannot be multiplied (10x64 and 80x64)
  Warning: Could not compute GNN loss for graph 2055: mat1 and mat2 shapes cannot be multiplied (10x64 and 80x64)
  Warning: Could not compute GNN loss for graph 3215: mat1 and mat2 shapes cannot be multiplied (10x64 and 80x64)
  Warning: Could not compute GNN loss for graph 2762: mat1 and mat2 shapes cannot be multiplied (10x64 and 80x64)
  Warning: Could not compute GNN loss for graph 136: mat1 and mat2 shapes cannot be multiplied (10x64 and 80x64)
  Warning: Could not compute GNN loss for graph 1132: mat1 and mat2 shapes cannot be multiplied (10x64 and 80x64)
  Warning: Could not compute GNN loss for graph 649: mat1 and mat2 shapes cannot be multiplied (10x64 and 80x64)
  Warning: Could not compute GNN loss for graph 3397: mat1 and mat2 shapes cannot be multiplied (10x64 and 80x64)
  Warning: Could not compute GNN loss for graph 1682: mat1 and mat2 shapes cannot be multiplied (10x64 and 80x64)
  Warning: Could not compute GNN loss for graph 827: mat1 and mat2 shapes cannot be multiplied (10x64 and 80x64)
  Warning: Could not compute GNN loss for graph 3776: mat1 and mat2 shapes cannot be multiplied (10x64 and 80x64)
  Warning: Could not compute GNN loss for graph 2201: mat1 and mat2 shapes cannot be multiplied (10x64 and 80x64)
  Warning: Could not compute GNN loss for graph 2615: mat1 and mat2 shapes cannot be multiplied (10x64 and 80x64)
  Warning: Could not compute GNN loss for graph 3033: mat1 and mat2 shapes cannot be multiplied (10x64 and 80x64)
  Warning: Could not compute GNN loss for graph 1819: mat1 and mat2 shapes cannot be multiplied (10x64 and 80x64)
  Warning: Could not compute GNN loss for graph 3395: mat1 and mat2 shapes cannot be multiplied (10x64 and 80x64)
  Warning: Could not compute GNN loss for graph 776: mat1 and mat2 shapes cannot be multiplied (10x64 and 80x64)
  Warning: Could not compute GNN loss for graph 1296: mat1 and mat2 shapes cannot be multiplied (10x64 and 80x64)
  Warning: Could not compute GNN loss for graph 706: mat1 and mat2 shapes cannot be multiplied (10x64 and 80x64)
  Warning: Could not compute GNN loss for graph 664: mat1 and mat2 shapes cannot be multiplied (10x64 and 80x64)
  Warning: Could not compute GNN loss for graph 918: mat1 and mat2 shapes cannot be multiplied (10x64 and 80x64)
  Warning: Could not compute GNN loss for graph 2534: mat1 and mat2 shapes cannot be multiplied (10x64 and 80x64)
  Warning: Could not compute GNN loss for graph 3043: mat1 and mat2 shapes cannot be multiplied (10x64 and 80x64)
  Warning: Could not compute GNN loss for graph 2946: mat1 and mat2 shapes cannot be multiplied (10x64 and 80x64)
  Warning: Could not compute GNN loss for graph 54: mat1 and mat2 shapes cannot be multiplied (10x64 and 80x64)
  Warning: Could not compute GNN loss for graph 1035: mat1 and mat2 shapes cannot be multiplied (10x64 and 80x64)
  Warning: Could not compute GNN loss for graph 3763: mat1 and mat2 shapes cannot be multiplied (10x64 and 80x64)
  Warning: Could not compute GNN loss for graph 1259: mat1 and mat2 shapes cannot be multiplied (10x64 and 80x64)
  Warning: Could not compute GNN loss for graph 1206: mat1 and mat2 shapes cannot be multiplied (10x64 and 80x64)
  Warning: Could not compute GNN loss for graph 380: mat1 and mat2 shapes cannot be multiplied (10x64 and 80x64)
  Warning: Could not compute GNN loss for graph 2523: mat1 and mat2 shapes cannot be multiplied (10x64 and 80x64)
  Warning: Could not compute GNN loss for graph 3119: mat1 and mat2 shapes cannot be multiplied (10x64 and 80x64)
  Warning: Could not compute GNN loss for graph 1281: mat1 and mat2 shapes cannot be multiplied (10x64 and 80x64)
  Warning: Could not compute GNN loss for graph 1178: mat1 and mat2 shapes cannot be multiplied (10x64 and 80x64)
  Warning: Could not compute GNN loss for graph 2306: mat1 and mat2 shapes cannot be multiplied (10x64 and 80x64)
  Warning: Could not compute GNN loss for graph 761: mat1 and mat2 shapes cannot be multiplied (10x64 and 80x64)
  Warning: Could not compute GNN loss for graph 3898: mat1 and mat2 shapes cannot be multiplied (10x64 and 80x64)
  Warning: Could not compute GNN loss for graph 1611: mat1 and mat2 shapes cannot be multiplied (10x64 and 80x64)
  Warning: Could not compute GNN loss for graph 135: mat1 and mat2 shapes cannot be multiplied (10x64 and 80x64)
  Warning: Could not compute GNN loss for graph 1422: mat1 and mat2 shapes cannot be multiplied (10x64 and 80x64)
  Warning: Could not compute GNN loss for graph 760: mat1 and mat2 shapes cannot be multiplied (10x64 and 80x64)
  Warning: Could not compute GNN loss for graph 2307: mat1 and mat2 shapes cannot be multiplied (10x64 and 80x64)
  Warning: Could not compute GNN loss for graph 672: mat1 and mat2 shapes cannot be multiplied (10x64 and 80x64)
  Warning: Could not compute GNN loss for graph 2328: mat1 and mat2 shapes cannot be multiplied (10x64 and 80x64)
  Warning: Could not compute GNN loss for graph 2380: mat1 and mat2 shapes cannot be multiplied (10x64 and 80x64)
  Warning: Could not compute GNN loss for graph 3841: mat1 and mat2 shapes cannot be multiplied (10x64 and 80x64)
  Warning: Could not compute GNN loss for graph 685: mat1 and mat2 shapes cannot be multiplied (10x64 and 80x64)
  Warning: Could not compute GNN loss for graph 2144: mat1 and mat2 shapes cannot be multiplied (10x64 and 80x64)
  Warning: Could not compute GNN loss for graph 381: mat1 and mat2 shapes cannot be multiplied (10x64 and 80x64)
  Warning: Could not compute GNN loss for graph 3519: mat1 and mat2 shapes cannot be multiplied (10x64 and 80x64)
  Warning: Could not compute GNN loss for graph 1210: mat1 and mat2 shapes cannot be multiplied (10x64 and 80x64)
  Warning: Could not compute GNN loss for graph 2535: mat1 and mat2 shapes cannot be multiplied (10x64 and 80x64)
  Warning: Could not compute GNN loss for graph 203: mat1 and mat2 shapes cannot be multiplied (10x64 and 80x64)
  Warning: Could not compute GNN loss for graph 3313: mat1 and mat2 shapes cannot be multiplied (10x64 and 80x64)
  Warning: Could not compute GNN loss for graph 2478: mat1 and mat2 shapes cannot be multiplied (10x64 and 80x64)
  Warning: Could not compute GNN loss for graph 2781: mat1 and mat2 shapes cannot be multiplied (10x64 and 80x64)
  Warning: Could not compute GNN loss for graph 1: mat1 and mat2 shapes cannot be multiplied (10x64 and 80x64)
  Warning: Could not compute GNN loss for graph 2776: mat1 and mat2 shapes cannot be multiplied (10x64 and 80x64)
  Warning: Could not compute GNN loss for graph 3667: mat1 and mat2 shapes cannot be multiplied (10x64 and 80x64)
  Warning: Could not compute GNN loss for graph 3295: mat1 and mat2 shapes cannot be multiplied (10x64 and 80x64)
  Warning: Could not compute GNN loss for graph 2022: mat1 and mat2 shapes cannot be multiplied (10x64 and 80x64)
  Warning: Could not compute GNN loss for graph 1396: mat1 and mat2 shapes cannot be multiplied (10x64 and 80x64)
  Warning: Could not compute GNN loss for graph 676: mat1 and mat2 shapes cannot be multiplied (10x64 and 80x64)
  Warning: Could not compute GNN loss for graph 2052: mat1 and mat2 shapes cannot be multiplied (10x64 and 80x64)
  Warning: Could not compute GNN loss for graph 659: mat1 and mat2 shapes cannot be multiplied (10x64 and 80x64)

Processing Summary:
  Successfully processed: 0 graphs
  Skipped (missing files): 0 graphs
  Errors: 100 graphs


======================================================================
✓ STRATEGY 1 ENHANCED (SAE r_pb Guided) COMPLETE
======================================================================

[2026-01-27 04:29:20] 
======================================================================
[2026-01-27 04:29:20] PHASE 3c: ABLATION STRATEGY COMPARISON
[2026-01-27 04:29:20] ======================================================================

[2026-01-27 04:29:20] Running: compare_ablation_strategies.py --motif-mode --variant topk
[2026-01-27 04:29:22] ✓ compare_ablation_strategies.py completed successfully
[2026-01-27 04:29:22] ======================================================================
ABLATION STRATEGY COMPARISON: SAE Latent vs Native GNN
======================================================================

======================================================================
MOTIF-GROUP LEVEL COMPARISON (Phase 3c Mode)
======================================================================

----------------------------------------------------------------------
Variant: TOPK
----------------------------------------------------------------------

  Feedback Loop... ⚠ Missing results

  Cascade... ⚠ Missing results

  Feedforward Loop... ⚠ Missing results

  Single Input Module... ⚠ Missing results

======================================================================
SAVING MOTIF-LEVEL SUMMARY
======================================================================

✓ Motif-group comparison complete!
   Outputs saved to: outputs/ablation_strategy_comparison/

[2026-01-27 04:29:22] 
======================================================================
[2026-01-27 04:29:22] PHASE 3d: MIXED-MOTIF GENERALIZATION
[2026-01-27 04:29:22] ======================================================================

[2026-01-27 04:29:22] Running: generate_mixed_motif_activations.py 
[2026-01-27 04:29:31] ✓ generate_mixed_motif_activations.py completed successfully
[2026-01-27 04:29:31] ======================================================================
GENERATING ACTIVATIONS FOR MIXED-MOTIF GRAPHS
======================================================================
Using device: cuda
Detected architecture: hidden_dim1=80, hidden_dim2=80
Loaded GNN model from checkpoints/gnn_model.pt

Found 1000 mixed-motif graphs
Range: graph_4000 to graph_4999

Generating activations...

======================================================================
SUMMARY
======================================================================
Total graphs processed: 1000
Successfully saved: 1000
Failed: 0

Activations saved to: outputs/activations/layer3_new/mixed/
Expected shape per graph: (n_nodes, 64)

Sample verification (graph_4500):
  Shape: torch.Size([10, 80])
  Mean: 0.0000
  Std: 0.0000

======================================================================
COMPLETE
======================================================================

[2026-01-27 04:29:31] Mixed-motif generalization requires manual feature selection
[2026-01-27 04:29:31] Please run run_ablation.py and native_gnn_ablation.py with --use_mixed_motifs
[2026-01-27 04:29:31] 
======================================================================
[2026-01-27 04:29:31] PIPELINE COMPLETE
[2026-01-27 04:29:31] ======================================================================
[2026-01-27 04:29:31] Log saved to: outputs/pipeline_logs/pipeline_20260127_042220.log
