feature,feature_idx,motif,rpb,pval,rpb_abs,p_empirical,p_fdr,significant_fdr
z4,4,in_feedforward_loop,-0.008520492641860871,0.5900768806426484,0.008520492641860871,0.454,0.509498997995992,False
z5,5,in_feedforward_loop,-0.06190564944244704,8.936406690743323e-05,0.06190564944244704,0.0,0.0,True
z7,7,in_feedforward_loop,-0.008520492641860873,0.5900768806426484,0.008520492641860873,0.922,0.9328274616079494,False
z9,9,in_feedforward_loop,-0.025321989559529724,0.10931947013380845,0.025321989559529724,0.168,0.2187906976744186,False
z10,10,in_feedforward_loop,-0.014502326514616568,0.3591587736203798,0.014502326514616568,0.395,0.4532786885245902,False
z13,13,in_feedforward_loop,-0.05626894486294004,0.00037019269958087054,0.05626894486294004,0.002,0.004072727272727273,True
z14,14,in_feedforward_loop,-0.04939625577821809,0.0017779009491866176,0.04939625577821809,0.002,0.004072727272727273,True
z15,15,in_feedforward_loop,-0.06383369506044656,5.3438421079362844e-05,0.06383369506044656,0.0,0.0,True
z16,16,in_feedforward_loop,-0.016919404580083244,0.28470068626435463,0.016919404580083244,0.303,0.3641201716738197,False
z17,17,in_feedforward_loop,-0.027985233716134206,0.07677129807940247,0.027985233716134206,0.055,0.08010403120936281,False
z18,18,in_feedforward_loop,-0.08478776228548941,7.854239934874524e-08,0.08478776228548941,0.0,0.0,True
z19,19,in_feedforward_loop,-0.056525879093642026,0.00034788866304170577,0.056525879093642026,0.0,0.0,True
z20,20,in_feedforward_loop,-0.05690753585007374,0.00031706643976561684,0.05690753585007374,0.0,0.0,True
z22,22,in_feedforward_loop,-0.014666499770714754,0.3537443998743382,0.014666499770714754,0.216,0.2709070548712206,False
z27,27,in_feedforward_loop,-0.03833825869541288,0.015314376718003253,0.03833825869541288,0.024,0.03873198847262248,True
z29,29,in_feedforward_loop,-0.06115704478485372,0.00010869026875408476,0.06115704478485372,0.0,0.0,True
z30,30,in_feedforward_loop,-0.008520492641860873,0.5900768806426484,0.008520492641860873,0.363,0.4239416058394161,False
z31,31,in_feedforward_loop,-0.050386099560238554,0.0014339658970739572,0.050386099560238554,0.001,0.0021538461538461538,True
z32,32,in_feedforward_loop,-0.012050171041837743,0.4461142002787063,0.012050171041837743,0.725,0.7539461467038068,False
z33,33,in_feedforward_loop,-0.02249755532729291,0.15485050195200145,0.02249755532729291,0.204,0.259047619047619,False
z36,36,in_feedforward_loop,-0.024107187707861126,0.12740447184810028,0.024107187707861126,0.116,0.15728813559322033,False
z37,37,in_feedforward_loop,-0.023600594178217256,0.13560113584324668,0.023600594178217256,0.175,0.2265895953757225,False
z41,41,in_feedforward_loop,-0.08534782115152392,6.44301611114541e-08,0.08534782115152392,0.0,0.0,True
z43,43,in_feedforward_loop,-0.017632687785984657,0.2648816122175568,0.017632687785984657,0.358,0.42161934805467927,False
z44,44,in_feedforward_loop,-0.01676623330842552,0.2890841914949492,0.01676623330842552,0.298,0.3596551724137931,False
z47,47,in_feedforward_loop,-0.07044311537722528,8.220413874859507e-06,0.07044311537722528,0.0,0.0,True
z48,48,in_feedforward_loop,-0.0188355762363079,0.2336536778337901,0.0188355762363079,0.357,0.4213277133825079,False
z49,49,in_feedforward_loop,-0.010900947498252968,0.4906713351784278,0.010900947498252968,0.765,0.7889502762430939,False
z51,51,in_feedforward_loop,-0.04828313345942317,0.00225420578117549,0.04828313345942317,0.002,0.004072727272727273,True
z53,53,in_feedforward_loop,-0.023220159547224777,0.14201981970481928,0.023220159547224777,0.091,0.1264516129032258,False
z54,54,in_feedforward_loop,-0.012049707444822338,0.4461316976128472,0.012049707444822338,0.943,0.9523534715960323,False
z56,56,in_feedforward_loop,-0.06761492265194707,1.8697312856518945e-05,0.06761492265194707,0.0,0.0,True
z58,58,in_feedforward_loop,-0.07008235555490391,9.144716401026442e-06,0.07008235555490391,0.0,0.0,True
z60,60,in_feedforward_loop,-0.07171163440391876,5.628892349217169e-06,0.07171163440391876,0.0,0.0,True
z65,65,in_feedforward_loop,-0.07980491533140695,4.3312703849641013e-07,0.07980491533140695,0.0,0.0,True
z66,66,in_feedforward_loop,-0.06702900725040233,2.208135316338768e-05,0.06702900725040233,0.0,0.0,True
z67,67,in_feedforward_loop,-0.07542631784043659,1.7909026210650527e-06,0.07542631784043659,0.0,0.0,True
z70,70,in_feedforward_loop,-0.0502095626137641,0.001490418986379464,0.0502095626137641,0.0,0.0,True
z71,71,in_feedforward_loop,-0.06288116134496667,6.901697326165324e-05,0.06288116134496667,0.0,0.0,True
z75,75,in_feedforward_loop,-0.07214872917735263,4.933087999589451e-06,0.07214872917735263,0.0,0.0,True
z76,76,in_feedforward_loop,-0.0517114170514589,0.0010690902350806732,0.0517114170514589,0.001,0.0021538461538461538,True
z77,77,in_feedforward_loop,-0.07175255689438786,5.559960064105158e-06,0.07175255689438786,0.0,0.0,True
z81,81,in_feedforward_loop,-0.0631195162822774,6.475855918322375e-05,0.0631195162822774,0.0,0.0,True
z82,82,in_feedforward_loop,-0.013988676838195848,0.3764326414843543,0.013988676838195848,0.613,0.6526235741444867,False
z85,85,in_feedforward_loop,-0.020798993163136045,0.18845111196806746,0.020798993163136045,0.183,0.23531572904707232,False
z86,86,in_feedforward_loop,-0.06648859478048011,2.5712739502888643e-05,0.06648859478048011,0.0,0.0,True
z88,88,in_feedforward_loop,-0.023349405252880394,0.1398135293433553,0.023349405252880394,0.206,0.26099547511312216,False
z90,90,in_feedforward_loop,-0.02244224497859303,0.15586773715071728,0.02244224497859303,0.125,0.16786570743405274,False
z91,91,in_feedforward_loop,-0.09940074438650404,2.9707363976953866e-10,0.09940074438650404,0.0,0.0,True
z93,93,in_feedforward_loop,-0.018470241385256422,0.2428490605979758,0.018470241385256422,0.296,0.35878787878787877,False
z95,95,in_feedforward_loop,-0.05869194298408981,0.00020397168849764695,0.05869194298408981,0.0,0.0,True
z99,99,in_feedforward_loop,-0.015010293551379906,0.3425742937357046,0.015010293551379906,0.285,0.3477124183006536,False
z100,100,in_feedforward_loop,-0.02542485941664173,0.10788630545742296,0.02542485941664173,0.117,0.1584522370012092,False
z101,101,in_feedforward_loop,-0.08640971796351432,4.4107801728569784e-08,0.08640971796351432,0.0,0.0,True
z105,105,in_feedforward_loop,-0.024163653436857502,0.1265152521529827,0.024163653436857502,0.175,0.2265895953757225,False
z108,108,in_feedforward_loop,-0.03359208255952227,0.03362957816591652,0.03359208255952227,0.047,0.07009320905459387,False
z109,109,in_feedforward_loop,-0.0702893798170575,8.602825244981144e-06,0.0702893798170575,0.0,0.0,True
z110,110,in_feedforward_loop,-0.06781252012995824,1.76719221681384e-05,0.06781252012995824,0.0,0.0,True
z111,111,in_feedforward_loop,-0.04037271689556006,0.010660406784118498,0.04037271689556006,0.005,0.009271523178807948,True
z112,112,in_feedforward_loop,-0.07504567369547595,2.0189034250974e-06,0.07504567369547595,0.0,0.0,True
z113,113,in_feedforward_loop,-0.07445475683175412,2.4289553826553427e-06,0.07445475683175412,0.0,0.0,True
z115,115,in_feedforward_loop,-0.07067213279324373,7.680721674781694e-06,0.07067213279324373,0.0,0.0,True
z116,116,in_feedforward_loop,-0.04279939980117662,0.006783984175946566,0.04279939980117662,0.006,0.010909090909090908,True
z118,118,in_feedforward_loop,-0.010784410585386029,0.495319471777538,0.010784410585386029,0.801,0.8192876712328768,False
z120,120,in_feedforward_loop,-0.02403862564771777,0.128490709104604,0.02403862564771777,0.187,0.23963386727688787,False
z123,123,in_feedforward_loop,-0.04064379926953178,0.010146437847222923,0.04064379926953178,0.008,0.014267515923566879,True
z128,128,in_feedforward_loop,-0.021329901524217626,0.1774162436285309,0.021329901524217626,0.233,0.28963374028856825,False
z129,129,in_feedforward_loop,-0.06258517841629803,7.467398493284693e-05,0.06258517841629803,0.0,0.0,True
z130,130,in_feedforward_loop,-0.024178308537545764,0.1262852556575966,0.024178308537545764,0.064,0.09166240409207162,False
z132,132,in_feedforward_loop,-0.0646632213254175,4.2644079755867865e-05,0.0646632213254175,0.0,0.0,True
z134,134,in_feedforward_loop,-0.02088290206595045,0.18667418020038318,0.02088290206595045,0.344,0.4077037037037037,False
z135,135,in_feedforward_loop,-0.030155676650961166,0.05651410820476091,0.030155676650961166,0.036,0.05576763485477178,False
z136,136,in_feedforward_loop,-0.046417716502221,0.0033206798845059515,0.046417716502221,0.004,0.0075803722504230115,True
z137,137,in_feedforward_loop,-0.04085404639709049,0.009763121674886098,0.04085404639709049,0.011,0.018983050847457623,True
z138,138,in_feedforward_loop,-0.027563724104423006,0.0813215133116066,0.027563724104423006,0.105,0.14376528117359413,False
z140,140,in_feedforward_loop,-0.05434334417920153,0.0005850729374043162,0.05434334417920153,0.0,0.0,True
z141,141,in_feedforward_loop,-0.02287064523874663,0.14812008399878066,0.02287064523874663,0.131,0.1752927120669056,False
z142,142,in_feedforward_loop,-0.013344023146104987,0.398823700413595,0.013344023146104987,0.334,0.3975345377258236,False
z144,144,in_feedforward_loop,-0.011918141077238292,0.4511131103231202,0.011918141077238292,0.287,0.34939130434782606,False
z145,145,in_feedforward_loop,-0.0895940630637688,1.3782223509603581e-08,0.0895940630637688,0.0,0.0,True
z147,147,in_feedforward_loop,-0.00852049264186087,0.5900768806426484,0.00852049264186087,0.933,0.9431046931407943,False
z148,148,in_feedforward_loop,-0.012560946658183527,0.42707490144983223,0.012560946658183527,0.311,0.3725347593582888,False
z151,151,in_feedforward_loop,-0.07565216979864414,1.6675374790797677e-06,0.07565216979864414,0.0,0.0,True
z152,152,in_feedforward_loop,-0.04231011795083081,0.00744424550155413,0.04231011795083081,0.003,0.005863874345549739,True
z153,153,in_feedforward_loop,-0.047026227842196296,0.0029306873722340027,0.047026227842196296,0.002,0.004072727272727273,True
z154,154,in_feedforward_loop,-0.05799593315144423,0.00024261923345771978,0.05799593315144423,0.0,0.0,True
z156,156,in_feedforward_loop,-0.08378448535147139,1.1164463764895581e-07,0.08378448535147139,0.0,0.0,True
z158,158,in_feedforward_loop,-0.023429944815149154,0.13845207070744642,0.023429944815149154,0.141,0.18710900473933648,False
z160,160,in_feedforward_loop,-0.012825222253899074,0.41741270073705533,0.012825222253899074,0.472,0.5265338645418326,False
z162,162,in_feedforward_loop,-0.06224811636200085,8.164931478466827e-05,0.06224811636200085,0.0,0.0,True
z164,164,in_feedforward_loop,-0.01092131595017736,0.4898613415180129,0.01092131595017736,0.512,0.561645445641528,False
z165,165,in_feedforward_loop,-0.0683711755105655,1.5054725508323779e-05,0.0683711755105655,0.0,0.0,True
z167,167,in_feedforward_loop,-0.013625226288489677,0.38895962161849107,0.013625226288489677,0.691,0.7226143790849673,False
z168,168,in_feedforward_loop,-0.04478417712888196,0.004612260253441054,0.04478417712888196,0.004,0.0075803722504230115,True
z169,169,in_feedforward_loop,-0.06004616572282112,0.0001447574777137263,0.06004616572282112,0.0,0.0,True
z172,172,in_feedforward_loop,-0.0544298766284782,0.0005733352451225546,0.0544298766284782,0.0,0.0,True
z173,173,in_feedforward_loop,-0.05329098388844698,0.0007468942850105409,0.05329098388844698,0.0,0.0,True
z176,176,in_feedforward_loop,-0.008520492641860873,0.5900768806426484,0.008520492641860873,0.27,0.33049180327868855,False
z178,178,in_feedforward_loop,-0.05568804824062608,0.00042563804145923545,0.05568804824062608,0.0,0.0,True
z179,179,in_feedforward_loop,-0.08635619652586578,4.496315692184343e-08,0.08635619652586578,0.0,0.0,True
z180,180,in_feedforward_loop,-0.030273198352806893,0.05555814611234638,0.030273198352806893,0.059,0.08526451612903226,False
z181,181,in_feedforward_loop,-0.008520492641860876,0.5900768806426484,0.008520492641860876,0.638,0.6734778510838831,False
z182,182,in_feedforward_loop,-0.016851459782763763,0.28663957432153386,0.016851459782763763,0.525,0.572541382667965,False
z184,184,in_feedforward_loop,-0.016955057729066678,0.28368683621635954,0.016955057729066678,0.427,0.4845390070921986,False
z186,186,in_feedforward_loop,-0.008520492641860873,0.5900768806426484,0.008520492641860873,0.363,0.4239416058394161,False
z190,190,in_feedforward_loop,-0.0640931912017456,4.981069234528907e-05,0.0640931912017456,0.0,0.0,True
z191,191,in_feedforward_loop,-0.08604191249033857,5.031976033840721e-08,0.08604191249033857,0.0,0.0,True
z192,192,in_feedforward_loop,-0.08988356210033979,1.2374279458143222e-08,0.08988356210033979,0.0,0.0,True
z195,195,in_feedforward_loop,-0.044486104685649085,0.004891978607974019,0.044486104685649085,0.003,0.005863874345549739,True
z196,196,in_feedforward_loop,-0.08035240353568421,3.607675685986567e-07,0.08035240353568421,0.0,0.0,True
z197,197,in_feedforward_loop,-0.008520492641860876,0.5900768806426484,0.008520492641860876,0.767,0.7902851885924563,False
z198,198,in_feedforward_loop,-0.02265420884415259,0.15199677699116843,0.02265420884415259,0.191,0.24392246294184722,False
z199,199,in_feedforward_loop,-0.008520492641860873,0.5900768806426484,0.008520492641860873,0.918,0.929620253164557,False
z200,200,in_feedforward_loop,-0.05857316073792712,0.00021012956878286166,0.05857316073792712,0.0,0.0,True
z202,202,in_feedforward_loop,-0.07536567189167569,1.825493662767499e-06,0.07536567189167569,0.0,0.0,True
z204,204,in_feedforward_loop,-0.05874601128203965,0.00020122517902633802,0.05874601128203965,0.0,0.0,True
z205,205,in_feedforward_loop,-0.07732120315229925,9.779482313178291e-07,0.07732120315229925,0.0,0.0,True
z206,206,in_feedforward_loop,-0.05837790137792934,0.00022063283853741836,0.05837790137792934,0.0,0.0,True
z208,208,in_feedforward_loop,-0.06599969451379348,2.948114468266749e-05,0.06599969451379348,0.0,0.0,True
z209,209,in_feedforward_loop,-0.048726259719176955,0.002052096744932065,0.048726259719176955,0.002,0.004072727272727273,True
z210,210,in_feedforward_loop,-0.03080666166001503,0.051386517835394864,0.03080666166001503,0.041,0.06239130434782609,False
z212,212,in_feedforward_loop,-0.017745951514245926,0.2618241383692058,0.017745951514245926,0.221,0.27625,False
z213,213,in_feedforward_loop,-0.01871323567391829,0.23670507458200432,0.01871323567391829,0.365,0.4253902185223725,False
z215,215,in_feedforward_loop,-0.07033376115648249,8.490717732965827e-06,0.07033376115648249,0.0,0.0,True
z216,216,in_feedforward_loop,-0.0858914082333668,5.309904091999995e-08,0.0858914082333668,0.0,0.0,True
z218,218,in_feedforward_loop,-0.024552148459664788,0.12052759288092532,0.024552148459664788,0.104,0.14292024539877302,False
z220,220,in_feedforward_loop,-0.07607010178117303,1.4604555917948832e-06,0.07607010178117303,0.0,0.0,True
z221,221,in_feedforward_loop,-0.03799102695596003,0.01626652615354312,0.03799102695596003,0.013,0.02219512195121951,True
z226,226,in_feedforward_loop,-0.023925235147325617,0.13030294197248393,0.023925235147325617,0.132,0.1764200477326969,False
z227,227,in_feedforward_loop,-0.058629314048415704,0.00020719704599941042,0.058629314048415704,0.0,0.0,True
z228,228,in_feedforward_loop,-0.015496879831980045,0.3271546156848516,0.015496879831980045,0.193,0.24619589977220957,False
z230,230,in_feedforward_loop,-0.048167100543884414,0.0023100591179553774,0.048167100543884414,0.002,0.004072727272727273,True
z231,231,in_feedforward_loop,-0.04042004009880518,0.010569048461473019,0.04042004009880518,0.01,0.017391304347826087,True
z232,232,in_feedforward_loop,-0.05992184895579593,0.00014943074265623643,0.05992184895579593,0.001,0.0021538461538461538,True
z233,233,in_feedforward_loop,-0.08716663527437221,3.357524165505406e-08,0.08716663527437221,0.0,0.0,True
z237,237,in_feedforward_loop,-0.026757166389020367,0.09063724093244001,0.026757166389020367,0.089,0.12413449564134495,False
z238,238,in_feedforward_loop,-0.04146470822736638,0.008721897203804028,0.04146470822736638,0.007,0.01264516129032258,True
z240,240,in_feedforward_loop,-0.01203018087560902,0.44686903481727464,0.01203018087560902,0.958,0.9657605760576057,False
z241,241,in_feedforward_loop,-0.06485620987338131,4.0447774477665404e-05,0.06485620987338131,0.0,0.0,True
z242,242,in_feedforward_loop,-0.04514460605407544,0.004293407047508635,0.04514460605407544,0.003,0.005863874345549739,True
z243,243,in_feedforward_loop,-0.07313680839459163,3.6507649039523565e-06,0.07313680839459163,0.0,0.0,True
z247,247,in_feedforward_loop,-0.033537244346403546,0.03392051929103643,0.033537244346403546,0.034,0.05296244784422809,False
z251,251,in_feedforward_loop,-0.06203795188406261,8.63054775381779e-05,0.06203795188406261,0.0,0.0,True
z253,253,in_feedforward_loop,-0.07567874067613978,1.653572517236279e-06,0.07567874067613978,0.0,0.0,True
z254,254,in_feedforward_loop,-0.0787624867595062,6.114363345766336e-07,0.0787624867595062,0.0,0.0,True
z256,256,in_feedforward_loop,-0.012380108756889857,0.43376095188577385,0.012380108756889857,0.41,0.4685714285714285,False
z258,258,in_feedforward_loop,-0.028809006588562967,0.06847771778611764,0.028809006588562967,0.065,0.09285714285714286,False
z259,259,in_feedforward_loop,-0.024263126881153823,0.12496050792005163,0.024263126881153823,0.058,0.08425421530479897,False
z260,260,in_feedforward_loop,-0.05395105527847541,0.0006411438120033245,0.05395105527847541,0.001,0.0021538461538461538,True
z263,263,in_feedforward_loop,-0.02556956151258468,0.10589555711327889,0.02556956151258468,0.123,0.16557692307692307,False
z264,264,in_feedforward_loop,-0.05640116911216418,0.0003585527726919925,0.05640116911216418,0.001,0.0021538461538461538,True
z266,266,in_feedforward_loop,-0.096994055353167,7.895061676118697e-10,0.096994055353167,0.0,0.0,True
z267,267,in_feedforward_loop,-0.050339751167511576,0.0014485933077850674,0.050339751167511576,0.001,0.0021538461538461538,True
z269,269,in_feedforward_loop,-0.008520492641860873,0.5900768806426484,0.008520492641860873,0.363,0.4239416058394161,False
z272,272,in_feedforward_loop,-0.016168820715135993,0.3066137501728772,0.016168820715135993,0.483,0.5382686567164179,False
z277,277,in_feedforward_loop,-0.02049548451455531,0.19498263765301735,0.02049548451455531,0.326,0.388839190628328,False
z281,281,in_feedforward_loop,-0.07226193553796381,4.766772075316488e-06,0.07226193553796381,0.0,0.0,True
z283,283,in_feedforward_loop,-0.06661824176850324,2.4793060534483013e-05,0.06661824176850324,0.0,0.0,True
z291,291,in_feedforward_loop,-0.09825671475436937,4.741442616131745e-10,0.09825671475436937,0.0,0.0,True
z292,292,in_feedforward_loop,-0.014651440472374946,0.3542388910585186,0.014651440472374946,0.485,0.5383548067393459,False
z293,293,in_feedforward_loop,-0.05356471318063972,0.0007012136546510878,0.05356471318063972,0.0,0.0,True
z294,294,in_feedforward_loop,-0.008520492641860875,0.5900768806426484,0.008520492641860875,0.91,0.9223529411764706,False
z295,295,in_feedforward_loop,-0.072490447714126,4.44726400683548e-06,0.072490447714126,0.0,0.0,True
z296,296,in_feedforward_loop,-0.03367225136009949,0.033208087817323866,0.03367225136009949,0.031,0.048901408450704224,True
z297,297,in_feedforward_loop,-0.0315194315432908,0.04622465879812736,0.0315194315432908,0.034,0.05296244784422809,False
z298,298,in_feedforward_loop,-0.045388331102339176,0.004089263263933828,0.045388331102339176,0.003,0.005863874345549739,True
z299,299,in_feedforward_loop,-0.05257003843657978,0.0008807604287923418,0.05257003843657978,0.002,0.004072727272727273,True
z300,300,in_feedforward_loop,-0.045320065096248384,0.004145536161407085,0.045320065096248384,0.005,0.009271523178807948,True
z301,301,in_feedforward_loop,-0.038571019137487714,0.014703907809404296,0.038571019137487714,0.013,0.02219512195121951,True
z303,303,in_feedforward_loop,-0.09068015941943304,9.183219412552868e-09,0.09068015941943304,0.0,0.0,True
z304,304,in_feedforward_loop,-0.06223869958844458,8.185276068370726e-05,0.06223869958844458,0.0,0.0,True
z305,305,in_feedforward_loop,-0.016780129098657365,0.28868465257303205,0.016780129098657365,0.439,0.49677419354838714,False
z307,307,in_feedforward_loop,-0.021529721090835098,0.17339005557037157,0.021529721090835098,0.214,0.26900112233445567,False
z308,308,in_feedforward_loop,-0.033473338106547,0.03426228193086773,0.033473338106547,0.039,0.05967213114754098,False
z309,309,in_feedforward_loop,-0.03762873807585848,0.017315017025284866,0.03762873807585848,0.016,0.02686656671664168,True
z310,310,in_feedforward_loop,-0.008520492641860873,0.5900768806426484,0.008520492641860873,0.979,0.9825089605734767,False
z311,311,in_feedforward_loop,-0.04088586766049131,0.009706244160025204,0.04088586766049131,0.009,0.015874015748031496,True
z312,312,in_feedforward_loop,-0.021528791425289545,0.1734086281274185,0.021528791425289545,0.259,0.3184193194291987,False
z314,314,in_feedforward_loop,-0.0543389037228191,0.0005856812539205386,0.0543389037228191,0.0,0.0,True
z315,315,in_feedforward_loop,-0.028206304170074754,0.07446907305093062,0.028206304170074754,0.093,0.12891089108910891,False
z316,316,in_feedforward_loop,-0.06986387534721415,9.751888101868554e-06,0.06986387534721415,0.0,0.0,True
z317,317,in_feedforward_loop,-0.012187966609999545,0.4409307857328202,0.012187966609999545,0.343,0.4069491525423729,False
z319,319,in_feedforward_loop,-0.03737515968680769,0.01808370573386898,0.03737515968680769,0.013,0.02219512195121951,True
z320,320,in_feedforward_loop,-0.0671099755258692,2.158123714886448e-05,0.0671099755258692,0.0,0.0,True
z322,322,in_feedforward_loop,-0.017044234781304513,0.2811616668717539,0.017044234781304513,0.388,0.4484623323013416,False
z324,324,in_feedforward_loop,-0.018942208018615486,0.23101690989919013,0.018942208018615486,0.161,0.21065420560747666,False
z327,327,in_feedforward_loop,-0.016831044629400067,0.2872238831414333,0.016831044629400067,0.302,0.36369892473118276,False
z330,330,in_feedforward_loop,-0.028238057435811287,0.07414307456994372,0.028238057435811287,0.105,0.14376528117359413,False
z331,331,in_feedforward_loop,-0.07092107718446633,7.132527842919858e-06,0.07092107718446633,0.0,0.0,True
z336,336,in_feedforward_loop,-0.01690382931130033,0.28514436019402395,0.01690382931130033,0.519,0.5682111436950147,False
z343,343,in_feedforward_loop,-0.04429544147923028,0.00507885484209696,0.04429544147923028,0.004,0.0075803722504230115,True
z349,349,in_feedforward_loop,-0.09298584334780674,3.818463025525198e-09,0.09298584334780674,0.0,0.0,True
z350,350,in_feedforward_loop,-0.06120492479549049,0.00010734465146450099,0.06120492479549049,0.0,0.0,True
z352,352,in_feedforward_loop,-0.01904600169042036,0.22847068751324529,0.01904600169042036,0.103,0.14171990171990173,False
z353,353,in_feedforward_loop,-0.07872735812507434,6.185356833609606e-07,0.07872735812507434,0.0,0.0,True
z354,354,in_feedforward_loop,-0.06639581196415471,2.6390728881491485e-05,0.06639581196415471,0.0,0.0,True
z355,355,in_feedforward_loop,-0.014525552864806333,0.358389631042877,0.014525552864806333,0.157,0.2059016393442623,False
z356,356,in_feedforward_loop,-0.05942709485416085,0.0001694734019968991,0.05942709485416085,0.0,0.0,True
z358,358,in_feedforward_loop,-0.05513934907556941,0.00048504348056971206,0.05513934907556941,0.001,0.0021538461538461538,True
z363,363,in_feedforward_loop,-0.09969643733794961,2.6303349257706844e-10,0.09969643733794961,0.0,0.0,True
z366,366,in_feedforward_loop,-0.07288503299698103,3.94325010375233e-06,0.07288503299698103,0.0,0.0,True
z367,367,in_feedforward_loop,-0.008520492641860875,0.5900768806426484,0.008520492641860875,0.752,0.7791304347826087,False
z369,369,in_feedforward_loop,-0.0382063535567194,0.015670139154578263,0.0382063535567194,0.015,0.02537764350453172,True
z370,370,in_feedforward_loop,-0.07353063601084753,3.2345449090562166e-06,0.07353063601084753,0.0,0.0,True
z371,371,in_feedforward_loop,-0.03916767532197836,0.01323591986344241,0.03916767532197836,0.014,0.023793626707132018,True
z372,372,in_feedforward_loop,-0.07950686291749509,4.782092853035893e-07,0.07950686291749509,0.0,0.0,True
z374,374,in_feedforward_loop,-0.03098134928819321,0.05007878050043513,0.03098134928819321,0.04,0.06095238095238095,False
z375,375,in_feedforward_loop,-0.05710860755217839,0.00030187474831779,0.05710860755217839,0.0,0.0,True
z378,378,in_feedforward_loop,-0.029311690017267033,0.06378883341907624,0.029311690017267033,0.045,0.06746987951807229,False
z383,383,in_feedforward_loop,-0.02718695905608523,0.08557165958756013,0.02718695905608523,0.057,0.08290909090909092,False
z385,385,in_feedforward_loop,-0.06924634179605527,1.1683241156147296e-05,0.06924634179605527,0.0,0.0,True
z386,386,in_feedforward_loop,-0.036233151916063897,0.02192746765514631,0.036233151916063897,0.02,0.0328928046989721,True
z390,390,in_feedforward_loop,-0.0209106244574903,0.18608983331713233,0.0209106244574903,0.109,0.14869671132764922,False
z392,392,in_feedforward_loop,-0.014680347659184679,0.35329007196418233,0.014680347659184679,0.562,0.605813282001925,False
z393,393,in_feedforward_loop,-0.018511315314120196,0.24180273089256973,0.018511315314120196,0.263,0.32298245614035087,False
z395,395,in_feedforward_loop,-0.03791442386750184,0.016483450859672004,0.03791442386750184,0.014,0.023793626707132018,True
z397,397,in_feedforward_loop,-0.01704525662071821,0.2811328207596161,0.01704525662071821,0.381,0.44128231644260596,False
z398,398,in_feedforward_loop,-0.10276029186723694,7.300449727120186e-11,0.10276029186723694,0.0,0.0,True
z400,400,in_feedforward_loop,-0.015369338740500631,0.3311520871076783,0.015369338740500631,0.376,0.4363937823834197,False
z401,401,in_feedforward_loop,-0.008520492641860873,0.5900768806426484,0.008520492641860873,0.602,0.6433587786259541,False
z402,402,in_feedforward_loop,-0.0532404659186675,0.0007556210685661654,0.0532404659186675,0.0,0.0,True
z405,405,in_feedforward_loop,-0.05865705560402559,0.00020576250693163224,0.05865705560402559,0.0,0.0,True
z407,407,in_feedforward_loop,-0.05899132832862111,0.0001891944182142655,0.05899132832862111,0.0,0.0,True
z408,408,in_feedforward_loop,-0.047100846079241455,0.0028858571914763065,0.047100846079241455,0.002,0.004072727272727273,True
z409,409,in_feedforward_loop,-0.033995164108582464,0.03155581841808104,0.033995164108582464,0.029,0.04600566572237961,True
z412,412,in_feedforward_loop,-0.06895704708855717,1.2708793976427239e-05,0.06895704708855717,0.0,0.0,True
z413,413,in_feedforward_loop,-0.01213012859304458,0.44310224763605655,0.01213012859304458,0.502,0.5522986247544205,False
z418,418,in_feedforward_loop,-0.05992489145217084,0.00014931469468954666,0.05992489145217084,0.0,0.0,True
z419,419,in_feedforward_loop,-0.008520492641860873,0.5900768806426484,0.008520492641860873,0.363,0.4239416058394161,False
z420,420,in_feedforward_loop,-0.05690349725980504,0.000317378774147757,0.05690349725980504,0.0,0.0,True
z421,421,in_feedforward_loop,-0.06433244884207992,4.667373520028471e-05,0.06433244884207992,0.0,0.0,True
z422,422,in_feedforward_loop,-0.07634886377648198,1.3363240889443438e-06,0.07634886377648198,0.0,0.0,True
z423,423,in_feedforward_loop,-0.01415232116808023,0.37087452701555884,0.01415232116808023,0.154,0.20244131455399061,False
z425,425,in_feedforward_loop,-0.07829855085148071,7.118580042648743e-07,0.07829855085148071,0.0,0.0,True
z428,428,in_feedforward_loop,-0.03368051964798953,0.03316487518683178,0.03368051964798953,0.031,0.048901408450704224,True
z432,432,in_feedforward_loop,-0.014739645973738561,0.3513487593066644,0.014739645973738561,0.485,0.5383548067393459,False
z433,433,in_feedforward_loop,-0.07474885637918025,2.2157795982742493e-06,0.07474885637918025,0.0,0.0,True
z434,434,in_feedforward_loop,-0.02547821849842106,0.10714879495379909,0.02547821849842106,0.06,0.0865979381443299,False
z436,436,in_feedforward_loop,-0.01446554106382549,0.3603790469657728,0.01446554106382549,0.558,0.6020809248554914,False
z437,437,in_feedforward_loop,-0.05505366282241284,0.0004949900111316648,0.05505366282241284,0.001,0.0021538461538461538,True
z440,440,in_feedforward_loop,-0.059962632008419406,0.00014788221475545187,0.059962632008419406,0.0,0.0,True
z441,441,in_feedforward_loop,-0.008520492641860873,0.5900768806426484,0.008520492641860873,0.63,0.6662889518413598,False
z442,442,in_feedforward_loop,-0.03572335163277189,0.023861118667151456,0.03572335163277189,0.019,0.031294117647058826,True
z443,443,in_feedforward_loop,-0.014034350459444542,0.37487621023186335,0.014034350459444542,0.568,0.6111047070124879,False
z444,444,in_feedforward_loop,-0.08329094810375845,1.325364545432831e-07,0.08329094810375845,0.0,0.0,True
z445,445,in_feedforward_loop,-0.06093713808309449,0.00011507740707688618,0.06093713808309449,0.0,0.0,True
z447,447,in_feedforward_loop,-0.0865122749454166,4.2512628794910694e-08,0.0865122749454166,0.0,0.0,True
z449,449,in_feedforward_loop,-0.09863112440157393,4.0710925149940716e-10,0.09863112440157393,0.0,0.0,True
z452,452,in_feedforward_loop,-0.04633605094220577,0.003376470442147871,0.04633605094220577,0.003,0.005863874345549739,True
z454,454,in_feedforward_loop,-0.008520492641860875,0.5900768806426484,0.008520492641860875,0.82,0.8341507720254314,False
z457,457,in_feedforward_loop,-0.043154307226612676,0.00633849451936913,0.043154307226612676,0.004,0.0075803722504230115,True
z460,460,in_feedforward_loop,-0.06628463153782155,2.7225544029230178e-05,0.06628463153782155,0.0,0.0,True
z463,463,in_feedforward_loop,-0.051942420938337966,0.0010150604833911432,0.051942420938337966,0.001,0.0021538461538461538,True
z464,464,in_feedforward_loop,-0.057161887970607145,0.00029796496417184074,0.057161887970607145,0.0,0.0,True
z465,465,in_feedforward_loop,-0.10777631631343695,8.248903050192861e-12,0.10777631631343695,0.0,0.0,True
z466,466,in_feedforward_loop,-0.0717614776908156,5.545040952583652e-06,0.0717614776908156,0.0,0.0,True
z467,467,in_feedforward_loop,-0.06364973830228858,5.616019791717371e-05,0.06364973830228858,0.0,0.0,True
z468,468,in_feedforward_loop,-0.06016074589339557,0.00014057237516857887,0.06016074589339557,0.0,0.0,True
z469,469,in_feedforward_loop,-0.014751559573982278,0.3509595475635325,0.014751559573982278,0.491,0.5428627838104639,False
z473,473,in_feedforward_loop,-0.08338832096255853,1.2813580507246553e-07,0.08338832096255853,0.0,0.0,True
z474,474,in_feedforward_loop,-0.05447003874558513,0.0005679622625182735,0.05447003874558513,0.0,0.0,True
z476,476,in_feedforward_loop,-0.021905177908311375,0.16601018867591538,0.021905177908311375,0.135,0.1795724465558195,False
z477,477,in_feedforward_loop,-0.07139876519828908,6.1836045034136345e-06,0.07139876519828908,0.0,0.0,True
z478,478,in_feedforward_loop,-0.06831294393111778,1.5309230363628145e-05,0.06831294393111778,0.0,0.0,True
z481,481,in_feedforward_loop,-0.014688559632535857,0.35302082404794216,0.014688559632535857,0.457,0.51184,False
z482,482,in_feedforward_loop,-0.011977008630564934,0.44888036603819387,0.011977008630564934,0.782,0.8035229357798166,False
z484,484,in_feedforward_loop,-0.03057902144897697,0.05313343352570653,0.03057902144897697,0.038,0.058301369863013694,False
z487,487,in_feedforward_loop,-0.01467340953176225,0.3535176551254453,0.01467340953176225,0.551,0.5956756756756757,False
z492,492,in_feedforward_loop,-0.03149018255182638,0.04642754818409995,0.03149018255182638,0.05,0.07397622192866579,False
z495,495,in_feedforward_loop,-0.06276990570431798,7.109408068185353e-05,0.06276990570431798,0.0,0.0,True
z496,496,in_feedforward_loop,-0.07815279831724703,7.465613237217239e-07,0.07815279831724703,0.0,0.0,True
z498,498,in_feedforward_loop,-0.05135815221099517,0.0011568781942758576,0.05135815221099517,0.001,0.0021538461538461538,True
z500,500,in_feedforward_loop,-0.008520492641860871,0.5900768806426484,0.008520492641860871,0.633,0.6688301886792453,False
z501,501,in_feedforward_loop,-0.026027059527631402,0.09979256741965901,0.026027059527631402,0.136,0.18068801897983394,False
z502,502,in_feedforward_loop,-0.018463630363221073,0.24301776862026261,0.018463630363221073,0.19,0.2432,False
z504,504,in_feedforward_loop,-0.03459128844971179,0.028690290070196356,0.03459128844971179,0.032,0.05026647966339411,False
z507,507,in_feedforward_loop,-0.05929311073453826,0.00017532112553305767,0.05929311073453826,0.0,0.0,True
z508,508,in_feedforward_loop,-0.014633289606020622,0.35483547760451717,0.014633289606020622,0.421,0.4791869918699187,False
z509,509,in_feedforward_loop,-0.06227129394467356,8.1150604955139e-05,0.06227129394467356,0.0,0.0,True
z510,510,in_feedforward_loop,-0.029960837493243603,0.05812913230598843,0.029960837493243603,0.082,0.11566750629722922,False
z4,4,in_feedback_loop,-0.009129850594412951,0.5637678759161815,0.009129850594412951,0.604,0.6442666666666667,False
z5,5,in_feedback_loop,0.18627318409497534,1.4787364974838228e-32,0.18627318409497534,0.0,0.0,True
z7,7,in_feedback_loop,0.027389551783238836,0.08326450701522388,0.027389551783238836,0.167,0.21774155995343422,False
z9,9,in_feedback_loop,0.08139880796187152,2.535505204201641e-07,0.08139880796187152,0.0,0.0,True
z10,10,in_feedback_loop,0.018788791891175296,0.2348172567134093,0.018788791891175296,0.226,0.2821850613154961,False
z13,13,in_feedback_loop,0.17663243062133893,2.1553655948151472e-29,0.17663243062133893,0.0,0.0,True
z14,14,in_feedback_loop,0.14628106252584513,1.4204696239305084e-20,0.14628106252584513,0.0,0.0,True
z15,15,in_feedback_loop,0.20073589538158632,1.2282473754964662e-37,0.20073589538158632,0.0,0.0,True
z16,16,in_feedback_loop,0.0543882762847558,0.0005789504929504458,0.0543882762847558,0.002,0.004072727272727273,True
z17,17,in_feedback_loop,0.08995994014105443,1.2026761699123841e-08,0.08995994014105443,0.0,0.0,True
z18,18,in_feedback_loop,0.266337403702572,6.276669618817496e-66,0.266337403702572,0.0,0.0,True
z19,19,in_feedback_loop,0.16958244400793668,3.430965263138779e-27,0.16958244400793668,0.0,0.0,True
z20,20,in_feedback_loop,0.1754859538921677,4.988688181256734e-29,0.1754859538921677,0.0,0.0,True
z22,22,in_feedback_loop,-0.015715400186106253,0.3203787362285328,0.015715400186106253,0.553,0.597261330761813,False
z27,27,in_feedback_loop,0.11816640653106997,6.50741849194664e-14,0.11816640653106997,0.0,0.0,True
z29,29,in_feedback_loop,0.17549719085728582,4.947960178084737e-29,0.17549719085728582,0.0,0.0,True
z30,30,in_feedback_loop,-0.009129850594412953,0.5637678759161815,0.009129850594412953,0.493,0.544,False
z31,31,in_feedback_loop,0.1568549420514206,1.8815657864718664e-23,0.1568549420514206,0.0,0.0,True
z32,32,in_feedback_loop,0.038735880379237926,0.014284591682216057,0.038735880379237926,0.052,0.07633027522935779,False
z33,33,in_feedback_loop,-0.024106507394725477,0.12741521494442656,0.024106507394725477,0.199,0.2529852440408627,False
z36,36,in_feedback_loop,0.0774937663614383,9.248740710712113e-07,0.0774937663614383,0.0,0.0,True
z37,37,in_feedback_loop,-0.025288432000738967,0.10979022937957582,0.025288432000738967,0.096,0.13290482076637825,False
z41,41,in_feedback_loop,0.25308783816737374,1.686510051589494e-59,0.25308783816737374,0.0,0.0,True
z43,43,in_feedback_loop,0.04704995902384287,0.0029163613972366664,0.04704995902384287,0.003,0.005863874345549739,True
z44,44,in_feedback_loop,0.0538958995345944,0.0006494164786891963,0.0538958995345944,0.002,0.004072727272727273,True
z47,47,in_feedback_loop,0.20456495842727174,4.744195216140071e-39,0.20456495842727174,0.0,0.0,True
z48,48,in_feedback_loop,0.03905575039908413,0.013500998642216796,0.03905575039908413,0.013,0.02219512195121951,True
z49,49,in_feedback_loop,-0.011680547848563495,0.4601881843205897,0.011680547848563495,0.773,0.7957352941176471,False
z51,51,in_feedback_loop,0.14790465366300756,5.2955328450500625e-21,0.14790465366300756,0.0,0.0,True
z53,53,in_feedback_loop,-0.0009323729722399404,0.9529919115633622,0.0009323729722399404,0.962,0.9689208633093525,False
z54,54,in_feedback_loop,0.03873439012333445,0.014288334343420576,0.03873439012333445,0.05,0.07397622192866579,False
z56,56,in_feedback_loop,0.20423145364168332,6.315151982799769e-39,0.20423145364168332,0.0,0.0,True
z58,58,in_feedback_loop,0.2139259522317323,1.2593493309133596e-42,0.2139259522317323,0.0,0.0,True
z60,60,in_feedback_loop,0.21481174804647063,5.659617095425807e-43,0.21481174804647063,0.0,0.0,True
z65,65,in_feedback_loop,0.24838498916563748,2.6293734601000814e-57,0.24838498916563748,0.0,0.0,True
z66,66,in_feedback_loop,0.1962715305229946,5.020707918051363e-36,0.1962715305229946,0.0,0.0,True
z67,67,in_feedback_loop,0.228876731675798,1.0643232514505942e-48,0.228876731675798,0.0,0.0,True
z70,70,in_feedback_loop,0.15788516882816067,9.617895916361063e-24,0.15788516882816067,0.0,0.0,True
z71,71,in_feedback_loop,0.18969845800514612,1.0071886211433962e-33,0.18969845800514612,0.0,0.0,True
z75,75,in_feedback_loop,0.1986438485690608,7.067546503269831e-37,0.1986438485690608,0.0,0.0,True
z76,76,in_feedback_loop,0.15417710792006745,1.0540284279719668e-22,0.15417710792006745,0.0,0.0,True
z77,77,in_feedback_loop,0.22241894329754813,5.073161584110617e-46,0.22241894329754813,0.0,0.0,True
z81,81,in_feedback_loop,0.19470639170010207,1.805349792195528e-35,0.19470639170010207,0.0,0.0,True
z82,82,in_feedback_loop,-0.01498910155955021,0.3432562474465916,0.01498910155955021,0.58,0.6228187919463086,False
z85,85,in_feedback_loop,0.05941467130676347,0.0001700078130845971,0.05941467130676347,0.0,0.0,True
z86,86,in_feedback_loop,0.21015811706549525,3.63328348618175e-41,0.21015811706549525,0.0,0.0,True
z88,88,in_feedback_loop,0.07505783657855764,2.0112052491470053e-06,0.07505783657855764,0.0,0.0,True
z90,90,in_feedback_loop,0.044274733539020825,0.00509953501877876,0.044274733539020825,0.003,0.005863874345549739,True
z91,91,in_feedback_loop,0.29077507606573577,8.785219909658133e-79,0.29077507606573577,0.0,0.0,True
z93,93,in_feedback_loop,-0.01979117304340574,0.21077580195855342,0.01979117304340574,0.305,0.36613076098606645,False
z95,95,in_feedback_loop,0.16382379224630317,1.8393013567165705e-25,0.16382379224630317,0.0,0.0,True
z99,99,in_feedback_loop,-0.016083780981054716,0.30916509762351,0.016083780981054716,0.297,0.3592224622030238,False
z100,100,in_feedback_loop,0.07352906305287536,3.2361130042050586e-06,0.07352906305287536,0.0,0.0,True
z101,101,in_feedback_loop,0.2655017428840253,1.637890910138632e-65,0.2655017428840253,0.0,0.0,True
z105,105,in_feedback_loop,0.0771909594569668,1.0199348892133864e-06,0.0771909594569668,0.0,0.0,True
z108,108,in_feedback_loop,0.08732388160844523,3.171596052176025e-08,0.08732388160844523,0.0,0.0,True
z109,109,in_feedback_loop,0.2216832809446812,1.0116910330895577e-45,0.2216832809446812,0.0,0.0,True
z110,110,in_feedback_loop,0.1939697495681363,3.2847966454819334e-35,0.1939697495681363,0.0,0.0,True
z111,111,in_feedback_loop,0.12742563711196359,5.986989631521452e-16,0.12742563711196359,0.0,0.0,True
z112,112,in_feedback_loop,0.2261310658648626,1.4998679038751984e-47,0.2261310658648626,0.0,0.0,True
z113,113,in_feedback_loop,0.21504000641603005,4.6028241831186294e-43,0.21504000641603005,0.0,0.0,True
z115,115,in_feedback_loop,0.20638268375784186,9.891793005622468e-40,0.20638268375784186,0.0,0.0,True
z116,116,in_feedback_loop,0.13423069973460966,1.5221854896822943e-17,0.13423069973460966,0.0,0.0,True
z118,118,in_feedback_loop,-0.011555676594290935,0.4649983827343565,0.011555676594290935,0.761,0.7869990766389658,False
z120,120,in_feedback_loop,-0.02575779005787092,0.10334970015111516,0.02575779005787092,0.16,0.20959064327485383,False
z123,123,in_feedback_loop,0.1276420380744439,5.342948281127393e-16,0.1276420380744439,0.0,0.0,True
z128,128,in_feedback_loop,0.06856604035530867,1.4232062125398283e-05,0.06856604035530867,0.0,0.0,True
z129,129,in_feedback_loop,0.19595018318635365,6.535306178565376e-36,0.19595018318635365,0.0,0.0,True
z130,130,in_feedback_loop,0.06913188790496816,1.2079167459005586e-05,0.06913188790496816,0.001,0.0021538461538461538,True
z132,132,in_feedback_loop,0.2000025393492729,2.273340730402926e-37,0.2000025393492729,0.0,0.0,True
z134,134,in_feedback_loop,0.06712913813334814,2.1464462948092554e-05,0.06712913813334814,0.001,0.0021538461538461538,True
z135,135,in_feedback_loop,0.08353367975895587,1.2182835147921858e-07,0.08353367975895587,0.0,0.0,True
z136,136,in_feedback_loop,0.13824247374772036,1.5961386555768014e-18,0.13824247374772036,0.0,0.0,True
z137,137,in_feedback_loop,0.13132738520898102,7.465723692328202e-17,0.13132738520898102,0.0,0.0,True
z138,138,in_feedback_loop,0.08860497631180628,1.98662611794412e-08,0.08860497631180628,0.0,0.0,True
z140,140,in_feedback_loop,0.16690121926534324,2.2298546063574253e-26,0.16690121926534324,0.0,0.0,True
z141,141,in_feedback_loop,0.0735188384536796,3.2463237749061603e-06,0.0735188384536796,0.0,0.0,True
z142,142,in_feedback_loop,-0.014298344329738106,0.3659581406247942,0.014298344329738106,0.298,0.3596551724137931,False
z144,144,in_feedback_loop,-0.01277048780768117,0.41940320746782506,0.01277048780768117,0.394,0.4525948717948718,False
z145,145,in_feedback_loop,0.2722943783063077,6.091728128334235e-69,0.2722943783063077,0.0,0.0,True
z147,147,in_feedback_loop,-0.009129850594412951,0.5637678759161815,0.009129850594412951,0.968,0.973213644524237,False
z148,148,in_feedback_loop,-0.013459264755442615,0.3947631655581557,0.013459264755442615,0.427,0.4845390070921986,False
z151,151,in_feedback_loop,0.23673279573137573,4.517833863928852e-52,0.23673279573137573,0.0,0.0,True
z152,152,in_feedback_loop,0.13110587457426703,8.416599510346984e-17,0.13110587457426703,0.0,0.0,True
z153,153,in_feedback_loop,0.13878864090261722,1.1680843833193597e-18,0.13878864090261722,0.0,0.0,True
z154,154,in_feedback_loop,0.16285641700210035,3.540427151021538e-25,0.16285641700210035,0.0,0.0,True
z156,156,in_feedback_loop,0.2547564595135745,2.740180587491907e-60,0.2547564595135745,0.0,0.0,True
z158,158,in_feedback_loop,0.06838781946399275,1.4982726310536384e-05,0.06838781946399275,0.0,0.0,True
z160,160,in_feedback_loop,0.028454522929988346,0.07195165097302324,0.028454522929988346,0.077,0.10888888888888888,False
z162,162,in_feedback_loop,0.19239848785068325,1.1680768550564288e-34,0.19239848785068325,0.0,0.0,True
z164,164,in_feedback_loop,-0.011702372985996932,0.4593503189296435,0.011702372985996932,0.711,0.7407627906976744,False
z165,165,in_feedback_loop,0.20833106152938924,1.8123303115795079e-40,0.20833106152938924,0.0,0.0,True
z167,167,in_feedback_loop,-0.01459965820729941,0.3559425563038337,0.01459965820729941,0.452,0.5077632898696088,False
z168,168,in_feedback_loop,0.13735854062162883,2.6386081329392064e-18,0.13735854062162883,0.0,0.0,True
z169,169,in_feedback_loop,0.18235951206295237,2.9890066246858533e-31,0.18235951206295237,0.0,0.0,True
z172,172,in_feedback_loop,0.15278625704717375,2.548594260592876e-22,0.15278625704717375,0.0,0.0,True
z173,173,in_feedback_loop,0.15991575598577318,2.5286146173713184e-24,0.15991575598577318,0.0,0.0,True
z176,176,in_feedback_loop,-0.009129850594412953,0.5637678759161815,0.009129850594412953,0.44,0.49677419354838714,False
z178,178,in_feedback_loop,0.17380235101643765,1.6931607803220736e-28,0.17380235101643765,0.0,0.0,True
z179,179,in_feedback_loop,0.23590309466076187,1.0399743414412397e-51,0.23590309466076187,0.0,0.0,True
z180,180,in_feedback_loop,0.09731471744424561,6.940355189397713e-10,0.09731471744424561,0.0,0.0,True
z181,181,in_feedback_loop,0.027389551783238836,0.08326450701522388,0.027389551783238836,0.125,0.16786570743405274,False
z182,182,in_feedback_loop,0.0541698643192973,0.000609281145996069,0.0541698643192973,0.001,0.0021538461538461538,True
z184,184,in_feedback_loop,0.054502885123864434,0.0005636028795267688,0.054502885123864434,0.002,0.004072727272727273,True
z186,186,in_feedback_loop,-0.009129850594412953,0.5637678759161815,0.009129850594412953,0.44,0.49677419354838714,False
z190,190,in_feedback_loop,0.1641679745256887,1.4556062656250896e-25,0.1641679745256887,0.0,0.0,True
z191,191,in_feedback_loop,0.25794719612481753,8.171412394628418e-62,0.25794719612481753,0.0,0.0,True
z192,192,in_feedback_loop,0.2794639620301784,1.1382552140164917e-72,0.2794639620301784,0.0,0.0,True
z195,195,in_feedback_loop,0.13467115414017944,1.1922447675001371e-17,0.13467115414017944,0.0,0.0,True
z196,196,in_feedback_loop,0.24707124006610534,1.0572311503815467e-56,0.24707124006610534,0.0,0.0,True
z197,197,in_feedback_loop,-0.009129850594412948,0.5637678759161815,0.009129850594412948,0.89,0.9037171350861287,False
z198,198,in_feedback_loop,0.03136875034939997,0.04727790979699628,0.03136875034939997,0.033,0.05154811715481172,False
z199,199,in_feedback_loop,0.02738955178323883,0.08326450701522388,0.02738955178323883,0.235,0.29082872928176795,False
z200,200,in_feedback_loop,0.17871581657091404,4.622061948192509e-30,0.17871581657091404,0.0,0.0,True
z202,202,in_feedback_loop,0.21570055650845568,2.527430473848324e-43,0.21570055650845568,0.0,0.0,True
z204,204,in_feedback_loop,0.1821859873204556,3.4098792477955467e-31,0.1821859873204556,0.0,0.0,True
z205,205,in_feedback_loop,0.23587275783347073,1.0720999788432198e-51,0.23587275783347073,0.0,0.0,True
z206,206,in_feedback_loop,0.1628297751339799,3.6046533972288917e-25,0.1628297751339799,0.0,0.0,True
z208,208,in_feedback_loop,0.2000677822362596,2.1523838611900663e-37,0.2000677822362596,0.0,0.0,True
z209,209,in_feedback_loop,0.15085698823147986,8.556152748086196e-22,0.15085698823147986,0.0,0.0,True
z210,210,in_feedback_loop,0.09740942223625174,6.68060751163068e-10,0.09740942223625174,0.0,0.0,True
z212,212,in_feedback_loop,-0.005198388845832798,0.7424017744215935,0.005198388845832798,0.764,0.7889502762430939,False
z213,213,in_feedback_loop,-0.02005154549415807,0.20483288225343863,0.02005154549415807,0.301,0.3628848223896663,False
z215,215,in_feedback_loop,0.2065794089921019,8.34057812579289e-40,0.2065794089921019,0.0,0.0,True
z216,216,in_feedback_loop,0.2626346238574024,4.286435859867603e-64,0.2626346238574024,0.0,0.0,True
z218,218,in_feedback_loop,0.07892411505901942,5.79771186213368e-07,0.07892411505901942,0.0,0.0,True
z220,220,in_feedback_loop,0.23327447274667967,1.4285261115544144e-50,0.23327447274667967,0.0,0.0,True
z221,221,in_feedback_loop,0.11722525822703957,1.0275369164624136e-13,0.11722525822703957,0.0,0.0,True
z226,226,in_feedback_loop,0.07690887071181404,1.1168996842682166e-06,0.07690887071181404,0.001,0.0021538461538461538,True
z227,227,in_feedback_loop,0.1794728274903945,2.6292048204070565e-30,0.1794728274903945,0.0,0.0,True
z228,228,in_feedback_loop,-0.01660516633163229,0.29374244494126484,0.01660516633163229,0.174,0.22581691772885282,False
z230,230,in_feedback_loop,0.1494515206951525,2.047084106566e-21,0.1494515206951525,0.0,0.0,True
z231,231,in_feedback_loop,0.1299322501527361,1.5831156987728373e-16,0.1299322501527361,0.0,0.0,True
z232,232,in_feedback_loop,0.169116317838112,4.761016170990984e-27,0.169116317838112,0.0,0.0,True
z233,233,in_feedback_loop,0.26891972897181815,3.169682399110851e-67,0.26891972897181815,0.0,0.0,True
z237,237,in_feedback_loop,0.08601225600316377,5.085601705494861e-08,0.08601225600316377,0.0,0.0,True
z238,238,in_feedback_loop,0.12250486796699403,7.558714975169129e-15,0.12250486796699403,0.0,0.0,True
z240,240,in_feedback_loop,0.038671620985316596,0.014446761430798092,0.038671620985316596,0.053,0.07769633507853403,False
z241,241,in_feedback_loop,0.20848354590018406,1.585768683396649e-40,0.20848354590018406,0.0,0.0,True
z242,242,in_feedback_loop,0.13960126272175694,7.32353957581833e-19,0.13960126272175694,0.0,0.0,True
z243,243,in_feedback_loop,0.20777917532029822,2.936058681341255e-40,0.20777917532029822,0.0,0.0,True
z247,247,in_feedback_loop,0.10780715732093377,8.136483376122632e-12,0.10780715732093377,0.0,0.0,True
z251,251,in_feedback_loop,0.18791509449577343,4.1058577395181787e-33,0.18791509449577343,0.0,0.0,True
z253,253,in_feedback_loop,0.223918306602701,1.2329595996620529e-46,0.223918306602701,0.0,0.0,True
z254,254,in_feedback_loop,0.23127383092308473,1.0267574970169924e-49,0.23127383092308473,0.0,0.0,True
z256,256,in_feedback_loop,-0.011684548686207205,0.4600345285095323,0.011684548686207205,0.832,0.845589836660617,False
z258,258,in_feedback_loop,0.08932252791797518,1.52434299400641e-08,0.08932252791797518,0.0,0.0,True
z259,259,in_feedback_loop,0.06469100912869227,4.232101486689863e-05,0.06469100912869227,0.0,0.0,True
z260,260,in_feedback_loop,0.1684120376731304,7.796588245367585e-27,0.1684120376731304,0.0,0.0,True
z263,263,in_feedback_loop,0.08219464044636444,1.9333892842005845e-07,0.08219464044636444,0.0,0.0,True
z264,264,in_feedback_loop,0.16156549567017214,8.430639573762297e-25,0.16156549567017214,0.0,0.0,True
z266,266,in_feedback_loop,0.2864170487072328,2.1501310403943606e-76,0.2864170487072328,0.0,0.0,True
z267,267,in_feedback_loop,0.15910454710233088,4.321028507681255e-24,0.15910454710233088,0.0,0.0,True
z269,269,in_feedback_loop,-0.009129850594412953,0.5637678759161815,0.009129850594412953,0.604,0.6442666666666667,False
z272,272,in_feedback_loop,-0.017325162243764423,0.27330674586606274,0.017325162243764423,0.391,0.45053497942386833,False
z277,277,in_feedback_loop,0.06588376494523687,3.0448750980881384e-05,0.06588376494523687,0.001,0.0021538461538461538,True
z281,281,in_feedback_loop,0.21798976760126182,3.1167408216087495e-44,0.21798976760126182,0.0,0.0,True
z283,283,in_feedback_loop,0.2032747020907153,1.4306650895044804e-38,0.2032747020907153,0.0,0.0,True
z291,291,in_feedback_loop,0.28917226188489065,6.71763086486805e-78,0.28917226188489065,0.0,0.0,True
z292,292,in_feedback_loop,-0.015699263895673513,0.3208759319395797,0.015699263895673513,0.392,0.4507597535934292,False
z293,293,in_feedback_loop,0.16341411085321206,2.4283432574595026e-25,0.16341411085321206,0.0,0.0,True
z294,294,in_feedback_loop,0.027389551783238833,0.08326450701522388,0.027389551783238833,0.153,0.2016,False
z295,295,in_feedback_loop,0.21888620800173061,1.3642763450031088e-44,0.21888620800173061,0.0,0.0,True
z296,296,in_feedback_loop,0.10824114415105651,6.704999262240756e-12,0.10824114415105651,0.0,0.0,True
z297,297,in_feedback_loop,0.10132079666284056,1.3394814471502702e-10,0.10132079666284056,0.0,0.0,True
z298,298,in_feedback_loop,0.13681269472687657,3.593131916214076e-18,0.13681269472687657,0.0,0.0,True
z299,299,in_feedback_loop,0.1645313714556999,1.1363765474196278e-25,0.1645313714556999,0.0,0.0,True
z300,300,in_feedback_loop,0.12792595299081777,4.600499453468471e-16,0.12792595299081777,0.0,0.0,True
z301,301,in_feedback_loop,0.12276469381610416,6.628056609122322e-15,0.12276469381610416,0.0,0.0,True
z303,303,in_feedback_loop,0.27804181087665614,6.379044520881018e-72,0.27804181087665614,0.0,0.0,True
z304,304,in_feedback_loop,0.18889208344458788,1.904675822012638e-33,0.18889208344458788,0.0,0.0,True
z305,305,in_feedback_loop,-0.017980189416869675,0.2555786255882005,0.017980189416869675,0.436,0.494251012145749,False
z307,307,in_feedback_loop,0.06920837039386599,1.1813201204753876e-05,0.06920837039386599,0.0,0.0,True
z308,308,in_feedback_loop,0.10528848480840183,2.463765554672663e-11,0.10528848480840183,0.0,0.0,True
z309,309,in_feedback_loop,0.1209594695268191,1.6418947957843776e-14,0.1209594695268191,0.0,0.0,True
z310,310,in_feedback_loop,0.027389551783238826,0.08326450701522388,0.027389551783238826,0.235,0.29082872928176795,False
z311,311,in_feedback_loop,0.1264840563983656,9.801486826554241e-16,0.1264840563983656,0.0,0.0,True
z312,312,in_feedback_loop,0.06920538193725073,1.1823487766200285e-05,0.06920538193725073,0.0,0.0,True
z314,314,in_feedback_loop,0.16071151840616954,1.4908032160402393e-24,0.16071151840616954,0.0,0.0,True
z315,315,in_feedback_loop,0.09067058222484664,9.21634507885042e-09,0.09067058222484664,0.0,0.0,True
z316,316,in_feedback_loop,0.19286595002300932,8.017782121676605e-35,0.19286595002300932,0.0,0.0,True
z317,317,in_feedback_loop,-0.013059610385942081,0.4089519687656161,0.013059610385942081,0.655,0.6881801125703565,False
z319,319,in_feedback_loop,0.12014432905197209,2.4622160746905088e-14,0.12014432905197209,0.0,0.0,True
z320,320,in_feedback_loop,0.19603827828423473,6.079897109069082e-36,0.19603827828423473,0.0,0.0,True
z322,322,in_feedback_loop,-0.018263183079918865,0.24817216798535527,0.018263183079918865,0.196,0.2497383390216155,False
z324,324,in_feedback_loop,0.040949364631579666,0.009593630913939886,0.040949364631579666,0.017,0.028291233283803868,True
z327,327,in_feedback_loop,0.05410423878287342,0.0006186793302895405,0.05410423878287342,0.0,0.0,True
z330,330,in_feedback_loop,-0.030257551564424917,0.055684640012870414,0.030257551564424917,0.065,0.09285714285714286,False
z331,331,in_feedback_loop,0.2144849964826125,7.605048645385661e-43,0.2144849964826125,0.0,0.0,True
z336,336,in_feedback_loop,-0.01811273626684626,0.252090730701315,0.01811273626684626,0.457,0.51184,False
z343,343,in_feedback_loop,0.1423899226432327,1.4447380673715905e-19,0.1423899226432327,0.0,0.0,True
z349,349,in_feedback_loop,0.28787054253139555,3.4712896343102606e-77,0.28787054253139555,0.0,0.0,True
z350,350,in_feedback_loop,0.187441986882865,5.946794640119678e-33,0.187441986882865,0.0,0.0,True
z352,352,in_feedback_loop,-0.020408109855077267,0.19689336018363293,0.020408109855077267,0.105,0.14376528117359413,False
z353,353,in_feedback_loop,0.23255711755049974,2.9037767256756726e-50,0.23255711755049974,0.0,0.0,True
z354,354,in_feedback_loop,0.18963426152530677,1.0597071784641166e-33,0.18963426152530677,0.0,0.0,True
z355,355,in_feedback_loop,-0.015564373215392547,0.3250519231391728,0.015564373215392547,0.582,0.6231739961759082,False
z356,356,in_feedback_loop,0.178141699368238,7.078263721875957e-30,0.178141699368238,0.0,0.0,True
z358,358,in_feedback_loop,0.1614055568878991,9.382716227940023e-25,0.1614055568878991,0.0,0.0,True
z363,363,in_feedback_loop,0.3066854910805914,7.225578193624394e-88,0.3066854910805914,0.0,0.0,True
z366,366,in_feedback_loop,0.21410869869859125,1.0680975765912665e-42,0.21410869869859125,0.0,0.0,True
z367,367,in_feedback_loop,-0.009129850594412948,0.5637678759161815,0.009129850594412948,0.904,0.9171014492753623,False
z369,369,in_feedback_loop,0.11613571068493586,1.7357920987930234e-13,0.11613571068493586,0.0,0.0,True
z370,370,in_feedback_loop,0.20116995976988733,8.52184254720012e-38,0.20116995976988733,0.0,0.0,True
z371,371,in_feedback_loop,0.12590646064170724,1.323820470641333e-15,0.12590646064170724,0.0,0.0,True
z372,372,in_feedback_loop,0.24434958499575302,1.839450799234868e-55,0.24434958499575302,0.0,0.0,True
z374,374,in_feedback_loop,0.09959110421322429,2.7469842387328876e-10,0.09959110421322429,0.0,0.0,True
z375,375,in_feedback_loop,0.17067852229994152,1.5820969469632348e-27,0.17067852229994152,0.0,0.0,True
z378,378,in_feedback_loop,0.09422390058033558,2.362855044479774e-09,0.09422390058033558,0.0,0.0,True
z383,383,in_feedback_loop,0.06984883398856963,9.795075656301062e-06,0.06984883398856963,0.0,0.0,True
z385,385,in_feedback_loop,0.21523843122587977,3.845117588825527e-43,0.21523843122587977,0.0,0.0,True
z386,386,in_feedback_loop,0.11647328768284095,1.476300361018764e-13,0.11647328768284095,0.0,0.0,True
z390,390,in_feedback_loop,-0.013853755967154137,0.3810536035313066,0.013853755967154137,0.38,0.4405797101449275,False
z392,392,in_feedback_loop,0.047190715291712516,0.0028326953846368177,0.047190715291712516,0.004,0.0075803722504230115,True
z393,393,in_feedback_loop,0.05950555333866526,0.0001661347501418116,0.05950555333866526,0.0,0.0,True
z395,395,in_feedback_loop,0.12187782086081449,1.0367152576414101e-14,0.12187782086081449,0.0,0.0,True
z397,397,in_feedback_loop,0.05479283399390312,0.00052644976228744,0.05479283399390312,0.002,0.004072727272727273,True
z398,398,in_feedback_loop,0.3098342331075645,9.821485234901547e-90,0.3098342331075645,0.0,0.0,True
z400,400,in_feedback_loop,0.049405511746929136,0.0017743606319256182,0.049405511746929136,0.002,0.004072727272727273,True
z401,401,in_feedback_loop,-0.009129850594412953,0.5637678759161815,0.009129850594412953,0.625,0.6622516556291391,False
z402,402,in_feedback_loop,0.15434091090802984,9.494185747192832e-23,0.15434091090802984,0.0,0.0,True
z405,405,in_feedback_loop,0.1754365948246425,5.171562397756835e-29,0.1754365948246425,0.0,0.0,True
z407,407,in_feedback_loop,0.18141768966240815,6.100445423010486e-31,0.18141768966240815,0.0,0.0,True
z408,408,in_feedback_loop,0.14977816451059545,1.6726687086502059e-21,0.14977816451059545,0.0,0.0,True
z409,409,in_feedback_loop,0.10927916340860389,4.2077087437211835e-12,0.10927916340860389,0.0,0.0,True
z412,412,in_feedback_loop,0.20118336933924735,8.426035959664923e-38,0.20118336933924735,0.0,0.0,True
z413,413,in_feedback_loop,-0.009516318684991622,0.547380272802707,0.009516318684991622,0.765,0.7889502762430939,False
z418,418,in_feedback_loop,0.17385788679540767,1.6265874428464814e-28,0.17385788679540767,0.0,0.0,True
z419,419,in_feedback_loop,-0.009129850594412951,0.5637678759161815,0.009129850594412951,0.349,0.4127560718057022,False
z420,420,in_feedback_loop,0.17799627402453733,7.883361656050546e-30,0.17799627402453733,0.0,0.0,True
z421,421,in_feedback_loop,0.19397494684105182,3.270981940418566e-35,0.19397494684105182,0.0,0.0,True
z422,422,in_feedback_loop,0.2235734160839843,1.7086777694530697e-46,0.2235734160839843,0.0,0.0,True
z423,423,in_feedback_loop,-0.015164449200263726,0.33763968211167755,0.015164449200263726,0.536,0.5822696411251214,False
z425,425,in_feedback_loop,0.2452558323053994,7.134013591623788e-56,0.2452558323053994,0.0,0.0,True
z428,428,in_feedback_loop,0.10826772297799075,6.62584323973423e-12,0.10826772297799075,0.0,0.0,True
z432,432,in_feedback_loop,0.04738133270380354,0.0027228832307454767,0.04738133270380354,0.006,0.010909090909090908,True
z433,433,in_feedback_loop,0.22411030015959577,1.0279152525668053e-46,0.22411030015959577,0.0,0.0,True
z434,434,in_feedback_loop,-0.0069631567985833295,0.6597514155983845,0.0069631567985833295,0.672,0.7040598690364827,False
z436,436,in_feedback_loop,-0.015500069565370618,0.3270550442294856,0.015500069565370618,0.186,0.2386254295532646,False
z437,437,in_feedback_loop,0.15662679794294432,2.181688071706306e-23,0.15662679794294432,0.0,0.0,True
z440,440,in_feedback_loop,0.18197602060689347,3.998429930924578e-31,0.18197602060689347,0.0,0.0,True
z441,441,in_feedback_loop,-0.00912985059441295,0.5637678759161815,0.00912985059441295,0.985,0.987645478961504,False
z442,442,in_feedback_loop,0.11483450905286648,3.2259949695126876e-13,0.11483450905286648,0.0,0.0,True
z443,443,in_feedback_loop,-0.01503804160980713,0.34168267728539836,0.01503804160980713,0.446,0.5025352112676057,False
z444,444,in_feedback_loop,0.23376989212808824,8.740029044065688e-51,0.23376989212808824,0.0,0.0,True
z445,445,in_feedback_loop,0.1785120990349937,5.37754872401246e-30,0.1785120990349937,0.0,0.0,True
z447,447,in_feedback_loop,0.25942057264525875,1.587107450777272e-62,0.25942057264525875,0.0,0.0,True
z449,449,in_feedback_loop,0.30682974280324127,5.940955196984686e-88,0.30682974280324127,0.0,0.0,True
z452,452,in_feedback_loop,0.1435306990270991,7.367637672410626e-20,0.1435306990270991,0.0,0.0,True
z454,454,in_feedback_loop,0.027389551783238833,0.08326450701522388,0.027389551783238833,0.118,0.1596135265700483,False
z457,457,in_feedback_loop,0.13270596631289522,3.5241346562470965e-17,0.13270596631289522,0.0,0.0,True
z460,460,in_feedback_loop,0.20706473528674743,5.47162464991393e-40,0.20706473528674743,0.0,0.0,True
z463,463,in_feedback_loop,0.16432983820394892,1.3037138122359922e-25,0.16432983820394892,0.0,0.0,True
z464,464,in_feedback_loop,0.17766622231117496,1.0063367820088536e-29,0.17766622231117496,0.0,0.0,True
z465,465,in_feedback_loop,0.3267378898653833,3.745684346705927e-100,0.3267378898653833,0.0,0.0,True
z466,466,in_feedback_loop,0.2223423333635946,5.451883266260587e-46,0.2223423333635946,0.0,0.0,True
z467,467,in_feedback_loop,0.18480546010182924,4.602232334991729e-32,0.18480546010182924,0.0,0.0,True
z468,468,in_feedback_loop,0.18846513427792727,2.6657783444674313e-33,0.18846513427792727,0.0,0.0,True
z469,469,in_feedback_loop,0.04741962957048903,0.0027012955536647597,0.04741962957048903,0.0,0.0,True
z473,473,in_feedback_loop,0.23422837900961216,5.541124210638771e-51,0.23422837900961216,0.0,0.0,True
z474,474,in_feedback_loop,0.1586152532528569,5.961499396959764e-24,0.1586152532528569,0.0,0.0,True
z476,476,in_feedback_loop,0.07041529520172436,8.288389788996528e-06,0.07041529520172436,0.0,0.0,True
z477,477,in_feedback_loop,0.20326870658126364,1.4379967757724903e-38,0.20326870658126364,0.0,0.0,True
z478,478,in_feedback_loop,0.209145545514888,8.869855572488368e-41,0.209145545514888,0.0,0.0,True
z481,481,in_feedback_loop,-0.0157390376975772,0.3196513202327392,0.0157390376975772,0.536,0.5822696411251214,False
z482,482,in_feedback_loop,0.03850069613152224,0.014886045707896114,0.03850069613152224,0.045,0.06746987951807229,False
z484,484,in_feedback_loop,0.08717386559672738,3.3487479371515504e-08,0.08717386559672738,0.0,0.0,True
z487,487,in_feedback_loop,0.04716841233244677,0.0028458045700135897,0.04716841233244677,0.01,0.017391304347826087,True
z492,492,in_feedback_loop,0.10122677430990917,1.3932425597846566e-10,0.10122677430990917,0.0,0.0,True
z495,495,in_feedback_loop,0.1939839103834713,3.2472916872820856e-35,0.1939839103834713,0.0,0.0,True
z496,496,in_feedback_loop,0.23690627454595609,3.793529747688311e-52,0.23690627454595609,0.0,0.0,True
z498,498,in_feedback_loop,0.16020710848378406,2.0845210358253913e-24,0.16020710848378406,0.0,0.0,True
z500,500,in_feedback_loop,-0.00912985059441295,0.5637678759161815,0.00912985059441295,0.805,0.8226277372262775,False
z501,501,in_feedback_loop,0.0717061045422628,5.638269661263853e-06,0.0717061045422628,0.0,0.0,True
z502,502,in_feedback_loop,0.05935226766765649,0.00017271621994905954,0.05935226766765649,0.0,0.0,True
z504,504,in_feedback_loop,0.1064788939309681,1.464128699384506e-11,0.1064788939309681,0.0,0.0,True
z507,507,in_feedback_loop,0.17709773930605474,1.530696002209845e-29,0.17709773930605474,0.0,0.0,True
z508,508,in_feedback_loop,-0.015679814938325667,0.32147586784101295,0.015679814938325667,0.569,0.6115930902111324,False
z509,509,in_feedback_loop,0.1852991548590537,3.144657901821252e-32,0.1852991548590537,0.0,0.0,True
z510,510,in_feedback_loop,0.09631061776390162,1.037660686399742e-09,0.09631061776390162,0.0,0.0,True
z4,4,in_single_input_module,-0.00849605756819943,0.5911435522199084,0.00849605756819943,0.816,0.8308363636363636,False
z5,5,in_single_input_module,-0.06172811638564297,9.362938414410357e-05,0.06172811638564297,0.0,0.0,True
z7,7,in_single_input_module,-0.008496057568199426,0.5911435522199084,0.008496057568199426,0.986,0.9877638640429338,False
z9,9,in_single_input_module,-0.025249371143418242,0.11034020664037535,0.025249371143418242,0.166,0.2166899766899767,False
z10,10,in_single_input_module,-0.01446073673436066,0.3605386114655368,0.01446073673436066,0.387,0.4477685950413223,False
z13,13,in_single_input_module,-0.056107576750746284,0.0003848766368245463,0.056107576750746284,0.0,0.0,True
z14,14,in_single_input_module,-0.04925459716770411,0.0018329000917910875,0.04925459716770411,0.002,0.004072727272727273,True
z15,15,in_single_input_module,-0.06365063275331875,5.614665179831685e-05,0.06365063275331875,0.0,0.0,True
z16,16,in_single_input_module,-0.01687088310197163,0.2860843984882344,0.01687088310197163,0.529,0.5757823129251701,False
z17,17,in_single_input_module,-0.027904977646910342,0.07762130116184425,0.027904977646910342,0.128,0.17148325358851674,False
z18,18,in_single_input_module,-0.08454460789241394,8.556180810841819e-08,0.08454460789241394,0.0,0.0,True
z19,19,in_single_input_module,-0.05636377414531479,0.0003618095371711149,0.05636377414531479,0.001,0.0021538461538461538,True
z20,20,in_single_input_module,-0.05674433638628259,0.0003299196266503113,0.05674433638628259,0.0,0.0,True
z22,22,in_single_input_module,-0.014624439174301306,0.3551266053077839,0.014624439174301306,0.174,0.22581691772885282,False
z27,27,in_single_input_module,-0.03822831221524439,0.015610414694033174,0.03822831221524439,0.022,0.03586608442503639,True
z29,29,in_single_input_module,-0.06098165857691398,0.00011375641738057646,0.06098165857691398,0.001,0.0021538461538461538,True
z30,30,in_single_input_module,-0.008496057568199432,0.5911435522199084,0.008496057568199432,0.806,0.8228988149498634,False
z31,31,in_single_input_module,-0.05024160227516156,0.0014800236629281237,0.05024160227516156,0.003,0.005863874345549739,True
z32,32,in_single_input_module,-0.012015613554446254,0.447419558354635,0.012015613554446254,0.618,0.6566982922201139,False
z33,33,in_single_input_module,-0.022433036825284684,0.15603757911018315,0.022433036825284684,0.234,0.2902325581395349,False
z36,36,in_single_input_module,-0.024038053101193207,0.1284998102298618,0.024038053101193207,0.113,0.15377885783718104,False
z37,37,in_single_input_module,-0.023532912380762785,0.13672638287572436,0.023532912380762785,0.181,0.2332796317606444,False
z41,41,in_single_input_module,-0.08510306062131281,7.02662142249157e-08,0.08510306062131281,0.0,0.0,True
z43,43,in_single_input_module,-0.017582120753888056,0.26625454360824574,0.017582120753888056,0.342,0.4061930010604454,False
z44,44,in_single_input_module,-0.016718151094974192,0.29046954876709313,0.016718151094974192,0.449,0.5048995983935743,False
z47,47,in_single_input_module,-0.07024109857074064,8.726389508838226e-06,0.07024109857074064,0.0,0.0,True
z48,48,in_single_input_module,-0.018781559560026903,0.23499749827663208,0.018781559560026903,0.279,0.340763358778626,False
z49,49,in_single_input_module,-0.010869685754795707,0.4919159216486224,0.010869685754795707,0.362,0.4239416058394161,False
z51,51,in_single_input_module,-0.048144667061730345,0.00232100272207385,0.048144667061730345,0.005,0.009271523178807948,True
z53,53,in_single_input_module,-0.023153568760422204,0.14316694347059347,0.023153568760422204,0.146,0.1935147928994083,False
z54,54,in_single_input_module,-0.01201515128693463,0.4474370345280361,0.01201515128693463,0.999,0.9998927613941019,False
z56,56,in_single_input_module,-0.06742101653817419,1.9758453662957826e-05,0.06742101653817419,0.0,0.0,True
z58,58,in_single_input_module,-0.06988137333564365,9.7018757272917e-06,0.06988137333564365,0.0,0.0,True
z60,60,in_single_input_module,-0.07150597973784537,5.987872790511629e-06,0.07150597973784537,0.0,0.0,True
z65,65,in_single_input_module,-0.07957605074967043,4.673575028865601e-07,0.07957605074967043,0.0,0.0,True
z66,66,in_single_input_module,-0.06683678142515244,2.331320849373158e-05,0.06683678142515244,0.0,0.0,True
z67,67,in_single_input_module,-0.07521001020308375,1.9172419777891634e-06,0.07521001020308375,0.0,0.0,True
z70,70,in_single_input_module,-0.05006557160144297,0.0015379725181972185,0.05006557160144297,0.001,0.0021538461538461538,True
z71,71,in_single_input_module,-0.0627008307145718,7.241328506432922e-05,0.0627008307145718,0.0,0.0,True
z75,75,in_single_input_module,-0.07194182101063851,5.251524473062452e-06,0.07194182101063851,0.0,0.0,True
z76,76,in_single_input_module,-0.05156311902012415,0.0011051646189444468,0.05156311902012415,0.003,0.005863874345549739,True
z77,77,in_single_input_module,-0.07154678487077293,5.914947336062228e-06,0.07154678487077293,0.0,0.0,True
z81,81,in_single_input_module,-0.06293850209745724,6.796898398261834e-05,0.06293850209745724,0.0,0.0,True
z82,82,in_single_input_module,-0.013948560102775155,0.3778029922303033,0.013948560102775155,0.466,0.5208782435129741,False
z85,85,in_single_input_module,-0.020739345798671652,0.18972182217874645,0.020739345798671652,0.219,0.27436241610738255,False
z86,86,in_single_input_module,-0.06629791875041989,2.712447010367225e-05,0.06629791875041989,0.0,0.0,True
z88,88,in_single_input_module,-0.023282443815169376,0.14095328124758466,0.023282443815169376,0.169,0.21983739837398375,False
z90,90,in_single_input_module,-0.022377885095634386,0.1570577774089205,0.022377885095634386,0.134,0.17845422116527945,False
z91,91,in_single_input_module,-0.09911568287501887,3.3394274273912386e-10,0.09911568287501887,0.0,0.0,True
z93,93,in_single_input_module,-0.01841727241646978,0.2442031001555922,0.01841727241646978,0.314,0.3757264957264957,False
z95,95,in_single_input_module,-0.058523626196501255,0.0002127487392704475,0.058523626196501255,0.0,0.0,True
z99,99,in_single_input_module,-0.014967247022966035,0.34396042912048547,0.014967247022966035,0.364,0.4246666666666667,False
z100,100,in_single_input_module,-0.025351945990295312,0.10890057806330249,0.025351945990295312,0.1,0.13776137761377616,False
z101,101,in_single_input_module,-0.0861619121250197,4.8205289730526513e-08,0.0861619121250197,0.0,0.0,True
z105,105,in_single_input_module,-0.024094356897739734,0.12760720696736974,0.024094356897739734,0.176,0.22762124711316395,False
z108,108,in_single_input_module,-0.03349574716598521,0.03414210766378905,0.03349574716598521,0.024,0.03873198847262248,True
z109,109,in_single_input_module,-0.07008780389350007,9.13004658626283e-06,0.07008780389350007,0.0,0.0,True
z110,110,in_single_input_module,-0.06761804734602518,1.8680665816788277e-05,0.06761804734602518,0.0,0.0,True
z111,111,in_single_input_module,-0.04025693599500402,0.010886890064527742,0.04025693599500402,0.011,0.018983050847457623,True
z112,112,in_single_input_module,-0.07483045766961932,2.15989026003717e-06,0.07483045766961932,0.0,0.0,True
z113,113,in_single_input_module,-0.07424123543761654,2.5959136965140238e-06,0.07424123543761654,0.0,0.0,True
z115,115,in_single_input_module,-0.07046945921048273,8.156536540149159e-06,0.07046945921048273,0.0,0.0,True
z116,116,in_single_input_module,-0.04267665965799881,0.006944476148299583,0.04267665965799881,0.006,0.010909090909090908,True
z118,118,in_single_input_module,-0.01075348304655399,0.49655696853247605,0.01075348304655399,0.392,0.4507597535934292,False
z120,120,in_single_input_module,-0.023969687663365057,0.1295901430730127,0.023969687663365057,0.208,0.26293453724604965,False
z123,123,in_single_input_module,-0.04052724095878893,0.010364665153137269,0.04052724095878893,0.008,0.014267515923566879,True
z128,128,in_single_input_module,-0.021268731620452293,0.1786625712015534,0.021268731620452293,0.252,0.3104950495049505,False
z129,129,in_single_input_module,-0.0624056966059149,7.831494260956639e-05,0.0624056966059149,0.0,0.0,True
z130,130,in_single_input_module,-0.024108969970521872,0.12737633076694327,0.024108969970521872,0.126,0.1690059880239521,False
z132,132,in_single_input_module,-0.06447778010239358,4.486067934059803e-05,0.06447778010239358,0.0,0.0,True
z134,134,in_single_input_module,-0.02082301406748669,0.1879411539411557,0.02082301406748669,0.358,0.42161934805467927,False
z135,135,in_single_input_module,-0.03006919618425001,0.05722627823730048,0.03006919618425001,0.072,0.10233502538071064,False
z136,136,in_single_input_module,-0.04628459974834275,0.0034120564750642394,0.04628459974834275,0.003,0.005863874345549739,True
z137,137,in_single_input_module,-0.04073688513951525,0.009975104120886482,0.04073688513951525,0.01,0.017391304347826087,True
z138,138,in_single_input_module,-0.027484676840704193,0.0821987240234437,0.027484676840704193,0.099,0.1367200986436498,False
z140,140,in_single_input_module,-0.05418749830574762,0.0006067785296133579,0.05418749830574762,0.0,0.0,True
z141,141,in_single_input_module,-0.022805056789277398,0.1492868109824967,0.022805056789277398,0.154,0.20244131455399061,False
z142,142,in_single_input_module,-0.013305755148910409,0.40017761183829403,0.013305755148910409,0.354,0.4182278481012658,False
z144,144,in_single_input_module,-0.011883962225454636,0.45241233250139123,0.011883962225454636,0.527,0.5741634241245137,False
z145,145,in_single_input_module,-0.0893371251585782,1.5161190532296614e-08,0.0893371251585782,0.0,0.0,True
z147,147,in_single_input_module,-0.008496057568199435,0.5911435522199084,0.008496057568199435,0.465,0.5202797202797202,False
z148,148,in_single_input_module,-0.012524924368187968,0.4284019308182776,0.012524924368187968,0.405,0.4633299284984679,False
z151,151,in_single_input_module,-0.07543521446291668,1.7858814553161564e-06,0.07543521446291668,0.0,0.0,True
z152,152,in_single_input_module,-0.04218878097042268,0.007616652642349828,0.04218878097042268,0.005,0.009271523178807948,True
z153,153,in_single_input_module,-0.04689136599914995,0.0030133265317892127,0.04689136599914995,0.005,0.009271523178807948,True
z154,154,in_single_input_module,-0.05782961238125099,0.00025282102559273656,0.05782961238125099,0.0,0.0,True
z156,156,in_single_input_module,-0.08354420815656,1.2138335187459087e-07,0.08354420815656,0.0,0.0,True
z158,158,in_single_input_module,-0.023362752406035494,0.13958719692135627,0.023362752406035494,0.091,0.1264516129032258,False
z160,160,in_single_input_module,-0.012788442074199274,0.41874965738768627,0.012788442074199274,0.389,0.4491546391752577,False
z162,162,in_single_input_module,-0.06206960117836943,8.558860186774439e-05,0.06206960117836943,0.0,0.0,True
z164,164,in_single_input_module,-0.010889995794062038,0.491107149672093,0.010889995794062038,0.522,0.5698245614035088,False
z165,165,in_single_input_module,-0.06817510061441306,1.592812534476542e-05,0.06817510061441306,0.0,0.0,True
z167,167,in_single_input_module,-0.013586151856762877,0.39032133031181043,0.013586151856762877,0.484,0.5383548067393459,False
z168,168,in_single_input_module,-0.044655745040150914,0.004730959089336261,0.044655745040150914,0.004,0.0075803722504230115,True
z169,169,in_single_input_module,-0.05987396529448953,0.00015126835543146746,0.05987396529448953,0.001,0.0021538461538461538,True
z172,172,in_single_input_module,-0.054273782597216894,0.000594670347350187,0.054273782597216894,0.0,0.0,True
z173,173,in_single_input_module,-0.05313815597443556,0.0007735853870007846,0.05313815597443556,0.0,0.0,True
z176,176,in_single_input_module,-0.008496057568199432,0.5911435522199084,0.008496057568199432,0.794,0.8143589743589744,False
z178,178,in_single_input_module,-0.055528346024097314,0.0004421874335121689,0.055528346024097314,0.0,0.0,True
z179,179,in_single_input_module,-0.0861085441761806,4.913481586346251e-08,0.0861085441761806,0.0,0.0,True
z180,180,in_single_input_module,-0.030186380857292118,0.05626303833310178,0.030186380857292118,0.059,0.08526451612903226,False
z181,181,in_single_input_module,-0.00849605756819943,0.5911435522199084,0.00849605756819943,0.699,0.7296178937558248,False
z182,182,in_single_input_module,-0.016803133156780697,0.2880240461374545,0.016803133156780697,0.258,0.31753846153846155,False
z184,184,in_single_input_module,-0.016906434004834076,0.28507013089744865,0.016906434004834076,0.425,0.483248730964467,False
z186,186,in_single_input_module,-0.008496057568199432,0.5911435522199084,0.008496057568199432,0.794,0.8143589743589744,False
z190,190,in_single_input_module,-0.06390938471143573,5.235522357123192e-05,0.06390938471143573,0.0,0.0,True
z191,191,in_single_input_module,-0.08579516144458986,5.4953732541519265e-08,0.08579516144458986,0.0,0.0,True
z192,192,in_single_input_module,-0.0896257939696469,1.3620619846701949e-08,0.0896257939696469,0.0,0.0,True
z195,195,in_single_input_module,-0.04435852740924087,0.0050163197482516655,0.04435852740924087,0.004,0.0075803722504230115,True
z196,196,in_single_input_module,-0.08012196886696296,3.896763031588872e-07,0.08012196886696296,0.0,0.0,True
z197,197,in_single_input_module,-0.008496057568199432,0.5911435522199084,0.008496057568199432,0.492,0.5434319526627219,False
z198,198,in_single_input_module,-0.022589241091099298,0.15317538520838458,0.022589241091099298,0.191,0.24392246294184722,False
z199,199,in_single_input_module,-0.008496057568199432,0.5911435522199084,0.008496057568199432,0.681,0.7128224299065421,False
z200,200,in_single_input_module,-0.05840518459413193,0.00021913618939117438,0.05840518459413193,0.001,0.0021538461538461538,True
z202,202,in_single_input_module,-0.07514953817480932,1.954065747684144e-06,0.07514953817480932,0.0,0.0,True
z204,204,in_single_input_module,-0.058577539437355386,0.00020989950436288055,0.058577539437355386,0.001,0.0021538461538461538,True
z205,205,in_single_input_module,-0.07709946136176757,1.0504626866877837e-06,0.07709946136176757,0.0,0.0,True
z206,206,in_single_input_module,-0.05821048519903815,0.00023002871332634858,0.05821048519903815,0.002,0.004072727272727273,True
z208,208,in_single_input_module,-0.06581042055219713,3.1076420774702555e-05,0.06581042055219713,0.0,0.0,True
z209,209,in_single_input_module,-0.04858652252374349,0.0021139614632789097,0.04858652252374349,0.004,0.0075803722504230115,True
z210,210,in_single_input_module,-0.030718314298123356,0.05205870508679373,0.030718314298123356,0.059,0.08526451612903226,False
z212,212,in_single_input_module,-0.01769505966436477,0.26319489841322286,0.01769505966436477,0.246,0.3034361233480176,False
z213,213,in_single_input_module,-0.018659569845971925,0.23805244582248888,0.018659569845971925,0.371,0.43103734439834024,False
z215,215,in_single_input_module,-0.07013205795609453,9.011721117723957e-06,0.07013205795609453,0.0,0.0,True
z216,216,in_single_input_module,-0.08564508880381214,5.797149535807732e-08,0.08564508880381214,0.0,0.0,True
z218,218,in_single_input_module,-0.024481737794298884,0.12159602426895011,0.024481737794298884,0.093,0.12891089108910891,False
z220,220,in_single_input_module,-0.07585194789986754,1.5652552143934729e-06,0.07585194789986754,0.0,0.0,True
z221,221,in_single_input_module,-0.03788207626717213,0.01657581294610728,0.03788207626717213,0.018,0.029822485207100593,True
z226,226,in_single_input_module,-0.02385662234431466,0.13140911768858798,0.02385662234431466,0.213,0.2680449438202247,False
z227,227,in_single_input_module,-0.05846117686812463,0.00021609446804260783,0.05846117686812463,0.0,0.0,True
z228,228,in_single_input_module,-0.015452437871152948,0.32854397284974374,0.015452437871152948,0.49,0.542292490118577,False
z230,230,in_single_input_module,-0.04802896690545301,0.0023782014824318422,0.04802896690545301,0.002,0.004072727272727273,True
z231,231,in_single_input_module,-0.04030412348473987,0.010794073806221586,0.04030412348473987,0.006,0.010909090909090908,True
z232,232,in_single_input_module,-0.05975000504315975,0.00015612480582224029,0.05975000504315975,0.0,0.0,True
z233,233,in_single_input_module,-0.08691665874798149,3.675045481376156e-08,0.08691665874798149,0.0,0.0,True
z237,237,in_single_input_module,-0.026680432171978144,0.0915665118850167,0.026680432171978144,0.134,0.17845422116527945,False
z238,238,in_single_input_module,-0.04134579571344572,0.00891651199488147,0.04134579571344572,0.005,0.009271523178807948,True
z240,240,in_single_input_module,-0.011995680716027655,0.4481734779897529,0.011995680716027655,0.968,0.973213644524237,False
z241,241,in_single_input_module,-0.06467021519768934,4.256254848530881e-05,0.06467021519768934,0.001,0.0021538461538461538,True
z242,242,in_single_input_module,-0.04501514032706702,0.0044055641043579665,0.04501514032706702,0.003,0.005863874345549739,True
z243,243,in_single_input_module,-0.07292706661373437,3.892906389881737e-06,0.07292706661373437,0.0,0.0,True
z247,247,in_single_input_module,-0.03344106621792536,0.03443598291160895,0.03344106621792536,0.05,0.07397622192866579,False
z251,251,in_single_input_module,-0.06186003941024099,9.044200695266496e-05,0.06186003941024099,0.0,0.0,True
z253,253,in_single_input_module,-0.07546170914043468,1.771008097306818e-06,0.07546170914043468,0.0,0.0,True
z254,254,in_single_input_module,-0.07853661165502315,6.584927396732861e-07,0.07853661165502315,0.0,0.0,True
z256,256,in_single_input_module,-0.01234460507393083,0.4350806836838112,0.01234460507393083,0.44,0.49677419354838714,False
z258,258,in_single_input_module,-0.028726388103025385,0.06927480707821349,0.028726388103025385,0.062,0.08925449871465296,False
z259,259,in_single_input_module,-0.024193545072035735,0.1260464794142509,0.024193545072035735,0.083,0.11663739021329987,False
z260,260,in_single_input_module,-0.05379633441135494,0.0006646017528558755,0.05379633441135494,0.002,0.004072727272727273,True
z263,263,in_single_input_module,-0.02549623310948491,0.10690070678205499,0.02549623310948491,0.15,0.19811320754716982,False
z264,264,in_single_input_module,-0.05623942180719304,0.0003728394468801265,0.05623942180719304,0.0,0.0,True
z266,266,in_single_input_module,-0.09671589574586525,8.826018473308061e-10,0.09671589574586525,0.0,0.0,True
z267,267,in_single_input_module,-0.050195386800381686,0.0014950397772177922,0.050195386800381686,0.003,0.005863874345549739,True
z269,269,in_single_input_module,-0.008496057568199433,0.5911435522199084,0.008496057568199433,0.699,0.7296178937558248,False
z272,272,in_single_input_module,-0.016122451761860678,0.30800316970846525,0.016122451761860678,0.485,0.5383548067393459,False
z277,277,in_single_input_module,-0.02043670755236656,0.1962664784288919,0.02043670755236656,0.338,0.4018683651804671,False
z281,281,in_single_input_module,-0.07205470271798411,5.075435500872662e-06,0.07205470271798411,0.0,0.0,True
z283,283,in_single_input_module,-0.06642719393673678,2.615953243722266e-05,0.06642719393673678,0.0,0.0,True
z291,291,in_single_input_module,-0.0979749340917162,5.315824393717074e-10,0.0979749340917162,0.0,0.0,True
z292,292,in_single_input_module,-0.014609423063025881,0.35562089260792396,0.014609423063025881,0.238,0.29389195148842334,False
z293,293,in_single_input_module,-0.05341110026560789,0.0007265189847911375,0.05341110026560789,0.0,0.0,True
z294,294,in_single_input_module,-0.008496057568199432,0.5911435522199084,0.008496057568199432,0.292,0.3543228602383532,False
z295,295,in_single_input_module,-0.07228255956679708,4.737056396520133e-06,0.07228255956679708,0.0,0.0,True
z296,296,in_single_input_module,-0.03357568605843038,0.03371634447373053,0.03357568605843038,0.046,0.06878504672897197,False
z297,297,in_single_input_module,-0.03142904009952106,0.0468540919931084,0.03142904009952106,0.055,0.08010403120936281,False
z298,298,in_single_input_module,-0.045258166420498236,0.004197166522216709,0.045258166420498236,0.003,0.005863874345549739,True
z299,299,in_single_input_module,-0.05241927805034672,0.0009114273192489401,0.05241927805034672,0.0,0.0,True
z300,300,in_single_input_module,-0.04519009618769866,0.004254617287140627,0.04519009618769866,0.003,0.005863874345549739,True
z301,301,in_single_input_module,-0.0384604051467906,0.014991293058083425,0.0384604051467906,0.017,0.028291233283803868,True
z303,303,in_single_input_module,-0.09042010680649376,1.012511384235846e-08,0.09042010680649376,0.0,0.0,True
z304,304,in_single_input_module,-0.06206021141024173,8.580069685660992e-05,0.06206021141024173,0.0,0.0,True
z305,305,in_single_input_module,-0.016732007034850886,0.29006987060723427,0.016732007034850886,0.405,0.4633299284984679,False
z307,307,in_single_input_module,-0.021467978144402593,0.17462676692537532,0.021467978144402593,0.211,0.26612612612612613,False
z308,308,in_single_input_module,-0.03337734324841994,0.03478117643751361,0.03337734324841994,0.04,0.06095238095238095,False
z309,309,in_single_input_module,-0.03752082635932772,0.01763856432542584,0.03752082635932772,0.017,0.028291233283803868,True
z310,310,in_single_input_module,-0.008496057568199428,0.5911435522199084,0.008496057568199428,0.752,0.7791304347826087,False
z311,311,in_single_input_module,-0.0407686151458787,0.009917293390591136,0.0407686151458787,0.011,0.018983050847457623,True
z312,312,in_single_input_module,-0.02146705114495242,0.1746453847543017,0.02146705114495242,0.215,0.2699551569506727,False
z314,314,in_single_input_module,-0.054183070583708554,0.0006074060114863493,0.054183070583708554,0.0,0.0,True
z315,315,in_single_input_module,-0.028125414114876894,0.07530483219453993,0.028125414114876894,0.116,0.15728813559322033,False
z316,316,in_single_input_module,-0.0696635196856182,1.0342371123678037e-05,0.0696635196856182,0.0,0.0,True
z317,317,in_single_input_module,-0.012153013952399034,0.44224231347316884,0.012153013952399034,0.668,0.7005243445692884,False
z319,319,in_single_input_module,-0.03726797518252579,0.0184175011553882,0.03726797518252579,0.028,0.0444822695035461,True
z320,320,in_single_input_module,-0.0669175174997527,2.2788062938360228e-05,0.0669175174997527,0.0,0.0,True
z322,322,in_single_input_module,-0.016995355315070584,0.2825438603427208,0.016995355315070584,0.445,0.5019133937562941,False
z324,324,in_single_input_module,-0.01888788554364834,0.23235753166526413,0.01888788554364834,0.209,0.2639007891770011,False
z327,327,in_single_input_module,-0.016782776550005457,0.28860857390061184,0.016782776550005457,0.303,0.3641201716738197,False
z330,330,in_single_input_module,-0.028157076318579843,0.07497678990523103,0.028157076318579843,0.099,0.1367200986436498,False
z331,331,in_single_input_module,-0.07071768967883811,7.5774809950894895e-06,0.07071768967883811,0.0,0.0,True
z336,336,in_single_input_module,-0.016855352499953426,0.28652825073439697,0.016855352499953426,0.55,0.5956756756756757,False
z343,343,in_single_input_module,-0.04416841098687427,0.005206918033857074,0.04416841098687427,0.008,0.014267515923566879,True
z349,349,in_single_input_module,-0.0927191784931817,4.230950348783039e-09,0.0927191784931817,0.0,0.0,True
z350,350,in_single_input_module,-0.061029401277228924,0.00011235571346727856,0.061029401277228924,0.0,0.0,True
z352,352,in_single_input_module,-0.018991381555901955,0.22980810408098537,0.018991381555901955,0.186,0.2386254295532646,False
z353,353,in_single_input_module,-0.0785015837625092,6.660956394311064e-07,0.0785015837625092,0.0,0.0,True
z354,354,in_single_input_module,-0.06620540201670813,2.7835703027410023e-05,0.06620540201670813,0.0,0.0,True
z355,355,in_single_input_module,-0.01448389647601009,0.35976982325242357,0.01448389647601009,0.618,0.6566982922201139,False
z356,356,in_single_input_module,-0.059256669797619725,0.000176944094168993,0.059256669797619725,0.001,0.0021538461538461538,True
z358,358,in_single_input_module,-0.0549812204188194,0.0005035471588362446,0.0549812204188194,0.001,0.0021538461538461538,True
z363,363,in_single_input_module,-0.09941052783804949,2.958815200921524e-10,0.09941052783804949,0.0,0.0,True
z366,366,in_single_input_module,-0.07267601325775276,4.202997187990208e-06,0.07267601325775276,0.0,0.0,True
z367,367,in_single_input_module,-0.008496057568199432,0.5911435522199084,0.008496057568199432,0.494,0.5445669291338583,False
z369,369,in_single_input_module,-0.03809678535418295,0.015971161884196235,0.03809678535418295,0.014,0.023793626707132018,True
z370,370,in_single_input_module,-0.07331976481092758,3.4513932849994894e-06,0.07331976481092758,0.0,0.0,True
z371,371,in_single_input_module,-0.03905535024033482,0.013501954715127083,0.03905535024033482,0.019,0.031294117647058826,True
z372,372,in_single_input_module,-0.07927885309064131,5.157179885050525e-07,0.07927885309064131,0.0,0.0,True
z374,374,in_single_input_module,-0.030892500957021757,0.050740384495679504,0.030892500957021757,0.042,0.06348178137651822,False
z375,375,in_single_input_module,-0.05694483145484521,0.0003141956536234176,0.05694483145484521,0.0,0.0,True
z378,378,in_single_input_module,-0.0292276299359057,0.06455393554250613,0.0292276299359057,0.054,0.07905882352941176,False
z383,383,in_single_input_module,-0.027108992279387067,0.08647320605776643,0.027108992279387067,0.086,0.1204,False
z385,385,in_single_input_module,-0.06904775709752978,1.237832634948431e-05,0.06904775709752978,0.0,0.0,True
z386,386,in_single_input_module,-0.036129242462318724,0.022310146077657012,0.036129242462318724,0.022,0.03586608442503639,True
z390,390,in_single_input_module,-0.02085065695673626,0.18735556268077588,0.02085065695673626,0.106,0.14495726495726496,False
z392,392,in_single_input_module,-0.014638247349788788,0.35467246251770784,0.014638247349788788,0.546,0.5919845111326234,False
z393,393,in_single_input_module,-0.018458228553496922,0.24315567963093052,0.018458228553496922,0.306,0.3669379014989293,False
z395,395,in_single_input_module,-0.03780569286109474,0.016795715625240428,0.03780569286109474,0.017,0.028291233283803868,True
z397,397,in_single_input_module,-0.016996374224052632,0.2825150011433538,0.016996374224052632,0.582,0.6231739961759082,False
z398,398,in_single_input_module,-0.10246559584356907,8.271945930194452e-11,0.10246559584356907,0.0,0.0,True
z400,400,in_single_input_module,-0.015325262542088488,0.33254086183452836,0.015325262542088488,0.509,0.559450441609421,False
z401,401,in_single_input_module,-0.008496057568199433,0.5911435522199084,0.008496057568199433,0.809,0.8252094717668489,False
z402,402,in_single_input_module,-0.05308778288011864,0.0007825751309231593,0.05308778288011864,0.005,0.009271523178807948,True
z405,405,in_single_input_module,-0.058488838866485496,0.00021460642652826082,0.058488838866485496,0.001,0.0021538461538461538,True
z407,407,in_single_input_module,-0.05882215296357063,0.00019741625361074808,0.05882215296357063,0.0,0.0,True
z408,408,in_single_input_module,-0.04696577024597234,0.002967474829541948,0.04696577024597234,0.005,0.009271523178807948,True
z409,409,in_single_input_module,-0.03389767275754893,0.0320470662265359,0.03389767275754893,0.038,0.058301369863013694,False
z412,412,in_single_input_module,-0.06875929202955898,1.3458649878314143e-05,0.06875929202955898,0.0,0.0,True
z413,413,in_single_input_module,-0.012095341803342114,0.4444112148521116,0.012095341803342114,0.417,0.4756008146639511,False
z418,418,in_single_input_module,-0.059753038814261854,0.00015600421899377874,0.059753038814261854,0.0,0.0,True
z419,419,in_single_input_module,-0.00849605756819943,0.5911435522199084,0.00849605756819943,0.81,0.8254777070063695,False
z420,420,in_single_input_module,-0.056740309377885365,0.0003302428613211475,0.056740309377885365,0.001,0.0021538461538461538,True
z421,421,in_single_input_module,-0.06414795620857246,4.907550249290295e-05,0.06414795620857246,0.0,0.0,True
z422,422,in_single_input_module,-0.07612991046136725,1.4329231131906415e-06,0.07612991046136725,0.0,0.0,True
z423,423,in_single_input_module,-0.014111735133356881,0.37224824471288265,0.014111735133356881,0.619,0.6571374407582938,False
z425,425,in_single_input_module,-0.07807400622265949,7.659941539089957e-07,0.07807400622265949,0.0,0.0,True
z428,428,in_single_input_module,-0.03358393063451968,0.033672692284738626,0.03358393063451968,0.026,0.04165951359084406,True
z432,432,in_single_input_module,-0.014697375608602339,0.35273191699641465,0.014697375608602339,0.521,0.5692878048780489,False
z433,433,in_single_input_module,-0.0745344915661927,2.369291607081971e-06,0.0745344915661927,0.0,0.0,True
z434,434,in_single_input_module,-0.025405152048869447,0.10815970749428153,0.025405152048869447,0.09,0.1253731343283582,False
z436,436,in_single_input_module,-0.014424056776906367,0.36175831044844015,0.014424056776906367,0.233,0.28963374028856825,False
z437,437,in_single_input_module,-0.0548957798967485,0.000513816827391212,0.0548957798967485,0.0,0.0,True
z440,440,in_single_input_module,-0.05979067113812166,0.00015451567010350007,0.05979067113812166,0.0,0.0,True
z441,441,in_single_input_module,-0.008496057568199433,0.5911435522199084,0.008496057568199433,0.651,0.6852631578947369,False
z442,442,in_single_input_module,-0.03562090418457012,0.024267057530152205,0.03562090418457012,0.022,0.03586608442503639,True
z443,443,in_single_input_module,-0.013994102741186763,0.37624753329503263,0.013994102741186763,0.292,0.3543228602383532,False
z444,444,in_single_input_module,-0.08305208627524772,1.439594085853131e-07,0.08305208627524772,0.0,0.0,True
z445,445,in_single_input_module,-0.06076238252371957,0.0001204037683525702,0.06076238252371957,0.001,0.0021538461538461538,True
z447,447,in_single_input_module,-0.08626417499395077,4.647152272179342e-08,0.08626417499395077,0.0,0.0,True
z449,449,in_single_input_module,-0.09834827000672085,4.568201125968316e-10,0.09834827000672085,0.0,0.0,True
z452,452,in_single_input_module,-0.046203168388867136,0.003469076238515862,0.046203168388867136,0.003,0.005863874345549739,True
z454,454,in_single_input_module,-0.008496057568199428,0.5911435522199084,0.008496057568199428,0.54,0.586046511627907,False
z457,457,in_single_input_module,-0.04303054927971761,0.006490758385245563,0.04303054927971761,0.005,0.009271523178807948,True
z460,460,in_single_input_module,-0.06609454043366506,2.871131428541345e-05,0.06609454043366506,0.0,0.0,True
z463,463,in_single_input_module,-0.05179346043392455,0.0010496036215489142,0.05179346043392455,0.002,0.004072727272727273,True
z464,464,in_single_input_module,-0.056997959075659535,0.00031014819940646275,0.056997959075659535,0.001,0.0021538461538461538,True
z465,465,in_single_input_module,-0.10746723533199931,9.462975644299865e-12,0.10746723533199931,0.0,0.0,True
z466,466,in_single_input_module,-0.07155568008413561,5.899163323736582e-06,0.07155568008413561,0.0,0.0,True
z467,467,in_single_input_module,-0.06346720354645684,5.899032131090572e-05,0.06346720354645684,0.001,0.0021538461538461538,True
z468,468,in_single_input_module,-0.05998821687198542,0.00014691848334294196,0.05998821687198542,0.0,0.0,True
z469,469,in_single_input_module,-0.014709255043016473,0.3523428543833178,0.014709255043016473,0.5,0.5506391347099312,False
z473,473,in_single_input_module,-0.08314917988810774,1.3920575561661404e-07,0.08314917988810774,0.0,0.0,True
z474,474,in_single_input_module,-0.05431382953738144,0.0005891273306496387,0.05431382953738144,0.0,0.0,True
z476,476,in_single_input_module,-0.021842358226603416,0.16722822417750144,0.021842358226603416,0.155,0.20351699882766708,False
z477,477,in_single_input_module,-0.07119400777870216,6.574544671593728e-06,0.07119400777870216,0.0,0.0,True
z478,478,in_single_input_module,-0.06811703603152211,1.6195899910802398e-05,0.06811703603152211,0.0,0.0,True
z481,481,in_single_input_module,-0.014646435772838091,0.354403323311257,0.014646435772838091,0.62,0.6575757575757576,False
z482,482,in_single_input_module,-0.011942660958378247,0.4501823511342096,0.011942660958378247,0.709,0.7393668528864059,False
z484,484,in_single_input_module,-0.03049132691381244,0.05381950786502283,0.03049132691381244,0.036,0.05576763485477178,False
z487,487,in_single_input_module,-0.014631329119532136,0.35489995321223355,0.014631329119532136,0.489,0.5417210682492581,False
z492,492,in_single_input_module,-0.03139987498833104,0.04705871275812217,0.03139987498833104,0.049,0.07278514588859417,False
z495,495,in_single_input_module,-0.06258989413291285,7.45805147163819e-05,0.06258989413291285,0.0,0.0,True
z496,496,in_single_input_module,-0.07792867167762668,8.03123839846997e-07,0.07792867167762668,0.0,0.0,True
z498,498,in_single_input_module,-0.05121086727277152,0.0011954090792904376,0.05121086727277152,0.0,0.0,True
z500,500,in_single_input_module,-0.008496057568199432,0.5911435522199084,0.008496057568199432,0.655,0.6881801125703565,False
z501,501,in_single_input_module,-0.025952419111462954,0.10076866875929025,0.025952419111462954,0.148,0.1959338061465721,False
z502,502,in_single_input_module,-0.0184106803535272,0.24437198235568222,0.0184106803535272,0.324,0.38686567164179103,False
z504,504,in_single_input_module,-0.03449208753295254,0.02915100565037666,0.03449208753295254,0.027,0.04301564722617354,True
z507,507,in_single_input_module,-0.059123069917731856,0.00018301582729093142,0.059123069917731856,0.0,0.0,True
z508,508,in_single_input_module,-0.014591324249736443,0.35621722985312526,0.014591324249736443,0.213,0.2680449438202247,False
z509,509,in_single_input_module,-0.0620927122923573,8.506867824206199e-05,0.0620927122923573,0.0,0.0,True
z510,510,in_single_input_module,-0.029874915786380168,0.058853421803876343,0.029874915786380168,0.062,0.08925449871465296,False
z4,4,in_cascade,0.031626730190072276,0.045486747154805565,0.031626730190072276,0.038,0.058301369863013694,False
z5,5,in_cascade,-0.04367010529347382,0.005737909791681665,0.04367010529347382,0.008,0.014267515923566879,True
z7,7,in_cascade,-0.007906682547518064,0.6171356106597148,0.007906682547518064,0.74,0.7688311688311688,False
z9,9,in_cascade,-0.023497811844250573,0.13731277773636819,0.023497811844250573,0.208,0.26293453724604965,False
z10,10,in_cascade,0.01666890715345714,0.29189299934477214,0.01666890715345714,0.206,0.26099547511312216,False
z13,13,in_cascade,-0.04761794483945766,0.00259198683546693,0.04761794483945766,0.003,0.005863874345549739,True
z14,14,in_cascade,-0.03229998536781925,0.04107967568889033,0.03229998536781925,0.045,0.06746987951807229,False
z15,15,in_cascade,-0.05440628533323463,0.000576513363244396,0.05440628533323463,0.0,0.0,True
z16,16,in_cascade,-0.015700542976881754,0.32083650216539633,0.015700542976881754,0.551,0.5956756756756757,False
z17,17,in_cascade,-0.025969197828360192,0.10054858702812765,0.025969197828360192,0.122,0.1644283995186522,False
z18,18,in_cascade,-0.07194948473761692,5.23938679573778e-06,0.07194948473761692,0.0,0.0,True
z19,19,in_cascade,-0.03933044205226479,0.012858638079907949,0.03933044205226479,0.01,0.017391304347826087,True
z20,20,in_cascade,-0.044747232142967615,0.004646126081486395,0.044747232142967615,0.006,0.010909090909090908,True
z22,22,in_cascade,0.05443974316722683,0.0005720109099683758,0.05443974316722683,0.001,0.0021538461538461538,True
z27,27,in_cascade,-0.030083791767696738,0.057105562296500254,0.030083791767696738,0.052,0.07633027522935779,False
z29,29,in_cascade,-0.03391510866151165,0.03195873057011245,0.03391510866151165,0.032,0.05026647966339411,False
z30,30,in_cascade,0.031626730190072276,0.045486747154805565,0.031626730190072276,0.038,0.058301369863013694,False
z31,31,in_cascade,-0.04122057129672793,0.009125639603933625,0.04122057129672793,0.008,0.014267515923566879,True
z32,32,in_cascade,-0.011182085482125077,0.4795551380556767,0.011182085482125077,0.647,0.6816933207902164,False
z33,33,in_cascade,0.08350739120139873,1.2294637903347998e-07,0.08350739120139873,0.0,0.0,True
z36,36,in_cascade,-0.022370523434647176,0.15719433510486355,0.022370523434647176,0.181,0.2332796317606444,False
z37,37,in_cascade,0.08760169813806112,2.86722321401189e-08,0.08760169813806112,0.0,0.0,True
z41,41,in_cascade,-0.056177199569825836,0.0003784756944168108,0.056177199569825836,0.001,0.0021538461538461538,True
z43,43,in_cascade,-0.005936359809045632,0.7074118432047177,0.005936359809045632,0.721,0.7504832713754647,False
z44,44,in_cascade,-0.01555840605225755,0.32523746945453474,0.01555840605225755,0.315,0.37652081109925295,False
z47,47,in_cascade,-0.04168484084247187,0.008371613301357734,0.04168484084247187,0.01,0.017391304347826087,True
z48,48,in_cascade,0.00578726629402425,0.7144340811701663,0.00578726629402425,0.659,0.6917338331771322,False
z49,49,in_cascade,0.04046260466790262,0.010487472100274774,0.04046260466790262,0.036,0.05576763485477178,False
z51,51,in_cascade,-0.036898142270439416,0.01961098001245629,0.036898142270439416,0.016,0.02686656671664168,True
z53,53,in_cascade,0.0602646627284072,0.00013687551302160876,0.0602646627284072,0.0,0.0,True
z54,54,in_cascade,-0.011181655282301561,0.4795720425817323,0.011181655282301561,0.751,0.7791304347826087,False
z56,56,in_cascade,-0.04854105371076836,0.002134457240224751,0.04854105371076836,0.002,0.004072727272727273,True
z58,58,in_cascade,-0.05273903399600635,0.0008475224609983592,0.05273903399600635,0.002,0.004072727272727273,True
z60,60,in_cascade,-0.04954019243369996,0.001723574222459619,0.04954019243369996,0.002,0.004072727272727273,True
z65,65,in_cascade,-0.06523111320480474,3.6484230554943496e-05,0.06523111320480474,0.0,0.0,True
z66,66,in_cascade,-0.04141937699523624,0.008795635197701929,0.04141937699523624,0.01,0.017391304347826087,True
z67,67,in_cascade,-0.055286512899402715,0.0004683942082826607,0.055286512899402715,0.001,0.0021538461538461538,True
z70,70,in_cascade,-0.04278632771847002,0.006800916930028011,0.04278632771847002,0.007,0.01264516129032258,True
z71,71,in_cascade,-0.04488867205029967,0.004517680810656841,0.04488867205029967,0.005,0.009271523178807948,True
z75,75,in_cascade,-0.03092250918670624,0.05051611609427011,0.03092250918670624,0.051,0.07525691699604742,False
z76,76,in_cascade,-0.034939663712821346,0.02712165872697253,0.034939663712821346,0.021,0.034436310395314786,True
z77,77,in_cascade,-0.057670793081393765,0.0002629368599142929,0.057670793081393765,0.0,0.0,True
z81,81,in_cascade,-0.049701663243078814,0.0016644483376990198,0.049701663243078814,0.004,0.0075803722504230115,True
z82,82,in_cascade,0.051923770921901716,0.0010193269661561417,0.051923770921901716,0.0,0.0,True
z85,85,in_cascade,-0.01124148413307462,0.4772242153481612,0.01124148413307462,0.514,0.5632876712328767,False
z86,86,in_cascade,-0.05783112215080207,0.000252726636959837,0.05783112215080207,0.0,0.0,True
z88,88,in_cascade,-0.021667331076710587,0.17065728848386427,0.021667331076710587,0.277,0.33868995633187776,False
z90,90,in_cascade,0.009341380426393977,0.5547690253223976,0.009341380426393977,0.582,0.6231739961759082,False
z91,91,in_cascade,-0.06111328896812091,0.00010993387795057288,0.06111328896812091,0.0,0.0,True
z93,93,in_cascade,0.06855863450513257,1.4262528242009996e-05,0.06855863450513257,0.0,0.0,True
z95,95,in_cascade,-0.027568957543139462,0.08126370539169367,0.027568957543139462,0.075,0.10632911392405062,False
z99,99,in_cascade,0.05571585167399356,0.0004228166344027461,0.05571585167399356,0.0,0.0,True
z100,100,in_cascade,-0.014716050313265954,0.3521204250379934,0.014716050313265954,0.367,0.4272765072765073,False
z101,101,in_cascade,-0.06690579964684913,2.2863577036254107e-05,0.06690579964684913,0.0,0.0,True
z105,105,in_cascade,-0.02189863090292595,0.1661368189023565,0.02189863090292595,0.234,0.2902325581395349,False
z108,108,in_cascade,-0.0088075080529032,0.5776145991966188,0.0088075080529032,0.611,0.6511132254995242,False
z109,109,in_cascade,-0.060608285101337464,0.00012529245798690287,0.060608285101337464,0.0,0.0,True
z110,110,in_cascade,-0.036928185770221965,0.01951156797415254,0.036928185770221965,0.025,0.04017216642754663,True
z111,111,in_cascade,-0.034915485291348136,0.027228086098760956,0.034915485291348136,0.022,0.03586608442503639,True
z112,112,in_cascade,-0.053285605219418414,0.0007478189587656783,0.053285605219418414,0.001,0.0021538461538461538,True
z113,113,in_cascade,-0.042787137189431106,0.006799867290565225,0.042787137189431106,0.009,0.015874015748031496,True
z115,115,in_cascade,-0.04306815852247861,0.006444142114289538,0.04306815852247861,0.008,0.014267515923566879,True
z116,116,in_cascade,-0.036089548980809655,0.022457854456469514,0.036089548980809655,0.032,0.05026647966339411,False
z118,118,in_cascade,0.04003003795429277,0.011343164825945442,0.04003003795429277,0.031,0.048901408450704224,True
z120,120,in_cascade,0.08922760214184985,1.578889685735698e-08,0.08922760214184985,0.0,0.0,True
z123,123,in_cascade,-0.03445797326360812,0.029310905337488338,0.03445797326360812,0.024,0.03873198847262248,True
z128,128,in_cascade,-0.0197933109282021,0.21072650303529725,0.0197933109282021,0.287,0.34939130434782606,False
z129,129,in_cascade,-0.05241167954850204,0.0009129988459999802,0.05241167954850204,0.001,0.0021538461538461538,True
z130,130,in_cascade,-0.013137031800041688,0.40617985427463354,0.013137031800041688,0.39,0.4498455200823893,False
z132,132,in_cascade,-0.051495542701669346,0.0011219733183636758,0.051495542701669346,0.003,0.005863874345549739,True
z134,134,in_cascade,-0.01937851298587806,0.22044836006052404,0.01937851298587806,0.349,0.4127560718057022,False
z135,135,in_cascade,-0.01347383093953236,0.3942517116021603,0.01347383093953236,0.449,0.5048995983935743,False
z136,136,in_cascade,-0.031198868301280522,0.04848949597527615,0.031198868301280522,0.042,0.06348178137651822,False
z137,137,in_cascade,-0.037910950601187446,0.016493346372657963,0.037910950601187446,0.019,0.031294117647058826,True
z138,138,in_cascade,-0.025578053462580866,0.10577963937015127,0.025578053462580866,0.153,0.2016,False
z140,140,in_cascade,-0.04199752451391293,0.007895680030937356,0.04199752451391293,0.009,0.015874015748031496,True
z141,141,in_cascade,-0.021223060585870257,0.1795973485755192,0.021223060585870257,0.221,0.27625,False
z142,142,in_cascade,0.04953091768644153,0.0017270283041865774,0.04953091768644153,0.0,0.0,True
z144,144,in_cascade,0.044238267440685326,0.005136137263650387,0.044238267440685326,0.0,0.0,True
z145,145,in_cascade,-0.06613293840437558,2.84051165016194e-05,0.06613293840437558,0.0,0.0,True
z147,147,in_cascade,0.03162673019007226,0.045486747154805565,0.03162673019007226,0.165,0.21563593932322056,False
z148,148,in_cascade,0.046624260777895395,0.0031833030174409685,0.046624260777895395,0.0,0.0,True
z151,151,in_cascade,-0.06321460190151214,6.313015663817963e-05,0.06321460190151214,0.0,0.0,True
z152,152,in_cascade,-0.03395542095621963,0.03175529460618495,0.03395542095621963,0.025,0.04017216642754663,True
z153,153,in_cascade,-0.03023725636967985,0.05584907041512749,0.03023725636967985,0.043,0.06490566037735848,False
z154,154,in_cascade,-0.028297885046142113,0.07353201589800912,0.028297885046142113,0.071,0.10104193138500635,False
z156,156,in_cascade,-0.06197299928459925,8.779449342433269e-05,0.06197299928459925,0.001,0.0021538461538461538,True
z158,158,in_cascade,-0.01424129748099047,0.3678739660887793,0.01424129748099047,0.412,0.47037716615698266,False
z160,160,in_cascade,0.0019256574257862384,0.9030959700826292,0.0019256574257862384,1.0,1.0,False
z162,162,in_cascade,-0.04942700252425042,0.0017661655888148928,0.04942700252425042,0.002,0.004072727272727273,True
z164,164,in_cascade,0.040538209161736415,0.010343953339410138,0.040538209161736415,0.033,0.05154811715481172,False
z165,165,in_cascade,-0.051049133811547735,0.001239082819454892,0.051049133811547735,0.0,0.0,True
z167,167,in_cascade,0.050574699576365054,0.0013758371222781704,0.050574699576365054,0.006,0.010909090909090908,True
z168,168,in_cascade,-0.03441059868113342,0.02953420928247486,0.03441059868113342,0.027,0.04301564722617354,True
z169,169,in_cascade,-0.04417863266876445,0.005196506377822699,0.04417863266876445,0.003,0.005863874345549739,True
z172,172,in_cascade,-0.026496808230904906,0.09382133303831493,0.026496808230904906,0.1,0.13776137761377616,False
z173,173,in_cascade,-0.037121048498979334,0.018883815798915474,0.037121048498979334,0.017,0.028291233283803868,True
z176,176,in_cascade,0.031626730190072276,0.045486747154805565,0.031626730190072276,0.042,0.06348178137651822,False
z178,178,in_cascade,-0.046036679241832086,0.0035883616301753104,0.046036679241832086,0.002,0.004072727272727273,True
z179,179,in_cascade,-0.03500090397661158,0.02685369884841006,0.03500090397661158,0.023,0.03738751814223512,True
z180,180,in_cascade,-0.02809233915627378,0.0756487614815816,0.02809233915627378,0.107,0.14614634146341465,False
z181,181,in_cascade,-0.007906682547518067,0.6171356106597148,0.007906682547518067,0.776,0.7980899908172636,False
z182,182,in_cascade,-0.015637492873355904,0.3227838918418825,0.015637492873355904,0.361,0.4239416058394161,False
z184,184,in_cascade,-0.015733627698937193,0.319817711055519,0.015733627698937193,0.469,0.5237088733798604,False
z186,186,in_cascade,0.031626730190072276,0.045486747154805565,0.031626730190072276,0.038,0.058301369863013694,False
z190,190,in_cascade,-0.014158143675335872,0.3706777106264371,0.014158143675335872,0.397,0.45510747185261,False
z191,191,in_cascade,-0.05966636273182737,0.00015948417883586614,0.05966636273182737,0.0,0.0,True
z192,192,in_cascade,-0.0731554701783386,3.6299339439327706e-06,0.0731554701783386,0.0,0.0,True
z195,195,in_cascade,-0.03226206616092711,0.041317908574872074,0.03226206616092711,0.049,0.07278514588859417,False
z196,196,in_cascade,-0.06241180731842551,7.818826941288537e-05,0.06241180731842551,0.0,0.0,True
z197,197,in_cascade,0.031626730190072276,0.045486747154805565,0.031626730190072276,0.046,0.06878504672897197,False
z198,198,in_cascade,0.023853425947909408,0.13146082685507343,0.023853425947909408,0.122,0.1644283995186522,False
z199,199,in_cascade,-0.007906682547518067,0.6171356106597148,0.007906682547518067,0.288,0.35022801302931594,False
z200,200,in_cascade,-0.04399316623043113,0.005388374679677355,0.04399316623043113,0.004,0.0075803722504230115,True
z202,202,in_cascade,-0.04117764678631542,0.009198325385052098,0.04117764678631542,0.006,0.010909090909090908,True
z204,204,in_cascade,-0.047308640340494486,0.002764293330714306,0.047308640340494486,0.002,0.004072727272727273,True
z205,205,in_cascade,-0.05802439070444936,0.00024091286021672655,0.05802439070444936,0.001,0.0021538461538461538,True
z206,206,in_cascade,-0.027294302716615964,0.08434286382307782,0.027294302716615964,0.076,0.10761061946902654,False
z208,208,in_cascade,-0.048155634961465604,0.0023156463947446625,0.048155634961465604,0.002,0.004072727272727273,True
z209,209,in_cascade,-0.03896332783430763,0.01372341224875798,0.03896332783430763,0.009,0.015874015748031496,True
z210,210,in_cascade,-0.026833519355184764,0.08972012901659776,0.026833519355184764,0.112,0.15260340632603409,False
z212,212,in_cascade,0.05091317269408471,0.0012769316795444643,0.05091317269408471,0.006,0.010909090909090908,True
z213,213,in_cascade,0.06946059113232114,1.0975142134352172e-05,0.06946059113232114,0.0,0.0,True
z215,215,in_cascade,-0.044144607708274816,0.0052312367666781465,0.044144607708274816,0.004,0.0075803722504230115,True
z216,216,in_cascade,-0.06512472270963171,3.7569861971114716e-05,0.06512472270963171,0.001,0.0021538461538461538,True
z218,218,in_cascade,-0.02278342953743893,0.149673062773116,0.02278342953743893,0.121,0.16347406513872134,False
z220,220,in_cascade,-0.05840434016985892,0.00021918236792485392,0.05840434016985892,0.0,0.0,True
z221,221,in_cascade,-0.02995106674060051,0.058211121386022,0.02995106674060051,0.059,0.08526451612903226,False
z226,226,in_cascade,-0.02220167860426797,0.16035112806932283,0.02220167860426797,0.264,0.32350109409190375,False
z227,227,in_cascade,-0.044669357405658,0.004718248672196168,0.044669357405658,0.003,0.005863874345549739,True
z228,228,in_cascade,0.05752198350903845,0.0002727582479447972,0.05752198350903845,0.001,0.0021538461538461538,True
z230,230,in_cascade,-0.038868778421939275,0.013954285282206404,0.038868778421939275,0.011,0.018983050847457623,True
z231,231,in_cascade,-0.037508209801047965,0.017676735748951653,0.037508209801047965,0.024,0.03873198847262248,True
z232,232,in_cascade,-0.03015969734950213,0.05648117779639663,0.03015969734950213,0.052,0.07633027522935779,False
z233,233,in_cascade,-0.06867430689415208,1.3793698546653966e-05,0.06867430689415208,0.0,0.0,True
z237,237,in_cascade,-0.024829599578516798,0.11638882510647357,0.024829599578516798,0.182,0.23429885057471264,False
z238,238,in_cascade,-0.026801952490918032,0.0900983840469842,0.026801952490918032,0.088,0.12304619225967539,False
z240,240,in_cascade,-0.01116353539293586,0.4802843512599737,0.01116353539293586,0.639,0.6738983050847458,False
z241,241,in_cascade,-0.06018401567353949,0.0001397364698527064,0.06018401567353949,0.0,0.0,True
z242,242,in_cascade,-0.03591864088092137,0.023103589950104975,0.03591864088092137,0.019,0.031294117647058826,True
z243,243,in_cascade,-0.038290319035286846,0.015442844410634891,0.038290319035286846,0.017,0.028291233283803868,True
z247,247,in_cascade,-0.03112124564990472,0.04905171091873908,0.03112124564990472,0.036,0.05576763485477178,False
z251,251,in_cascade,-0.04510990389846963,0.004323213058329346,0.04510990389846963,0.004,0.0075803722504230115,True
z253,253,in_cascade,-0.04927470448936803,0.0018249993722518009,0.04927470448936803,0.004,0.0075803722504230115,True
z254,254,in_cascade,-0.04936790617984178,0.0017887848183407017,0.04936790617984178,0.003,0.005863874345549739,True
z256,256,in_cascade,0.04424159548377621,0.005132786980253394,0.04424159548377621,0.04,0.06095238095238095,False
z258,258,in_cascade,-0.023176999453359964,0.1427625078753019,0.023176999453359964,0.15,0.19811320754716982,False
z259,259,in_cascade,-0.008113192253338801,0.6079713268182965,0.008113192253338801,0.6,0.6418338108882521,False
z260,260,in_cascade,-0.04463411232328081,0.004751222184275787,0.04463411232328081,0.002,0.004072727272727273,True
z263,263,in_cascade,-0.023727548893826507,0.13350974484471043,0.023727548893826507,0.18,0.2325259515570934,False
z264,264,in_cascade,-0.03097008730460773,0.05016224005567968,0.03097008730460773,0.064,0.09166240409207162,False
z266,266,in_cascade,-0.06253719645432805,7.563135216763659e-05,0.06253719645432805,0.001,0.0021538461538461538,True
z267,267,in_cascade,-0.04377411629253618,0.005623206178790531,0.04377411629253618,0.003,0.005863874345549739,True
z269,269,in_cascade,0.031626730190072276,0.045486747154805565,0.031626730190072276,0.038,0.058301369863013694,False
z272,272,in_cascade,0.060016122511147976,0.0001458740744016076,0.060016122511147976,0.001,0.0021538461538461538,True
z277,277,in_cascade,-0.019019004713179265,0.22913103542438853,0.019019004713179265,0.232,0.2893541202672606,False
z281,281,in_cascade,-0.05157619045755905,0.00110194026408841,0.05157619045755905,0.0,0.0,True
z283,283,in_cascade,-0.05004876174810259,0.0015436141606605762,0.05004876174810259,0.001,0.0021538461538461538,True
z291,291,in_cascade,-0.06229763178600829,8.058739002009847e-05,0.06229763178600829,0.0,0.0,True
z292,292,in_cascade,0.05438384541747643,0.0005795515817169993,0.05438384541747643,0.007,0.01264516129032258,True
z293,293,in_cascade,-0.040209601141487035,0.010980707900596048,0.040209601141487035,0.01,0.017391304347826087,True
z294,294,in_cascade,-0.007906682547518066,0.6171356106597148,0.007906682547518066,0.798,0.8177127172918573,False
z295,295,in_cascade,-0.051963477263123406,0.0010102633816546239,0.051963477263123406,0.002,0.004072727272727273,True
z296,296,in_cascade,-0.031246526856502782,0.048146996495138344,0.031246526856502782,0.049,0.07278514588859417,False
z297,297,in_cascade,-0.029248794613899162,0.06436058828142148,0.029248794613899162,0.083,0.11663739021329987,False
z298,298,in_cascade,-0.03227796747546437,0.04121786423977217,0.03227796747546437,0.044,0.06623655913978495,False
z299,299,in_cascade,-0.04395737374359052,0.005426130455571611,0.04395737374359052,0.002,0.004072727272727273,True
z300,300,in_cascade,-0.022831994824881203,0.1488067752953226,0.022831994824881203,0.133,0.17754469606674614,False
z301,301,in_cascade,-0.0344676042611588,0.02926568688746574,0.0344676042611588,0.027,0.04301564722617354,True
z303,303,in_cascade,-0.06958311606910308,1.0588803424044027e-05,0.06958311606910308,0.0,0.0,True
z304,304,in_cascade,-0.04565523899882566,0.0038758364349327614,0.04565523899882566,0.005,0.009271523178807948,True
z305,305,in_cascade,0.06228520319946097,8.085270419538968e-05,0.06228520319946097,0.0,0.0,True
z307,307,in_cascade,-0.019978735638536922,0.2064823399926721,0.019978735638536922,0.238,0.29389195148842334,False
z308,308,in_cascade,-0.028557784497538347,0.07092510634304311,0.028557784497538347,0.083,0.11663739021329987,False
z309,309,in_cascade,-0.03491799114617166,0.027217039243183763,0.03491799114617166,0.027,0.04301564722617354,True
z310,310,in_cascade,-0.007906682547518066,0.6171356106597148,0.007906682547518066,0.566,0.6095384615384615,False
z311,311,in_cascade,-0.03258668893760427,0.03931579610865727,0.03258668893760427,0.039,0.05967213114754098,False
z312,312,in_cascade,-0.019977872945421277,0.2065019413420871,0.019977872945421277,0.233,0.28963374028856825,False
z314,314,in_cascade,-0.035308308346691575,0.025542890879402123,0.035308308346691575,0.018,0.029822485207100593,True
z315,315,in_cascade,-0.026174342527547644,0.09788861263609432,0.026174342527547644,0.069,0.09832061068702291,False
z316,316,in_cascade,-0.030498450744449332,0.05376350037574522,0.030498450744449332,0.044,0.06623655913978495,False
z317,317,in_cascade,0.04523981743101173,0.004212583271159451,0.04523981743101173,0.008,0.014267515923566879,True
z319,319,in_cascade,-0.03468268035988152,0.028271402670521223,0.03468268035988152,0.033,0.05154811715481172,False
z320,320,in_cascade,-0.04096025174552883,0.009574439765025292,0.04096025174552883,0.01,0.017391304347826087,True
z322,322,in_cascade,0.06326552200470345,6.227412526159352e-05,0.06326552200470345,0.0,0.0,True
z324,324,in_cascade,0.00400948154831518,0.799879047384851,0.00400948154831518,0.949,0.9575495495495495,False
z327,327,in_cascade,-0.015618548412795877,0.3233705200559634,0.015618548412795877,0.369,0.4291588785046729,False
z330,330,in_cascade,0.1048152332444382,3.025250402825501e-11,0.1048152332444382,0.0,0.0,True
z331,331,in_cascade,-0.05120389013348638,0.0011972634251497518,0.05120389013348638,0.004,0.0075803722504230115,True
z336,336,in_cascade,0.0627443589565463,7.15793056524043e-05,0.0627443589565463,0.001,0.0021538461538461538,True
z343,343,in_cascade,-0.04110443008398019,0.009323498722085021,0.04110443008398019,0.012,0.020676923076923075,True
z349,349,in_cascade,-0.07433917382359032,2.518009792941833e-06,0.07433917382359032,0.0,0.0,True
z350,350,in_cascade,-0.04672354504689416,0.0031191273978234497,0.04672354504689416,0.002,0.004072727272727273,True
z352,352,in_cascade,0.07069576631088186,7.626996900742246e-06,0.07069576631088186,0.0,0.0,True
z353,353,in_cascade,-0.050846749185604216,0.0012958080121079991,0.050846749185604216,0.0,0.0,True
z354,354,in_cascade,-0.03585016852572949,0.02336678375833292,0.03585016852572949,0.024,0.03873198847262248,True
z355,355,in_cascade,0.05391657039404813,0.0006463045523727104,0.05391657039404813,0.005,0.009271523178807948,True
z356,356,in_cascade,-0.04119251848816896,0.00917308427190854,0.04119251848816896,0.009,0.015874015748031496,True
z358,358,in_cascade,-0.034016976950343766,0.03144679418222656,0.034016976950343766,0.025,0.04017216642754663,True
z363,363,in_cascade,-0.07758224197550283,8.987483974601593e-07,0.07758224197550283,0.0,0.0,True
z366,366,in_cascade,-0.04578473270746474,0.0037759784472376177,0.04578473270746474,0.004,0.0075803722504230115,True
z367,367,in_cascade,0.03162673019007228,0.045486747154805565,0.03162673019007228,0.055,0.08010403120936281,False
z369,369,in_cascade,-0.028222106698199145,0.07430668857666194,0.028222106698199145,0.073,0.10362484157160962,False
z370,370,in_cascade,-0.03013062778495119,0.05671962390444157,0.03013062778495119,0.055,0.08010403120936281,False
z371,371,in_cascade,-0.03634606447210132,0.021518117031513247,0.03634606447210132,0.023,0.03738751814223512,True
z372,372,in_cascade,-0.06162325761826505,9.623820047783072e-05,0.06162325761826505,0.001,0.0021538461538461538,True
z374,374,in_cascade,-0.028749475413198573,0.06905130141713167,0.028749475413198573,0.051,0.07525691699604742,False
z375,375,in_cascade,-0.03902992151773488,0.0135628326614263,0.03902992151773488,0.016,0.02686656671664168,True
z378,378,in_cascade,-0.027200097182076638,0.0854204909857973,0.027200097182076638,0.064,0.09166240409207162,False
z383,383,in_cascade,-0.0062353975140252045,0.6934025705329175,0.0062353975140252045,0.757,0.7835859519408502,False
z385,385,in_cascade,-0.05629325100737475,0.00036802683911768227,0.05629325100737475,0.0,0.0,True
z386,386,in_cascade,-0.033622941998544466,0.03346679518775722,0.033622941998544466,0.033,0.05154811715481172,False
z390,390,in_cascade,0.068358786017078,1.5108534535931285e-05,0.068358786017078,0.0,0.0,True
z392,392,in_cascade,-0.013622786088460601,0.38904457567546,0.013622786088460601,0.627,0.6637429111531191,False
z393,393,in_cascade,-0.017177773619178008,0.27740892986132243,0.017177773619178008,0.361,0.4239416058394161,False
z395,395,in_cascade,-0.0351830963411181,0.026069976022435375,0.0351830963411181,0.026,0.04165951359084406,True
z397,397,in_cascade,-0.015817328728021215,0.31724972672639873,0.015817328728021215,0.264,0.32350109409190375,False
z398,398,in_cascade,-0.0731722293458361,3.611323877536969e-06,0.0731722293458361,0.0,0.0,True
z400,400,in_cascade,-0.014262142753270377,0.3671731889025629,0.014262142753270377,0.362,0.4239416058394161,False
z401,401,in_cascade,0.031626730190072276,0.045486747154805565,0.031626730190072276,0.042,0.06348178137651822,False
z402,402,in_cascade,-0.031215018077536794,0.048373206769844385,0.031215018077536794,0.047,0.07009320905459387,False
z405,405,in_cascade,-0.04022921392168248,0.010941748522799995,0.04022921392168248,0.016,0.02686656671664168,True
z407,407,in_cascade,-0.04585091112002883,0.0037258531997291697,0.04585091112002883,0.006,0.010909090909090908,True
z408,408,in_cascade,-0.04194334696253514,0.0079763668373674,0.04194334696253514,0.007,0.01264516129032258,True
z409,409,in_cascade,-0.03154617720538727,0.04603978779126578,0.03154617720538727,0.052,0.07633027522935779,False
z412,412,in_cascade,-0.041816449049991766,0.008168252429586683,0.041816449049991766,0.006,0.010909090909090908,True
z413,413,in_cascade,0.04125649527571784,0.009065202535817203,0.04125649527571784,0.011,0.018983050847457623,True
z418,418,in_cascade,-0.03528483219086116,0.025641006891596888,0.03528483219086116,0.021,0.034436310395314786,True
z419,419,in_cascade,0.031626730190072276,0.045486747154805565,0.031626730190072276,0.042,0.06348178137651822,False
z420,420,in_cascade,-0.04747503944699352,0.00267033804550658,0.04747503944699352,0.001,0.0021538461538461538,True
z421,421,in_cascade,-0.045814578060871185,0.003753297442731041,0.045814578060871185,0.006,0.010909090909090908,True
z422,422,in_cascade,-0.0471912677724208,0.0028323713494491382,0.0471912677724208,0.005,0.009271523178807948,True
z423,423,in_cascade,0.052531192967308,0.0008885693817277817,0.052531192967308,0.004,0.0075803722504230115,True
z425,425,in_cascade,-0.06568778100291531,3.2153492265814065e-05,0.06568778100291531,0.0,0.0,True
z428,428,in_cascade,-0.031254199502945404,0.048092047143420115,0.031254199502945404,0.068,0.09701910828025478,False
z432,432,in_cascade,-0.013677812595552093,0.38713160547995573,0.013677812595552093,0.52,0.5687500000000001,False
z433,433,in_cascade,-0.05185550790940332,0.001035085101340522,0.05185550790940332,0.001,0.0021538461538461538,True
z434,434,in_cascade,0.072555500298591,4.3601246045539755e-06,0.072555500298591,0.0,0.0,True
z436,436,in_cascade,0.05369381601614788,0.000680581804192352,0.05369381601614788,0.004,0.0075803722504230115,True
z437,437,in_cascade,-0.029062480708136263,0.0660791501124304,0.029062480708136263,0.063,0.09057766367137356,False
z440,440,in_cascade,-0.04397666000739395,0.005405756742110242,0.04397666000739395,0.006,0.010909090909090908,True
z441,441,in_cascade,0.03162673019007227,0.045486747154805565,0.03162673019007227,0.089,0.12413449564134495,False
z442,442,in_cascade,-0.033149867356965484,0.0360376304773005,0.033149867356965484,0.03,0.047524752475247525,True
z443,443,in_cascade,0.05209330422904164,0.0009811463113392287,0.05209330422904164,0.0,0.0,True
z444,444,in_cascade,-0.04051382742097609,0.010390044756424183,0.04051382742097609,0.013,0.02219512195121951,True
z445,445,in_cascade,-0.037740020654361744,0.016986823985168292,0.037740020654361744,0.015,0.02537764350453172,True
z447,447,in_cascade,-0.060061025415839145,0.00014420817563198302,0.060061025415839145,0.0,0.0,True
z449,449,in_cascade,-0.08045696260538575,3.4834339974890397e-07,0.08045696260538575,0.0,0.0,True
z452,452,in_cascade,-0.03713194178162503,0.018848891913414156,0.03713194178162503,0.016,0.02686656671664168,True
z454,454,in_cascade,-0.007906682547518064,0.6171356106597148,0.007906682547518064,0.801,0.8192876712328768,False
z457,457,in_cascade,-0.03353329121472513,0.03394157528766961,0.03353329121472513,0.028,0.0444822695035461,True
z460,460,in_cascade,-0.05500293031296173,0.000500968352223245,0.05500293031296173,0.001,0.0021538461538461538,True
z463,463,in_cascade,-0.04534081967152734,0.004128353929423647,0.04534081967152734,0.009,0.015874015748031496,True
z464,464,in_cascade,-0.04645836279890088,0.003293225987057549,0.04645836279890088,0.002,0.004072727272727273,True
z465,465,in_cascade,-0.07867062190303206,6.301698532552291e-07,0.07867062190303206,0.0,0.0,True
z466,466,in_cascade,-0.057565095486126906,0.00026987806889310344,0.057565095486126906,0.0,0.0,True
z467,467,in_cascade,-0.03763052105563903,0.017309715174853222,0.03763052105563903,0.013,0.02219512195121951,True
z468,468,in_cascade,-0.05049576637825782,0.001399895755671977,0.05049576637825782,0.001,0.0021538461538461538,True
z469,469,in_cascade,-0.013688867948697083,0.3867479643852075,0.013688867948697083,0.419,0.4773957273652085,False
z473,473,in_cascade,-0.04076166901000002,0.009929923385640724,0.04076166901000002,0.009,0.015874015748031496,True
z474,474,in_cascade,-0.03270439233642748,0.0386104915862632,0.03270439233642748,0.038,0.058301369863013694,False
z476,476,in_cascade,-0.020327144819891257,0.1986761169932031,0.020327144819891257,0.199,0.2529852440408627,False
z477,477,in_cascade,-0.03784289192421911,0.01668830426398289,0.03784289192421911,0.018,0.029822485207100593,True
z478,478,in_cascade,-0.05207943929128824,0.000984218418914254,0.05207943929128824,0.003,0.005863874345549739,True
z481,481,in_cascade,0.0545216259088912,0.0005611295732216729,0.0545216259088912,0.004,0.0075803722504230115,True
z482,482,in_cascade,-0.011114193637761165,0.48222693757363666,0.011114193637761165,0.976,0.9803766816143498,False
z484,484,in_cascade,-0.016334117498898754,0.3016945476886437,0.016334117498898754,0.33,0.3931914893617021,False
z487,487,in_cascade,-0.013616347778692705,0.38926877563272344,0.013616347778692705,0.512,0.561645445641528,False
z492,492,in_cascade,-0.029221652698511777,0.06460862653781146,0.029221652698511777,0.079,0.1115762925598991,False
z495,495,in_cascade,-0.04981172271250729,0.0016252230755522327,0.04981172271250729,0.003,0.005863874345549739,True
z496,496,in_cascade,-0.057021064316397876,0.0003084032294742283,0.057021064316397876,0.001,0.0021538461538461538,True
z498,498,in_cascade,-0.04236882452421777,0.007362092319029316,0.04236882452421777,0.008,0.014267515923566879,True
z500,500,in_cascade,0.03162673019007227,0.045486747154805565,0.03162673019007227,0.085,0.11914893617021277,False
z501,501,in_cascade,-0.011205890192560455,0.47862024840532236,0.011205890192560455,0.486,0.5389306930693069,False
z502,502,in_cascade,-0.017133523857468098,0.2786486493698167,0.017133523857468098,0.297,0.3592224622030238,False
z504,504,in_cascade,-0.026993551637130925,0.08782213654302658,0.026993551637130925,0.085,0.11914893617021277,False
z507,507,in_cascade,-0.04040431157312748,0.010599335143158755,0.04040431157312748,0.01,0.017391304347826087,True
z508,508,in_cascade,0.05431647225291504,0.0005887632408761595,0.05431647225291504,0.0,0.0,True
z509,509,in_cascade,-0.04168260243561205,0.00837511089616813,0.04168260243561205,0.015,0.02537764350453172,True
z510,510,in_cascade,-0.027802480545903882,0.0787179876798302,0.027802480545903882,0.115,0.1563106796116505,False
