feature,feature_idx,motif,rpb,pval,rpb_abs,p_empirical,p_fdr,significant_fdr
z1,1,in_feedforward_loop,-0.06187463568456438,9.009571226016357e-05,0.06187463568456438,0.0,0.0,True
z2,2,in_feedforward_loop,-0.10212691852898188,9.544981723785117e-11,0.10212691852898188,0.0,0.0,True
z3,3,in_feedforward_loop,-0.11559452788673495,2.2480822489863992e-13,0.11559452788673495,0.0,0.0,True
z4,4,in_feedforward_loop,-0.10485080934878699,2.9790129379385876e-11,0.10485080934878699,0.0,0.0,True
z5,5,in_feedforward_loop,-0.11650758372837844,1.452174925794599e-13,0.11650758372837844,0.0,0.0,True
z6,6,in_feedforward_loop,-0.09685451430497138,8.349439767158973e-10,0.09685451430497138,0.0,0.0,True
z7,7,in_feedforward_loop,-0.08923207132870511,1.5762796036338102e-08,0.08923207132870511,0.0,0.0,True
z8,8,in_feedforward_loop,-0.09435060871627966,2.2488100150461538e-09,0.09435060871627966,0.0,0.0,True
z9,9,in_feedforward_loop,-0.04232353211579988,0.0074254017932384045,0.04232353211579988,0.011,0.01290946221919673,True
z10,10,in_feedforward_loop,-0.07747916051375905,9.292566819009485e-07,0.07747916051375905,0.0,0.0,True
z11,11,in_feedforward_loop,-0.09281684264746394,4.075082357786723e-09,0.09281684264746394,0.0,0.0,True
z12,12,in_feedforward_loop,-0.015410503512173756,0.32985843835284623,0.015410503512173756,0.526,0.5420346682606096,False
z13,13,in_feedforward_loop,-0.12169048740313612,1.1389787796305649e-14,0.12169048740313612,0.0,0.0,True
z14,14,in_feedforward_loop,-0.09681165004043737,8.494064385781521e-10,0.09681165004043737,0.0,0.0,True
z15,15,in_feedforward_loop,-0.07394381007401334,2.8469278604979263e-06,0.07394381007401334,0.0,0.0,True
z16,16,in_feedforward_loop,-0.08748894501128171,2.9871750018397685e-08,0.08748894501128171,0.0,0.0,True
z17,17,in_feedforward_loop,-0.023437539576344923,0.1383242158175061,0.023437539576344923,0.176,0.1886965174129353,False
z18,18,in_feedforward_loop,-0.057370531204065,0.00028310621482216617,0.057370531204065,0.0,0.0,True
z19,19,in_feedforward_loop,-0.06713331144160334,2.1439111255918055e-05,0.06713331144160334,0.0,0.0,True
z21,21,in_feedforward_loop,-0.07488560422369553,2.1228890283119127e-06,0.07488560422369553,0.0,0.0,True
z22,22,in_feedforward_loop,-0.10107010868674526,1.4875402401085468e-10,0.10107010868674526,0.0,0.0,True
z24,24,in_feedforward_loop,-0.06539961235811495,3.482553116574627e-05,0.06539961235811495,0.0,0.0,True
z25,25,in_feedforward_loop,-0.10582030945673596,1.9540315992556996e-11,0.10582030945673596,0.0,0.0,True
z26,26,in_feedforward_loop,-0.08820829277561283,2.2978804488971355e-08,0.08820829277561283,0.0,0.0,True
z27,27,in_feedforward_loop,-0.02907264813829645,0.06598440028102963,0.02907264813829645,0.056,0.06212612612612613,False
z28,28,in_feedforward_loop,-0.09987164410870049,2.4469316351293367e-10,0.09987164410870049,0.0,0.0,True
z29,29,in_feedforward_loop,-0.09414506282325756,2.4366351455393753e-09,0.09414506282325756,0.0,0.0,True
z30,30,in_feedforward_loop,-0.0907505375034738,8.94331920845964e-09,0.0907505375034738,0.0,0.0,True
z31,31,in_feedforward_loop,-0.06895996706655344,1.2698026291541399e-05,0.06895996706655344,0.0,0.0,True
z32,32,in_feedforward_loop,-0.01896327685287414,0.2304984345960782,0.01896327685287414,0.362,0.3789241044323012,False
z33,33,in_feedforward_loop,-0.0949961366074769,1.746081786183337e-09,0.0949961366074769,0.0,0.0,True
z34,34,in_feedforward_loop,-0.0716561757678249,5.72361631452757e-06,0.0716561757678249,0.0,0.0,True
z35,35,in_feedforward_loop,-0.05682225764059673,0.00032372311562473883,0.05682225764059673,0.0,0.0,True
z36,36,in_feedforward_loop,-0.06769281623129478,1.828651271887899e-05,0.06769281623129478,0.0,0.0,True
z37,37,in_feedforward_loop,-0.07739893865623482,9.536865839408728e-07,0.07739893865623482,0.0,0.0,True
z38,38,in_feedforward_loop,-0.13484499154030233,1.0824119718054263e-17,0.13484499154030233,0.0,0.0,True
z39,39,in_feedforward_loop,-0.00852049264186087,0.5900768806426484,0.00852049264186087,0.946,0.9487515997673065,False
z40,40,in_feedforward_loop,-0.08770418871845151,2.762252098772948e-08,0.08770418871845151,0.0,0.0,True
z41,41,in_feedforward_loop,-0.09734657283104811,6.851904621003693e-10,0.09734657283104811,0.0,0.0,True
z42,42,in_feedforward_loop,-0.14751109135669963,6.7333090629177795e-21,0.14751109135669963,0.0,0.0,True
z43,43,in_feedforward_loop,-0.07212640924797893,4.966528263606053e-06,0.07212640924797893,0.0,0.0,True
z44,44,in_feedforward_loop,-0.12502486957678954,2.088884037047745e-15,0.12502486957678954,0.0,0.0,True
z45,45,in_feedforward_loop,-0.05731172080210678,0.0002872226572492949,0.05731172080210678,0.001,0.001275147928994083,True
z46,46,in_feedforward_loop,-0.10282693192534673,7.096741943148984e-11,0.10282693192534673,0.0,0.0,True
z47,47,in_feedforward_loop,-0.08852367874629409,2.0468831285918164e-08,0.08852367874629409,0.0,0.0,True
z48,48,in_feedforward_loop,-0.07303550075095848,3.765862268423642e-06,0.07303550075095848,0.0,0.0,True
z49,49,in_feedforward_loop,-0.07162997830591111,5.76889047408559e-06,0.07162997830591111,0.0,0.0,True
z50,50,in_feedforward_loop,-0.09797221833788808,5.321677672500246e-10,0.09797221833788808,0.0,0.0,True
z51,51,in_feedforward_loop,-0.1337684813807939,1.9653266885532137e-17,0.1337684813807939,0.0,0.0,True
z52,52,in_feedforward_loop,-0.08983929332957916,1.2580145274441617e-08,0.08983929332957916,0.0,0.0,True
z53,53,in_feedforward_loop,-0.08230243815827346,1.8633168387079044e-07,0.08230243815827346,0.0,0.0,True
z54,54,in_feedforward_loop,-0.060333635079564754,0.00013447256733534942,0.060333635079564754,0.0,0.0,True
z55,55,in_feedforward_loop,-0.11176150733222834,1.356463305731515e-12,0.11176150733222834,0.0,0.0,True
z56,56,in_feedforward_loop,-0.07356545330922212,3.2000211997892032e-06,0.07356545330922212,0.0,0.0,True
z57,57,in_feedforward_loop,-0.10093806073981118,1.5718389920026774e-10,0.10093806073981118,0.0,0.0,True
z58,58,in_feedforward_loop,-0.07173437654645341,5.590483815377829e-06,0.07173437654645341,0.0,0.0,True
z60,60,in_feedforward_loop,-0.03952512795417536,0.012419886540601662,0.03952512795417536,0.008,0.009485557083906465,True
z61,61,in_feedforward_loop,-0.07110900455395797,6.743688554830215e-06,0.07110900455395797,0.0,0.0,True
z63,63,in_feedforward_loop,-0.12657046770454178,9.36939147971645e-16,0.12657046770454178,0.0,0.0,True
z64,64,in_feedforward_loop,-0.05258807667889631,0.0008771559369918865,0.05258807667889631,0.0,0.0,True
z65,65,in_feedforward_loop,-0.025678972746990793,0.10440974931094343,0.025678972746990793,0.109,0.11840957781978576,False
z66,66,in_feedforward_loop,-0.03548267431747991,0.024824256808389924,0.03548267431747991,0.031,0.035091267235718974,True
z67,67,in_feedforward_loop,-0.010983931881763158,0.4873757998769673,0.010983931881763158,0.522,0.5382344497607656,False
z68,68,in_feedforward_loop,-0.0780663499543724,7.679082065279623e-07,0.0780663499543724,0.0,0.0,True
z69,69,in_feedforward_loop,-0.09147339899827195,6.806473207155487e-09,0.09147339899827195,0.0,0.0,True
z70,70,in_feedforward_loop,-0.07239839262859554,4.573428617172639e-06,0.07239839262859554,0.0,0.0,True
z71,71,in_feedforward_loop,-0.056295088117482045,0.00036786362108373675,0.056295088117482045,0.0,0.0,True
z72,72,in_feedforward_loop,-0.01704628906588536,0.2811036772909499,0.01704628906588536,0.571,0.58665315852205,False
z73,73,in_feedforward_loop,-0.1332039317623503,2.6819122996141702e-17,0.1332039317623503,0.0,0.0,True
z74,74,in_feedforward_loop,-0.07132166719510835,6.32812232791155e-06,0.07132166719510835,0.0,0.0,True
z75,75,in_feedforward_loop,-0.0979012629960983,5.476855716837893e-10,0.0979012629960983,0.0,0.0,True
z76,76,in_feedforward_loop,-0.06101889870830069,0.00011266244167004236,0.06101889870830069,0.0,0.0,True
z78,78,in_feedforward_loop,-0.0860553056323008,5.007938155876977e-08,0.0860553056323008,0.0,0.0,True
z80,80,in_feedforward_loop,-0.07892827642344674,5.789771597609076e-07,0.07892827642344674,0.0,0.0,True
z81,81,in_feedforward_loop,-0.07993799371342633,4.143484453069904e-07,0.07993799371342633,0.0,0.0,True
z82,82,in_feedforward_loop,-0.008520492641860875,0.5900768806426484,0.008520492641860875,0.921,0.9252937062937063,False
z83,83,in_feedforward_loop,-0.10059082448714338,1.8164088865881495e-10,0.10059082448714338,0.0,0.0,True
z84,84,in_feedforward_loop,-0.07891411096049786,5.816843559226419e-07,0.07891411096049786,0.0,0.0,True
z87,87,in_feedforward_loop,-0.008520492641860873,0.5900768806426484,0.008520492641860873,0.365,0.38136969696969697,False
z88,88,in_feedforward_loop,-0.10303286414726312,6.501732548415203e-11,0.10303286414726312,0.0,0.0,True
z89,89,in_feedforward_loop,-0.07113228307439637,6.696958499748972e-06,0.07113228307439637,0.0,0.0,True
z90,90,in_feedforward_loop,-0.06585523716718779,3.0691442471469195e-05,0.06585523716718779,0.0,0.0,True
z91,91,in_feedforward_loop,-0.0733449729253922,3.4247554421810094e-06,0.0733449729253922,0.0,0.0,True
z92,92,in_feedforward_loop,-0.015343192348389708,0.3319754675560662,0.015343192348389708,0.25,0.2649047326367548,False
z93,93,in_feedforward_loop,-0.0667904457550014,2.3619775748057153e-05,0.0667904457550014,0.0,0.0,True
z94,94,in_feedforward_loop,-0.10473762579405982,3.1285649484407415e-11,0.10473762579405982,0.0,0.0,True
z95,95,in_feedforward_loop,-0.08683823603110423,3.7805237847644643e-08,0.08683823603110423,0.0,0.0,True
z96,96,in_feedforward_loop,-0.11193004624777711,1.2549684974858435e-12,0.11193004624777711,0.0,0.0,True
z97,97,in_feedforward_loop,-0.07041913710721137,8.2789706027643e-06,0.07041913710721137,0.0,0.0,True
z98,98,in_feedforward_loop,-0.05831781212378305,0.0002239629923997775,0.05831781212378305,0.0,0.0,True
z99,99,in_feedforward_loop,-0.09090413407643735,8.440709596364934e-09,0.09090413407643735,0.0,0.0,True
z100,100,in_feedforward_loop,-0.0775497918922014,9.08246904554894e-07,0.0775497918922014,0.0,0.0,True
z101,101,in_feedforward_loop,-0.07513091302016885,1.9655434836788354e-06,0.07513091302016885,0.0,0.0,True
z102,102,in_feedforward_loop,-0.04663969198781583,0.0031732502382173437,0.04663969198781583,0.002,0.0024859408795962507,True
z105,105,in_feedforward_loop,-0.0890652551061505,1.676600582730005e-08,0.0890652551061505,0.0,0.0,True
z106,106,in_feedforward_loop,-0.07610051067671963,1.4463941474698806e-06,0.07610051067671963,0.0,0.0,True
z107,107,in_feedforward_loop,-0.0857192424596189,5.6460830336203355e-08,0.0857192424596189,0.0,0.0,True
z108,108,in_feedforward_loop,-0.07557698412161618,1.707669777489829e-06,0.07557698412161618,0.0,0.0,True
z109,109,in_feedforward_loop,-0.11429024396721849,4.1721271815887974e-13,0.11429024396721849,0.0,0.0,True
z110,110,in_feedforward_loop,-0.06529149494838929,3.588139627487305e-05,0.06529149494838929,0.0,0.0,True
z111,111,in_feedforward_loop,-0.08262727362211153,1.666685305035932e-07,0.08262727362211153,0.0,0.0,True
z112,112,in_feedforward_loop,-0.12064853259626386,1.916962517684163e-14,0.12064853259626386,0.0,0.0,True
z113,113,in_feedforward_loop,-0.07264757943018131,4.239573413721172e-06,0.07264757943018131,0.0,0.0,True
z114,114,in_feedforward_loop,-0.1082447306226775,6.694264350724598e-12,0.1082447306226775,0.0,0.0,True
z115,115,in_feedforward_loop,-0.06593644697830386,3.0005358687135323e-05,0.06593644697830386,0.0,0.0,True
z116,116,in_feedforward_loop,-0.07306589294791196,3.730973008410384e-06,0.07306589294791196,0.0,0.0,True
z118,118,in_feedforward_loop,-0.12399947622215245,3.5363578544999597e-15,0.12399947622215245,0.0,0.0,True
z119,119,in_feedforward_loop,-0.08443421214798714,8.894564508344005e-08,0.08443421214798714,0.0,0.0,True
z120,120,in_feedforward_loop,-0.008520492641860873,0.5900768806426484,0.008520492641860873,0.363,0.37951000606428137,False
z121,121,in_feedforward_loop,-0.07124638194409638,6.472355993040914e-06,0.07124638194409638,0.0,0.0,True
z122,122,in_feedforward_loop,-0.09708368425740052,7.616023046600949e-10,0.09708368425740052,0.0,0.0,True
z123,123,in_feedforward_loop,-0.092332291200278,4.90740612352797e-09,0.092332291200278,0.0,0.0,True
z124,124,in_feedforward_loop,-0.07331086956551011,3.4608403593332638e-06,0.07331086956551011,0.0,0.0,True
z125,125,in_feedforward_loop,-0.12248697979501921,7.627321287852942e-15,0.12248697979501921,0.0,0.0,True
z126,126,in_feedforward_loop,-0.023071744114543297,0.14458620798104302,0.023071744114543297,0.08,0.08751269035532995,False
z128,128,in_feedforward_loop,-0.07431007962534102,2.540915074136111e-06,0.07431007962534102,0.0,0.0,True
z129,129,in_feedforward_loop,-0.08577609239683343,5.5328572907272926e-08,0.08577609239683343,0.0,0.0,True
z130,130,in_feedforward_loop,-0.0721694854602737,4.902183943251254e-06,0.0721694854602737,0.0,0.0,True
z131,131,in_feedforward_loop,-0.12191882303506582,1.0155675673323496e-14,0.12191882303506582,0.0,0.0,True
z133,133,in_feedforward_loop,-0.08004858517388042,3.9934268450507545e-07,0.08004858517388042,0.0,0.0,True
z134,134,in_feedforward_loop,-0.07624033862551712,1.3833938658687757e-06,0.07624033862551712,0.0,0.0,True
z135,135,in_feedforward_loop,-0.22085788683917523,2.1882087141759245e-45,0.22085788683917523,0.0,0.0,True
z136,136,in_feedforward_loop,-0.11372435374775433,5.444167224444966e-13,0.11372435374775433,0.0,0.0,True
z137,137,in_feedforward_loop,-0.05599711471527404,0.00039524010593257656,0.05599711471527404,0.0,0.0,True
z140,140,in_feedforward_loop,-0.1202372402910715,2.3514052179930787e-14,0.1202372402910715,0.0,0.0,True
z141,141,in_feedforward_loop,-0.07752485755989033,9.156110353718147e-07,0.07752485755989033,0.0,0.0,True
z142,142,in_feedforward_loop,-0.09331279291948505,3.365884980677227e-09,0.09331279291948505,0.0,0.0,True
z143,143,in_feedforward_loop,-0.06634729933132455,2.67519560950218e-05,0.06634729933132455,0.0,0.0,True
z145,145,in_feedforward_loop,-0.07600326605117018,1.4918244827973682e-06,0.07600326605117018,0.0,0.0,True
z147,147,in_feedforward_loop,-0.044884682781467455,0.004521259046846012,0.044884682781467455,0.002,0.0024859408795962507,True
z148,148,in_feedforward_loop,-0.03095768560395245,0.0502542805523735,0.03095768560395245,0.035,0.039515389652914214,True
z149,149,in_feedforward_loop,-0.07531891056958732,1.852602491216244e-06,0.07531891056958732,0.0,0.0,True
z150,150,in_feedforward_loop,-0.08162158153148001,2.3507925483728956e-07,0.08162158153148001,0.0,0.0,True
z151,151,in_feedforward_loop,-0.08196100579668197,2.0941071799517951e-07,0.08196100579668197,0.0,0.0,True
z152,152,in_feedforward_loop,-0.06837175094186246,1.5052230786514398e-05,0.06837175094186246,0.0,0.0,True
z153,153,in_feedforward_loop,-0.05621868314815391,0.00037470923383098065,0.05621868314815391,0.0,0.0,True
z154,154,in_feedforward_loop,-0.05777840043060095,0.00025604236572227695,0.05777840043060095,0.0,0.0,True
z155,155,in_feedforward_loop,-0.04977055301774379,0.0016397953261090047,0.04977055301774379,0.001,0.001275147928994083,True
z156,156,in_feedforward_loop,-0.07537481454154055,1.8202381343721632e-06,0.07537481454154055,0.0,0.0,True
z157,157,in_feedforward_loop,-0.06264323809269295,7.353085738144984e-05,0.06264323809269295,0.0,0.0,True
z158,158,in_feedforward_loop,-0.09826952473074557,4.716823341917957e-10,0.09826952473074557,0.0,0.0,True
z159,159,in_feedforward_loop,-0.05651937054327093,0.00034843780117373266,0.05651937054327093,0.0,0.0,True
z160,160,in_feedforward_loop,-0.07588602015828949,1.5484238588589522e-06,0.07588602015828949,0.0,0.0,True
z161,161,in_feedforward_loop,-0.10927043032688877,4.224312624998952e-12,0.10927043032688877,0.0,0.0,True
z162,162,in_feedforward_loop,-0.07212738278266255,4.965065174882917e-06,0.07212738278266255,0.0,0.0,True
z164,164,in_feedforward_loop,-0.07475428861198294,2.2120162917163515e-06,0.07475428861198294,0.0,0.0,True
z165,165,in_feedforward_loop,-0.06127637238642167,0.00010536587838666927,0.06127637238642167,0.0,0.0,True
z166,166,in_feedforward_loop,-0.08348355071387636,1.2396886787949862e-07,0.08348355071387636,0.0,0.0,True
z168,168,in_feedforward_loop,-0.06595882412236012,2.9818886166669062e-05,0.06595882412236012,0.0,0.0,True
z169,169,in_feedforward_loop,-0.08080206509336768,3.1019902590389964e-07,0.08080206509336768,0.0,0.0,True
z170,170,in_feedforward_loop,-0.08989122271692086,1.2338988504102697e-08,0.08989122271692086,0.0,0.0,True
z171,171,in_feedforward_loop,-0.05630940385594005,0.00036659405506712364,0.05630940385594005,0.0,0.0,True
z172,172,in_feedforward_loop,-0.14671738575016893,1.0908025005609276e-20,0.14671738575016893,0.0,0.0,True
z173,173,in_feedforward_loop,-0.0750248015054773,2.0321799095984026e-06,0.0750248015054773,0.0,0.0,True
z174,174,in_feedforward_loop,-0.09069346719603841,9.137382394168845e-09,0.09069346719603841,0.0,0.0,True
z176,176,in_feedforward_loop,-0.07323139530652396,3.5463520880879503e-06,0.07323139530652396,0.0,0.0,True
z177,177,in_feedforward_loop,-0.02991766953067876,0.05849209210041817,0.02991766953067876,0.061,0.0675427103403982,False
z178,178,in_feedforward_loop,-0.11855328583417934,5.3876445148429395e-14,0.11855328583417934,0.0,0.0,True
z179,179,in_feedforward_loop,-0.07499524614315431,2.0511231118455797e-06,0.07499524614315431,0.0,0.0,True
z180,180,in_feedforward_loop,-0.061277517097170164,0.00010533445697088529,0.061277517097170164,0.0,0.0,True
z181,181,in_feedforward_loop,-0.07229717708862038,4.716102555618206e-06,0.07229717708862038,0.0,0.0,True
z182,182,in_feedforward_loop,-0.0823611768892569,1.8261740819470203e-07,0.0823611768892569,0.0,0.0,True
z183,183,in_feedforward_loop,-0.10788876979026132,7.846184808532367e-12,0.10788876979026132,0.0,0.0,True
z184,184,in_feedforward_loop,-0.06736648870189277,2.006703118365209e-05,0.06736648870189277,0.0,0.0,True
z185,185,in_feedforward_loop,-0.0883890479512116,2.1505917198252787e-08,0.0883890479512116,0.0,0.0,True
z186,186,in_feedforward_loop,-0.09275658374501589,4.170579639652287e-09,0.09275658374501589,0.0,0.0,True
z187,187,in_feedforward_loop,-0.1254311858382652,1.6935273717822646e-15,0.1254311858382652,0.0,0.0,True
z188,188,in_feedforward_loop,-0.07343654781382433,3.3296353212567606e-06,0.07343654781382433,0.0,0.0,True
z189,189,in_feedforward_loop,-0.03978947161924915,0.01184538568365656,0.03978947161924915,0.007,0.008317022742935906,True
z190,190,in_feedforward_loop,-0.08917084547153703,1.6124037830955562e-08,0.08917084547153703,0.0,0.0,True
z191,191,in_feedforward_loop,-0.08100288761602054,2.898922779250004e-07,0.08100288761602054,0.0,0.0,True
z192,192,in_feedforward_loop,-0.09638874307097589,1.0058374026330173e-09,0.09638874307097589,0.0,0.0,True
z193,193,in_feedforward_loop,-0.07392298519085014,2.8653491285129346e-06,0.07392298519085014,0.0,0.0,True
z194,194,in_feedforward_loop,-0.05040379767842976,0.0014284164240513228,0.05040379767842976,0.001,0.001275147928994083,True
z195,195,in_feedforward_loop,-0.10994816198940388,3.1090023505976145e-12,0.10994816198940388,0.0,0.0,True
z197,197,in_feedforward_loop,-0.07764139711950785,8.816784783128763e-07,0.07764139711950785,0.0,0.0,True
z198,198,in_feedforward_loop,0.0038092011931904254,0.8096786507979309,0.0038092011931904254,0.803,0.8129019377568996,False
z199,199,in_feedforward_loop,-0.008520492641860871,0.5900768806426484,0.008520492641860871,0.359,0.37601215066828675,False
z200,200,in_feedforward_loop,-0.09666493454472033,9.007809403336267e-10,0.09666493454472033,0.0,0.0,True
z201,201,in_feedforward_loop,-0.060789663059869034,0.00011955725557490223,0.060789663059869034,0.0,0.0,True
z202,202,in_feedforward_loop,-0.09545483426952989,1.457267378570686e-09,0.09545483426952989,0.0,0.0,True
z203,203,in_feedforward_loop,-0.024007150296168317,0.128991780654513,0.024007150296168317,0.159,0.1712154903185509,False
z204,204,in_feedforward_loop,-0.05647364163506091,0.00035231894341737006,0.05647364163506091,0.001,0.001275147928994083,True
z205,205,in_feedforward_loop,-0.10587805356059601,1.905335081156625e-11,0.10587805356059601,0.0,0.0,True
z206,206,in_feedforward_loop,-0.07427726147105139,2.566992095783824e-06,0.07427726147105139,0.0,0.0,True
z207,207,in_feedforward_loop,-0.08470102265759905,8.097993928995612e-08,0.08470102265759905,0.0,0.0,True
z209,209,in_feedforward_loop,-0.06816189490988833,1.598865247623961e-05,0.06816189490988833,0.0,0.0,True
z210,210,in_feedforward_loop,-0.09509312891810039,1.680702522961999e-09,0.09509312891810039,0.0,0.0,True
z211,211,in_feedforward_loop,-0.10932664516719419,4.118546495114308e-12,0.10932664516719419,0.0,0.0,True
z212,212,in_feedforward_loop,-0.07370367297080718,3.066420263153286e-06,0.07370367297080718,0.0,0.0,True
z213,213,in_feedforward_loop,-0.10135179645560594,1.3222044318275593e-10,0.10135179645560594,0.0,0.0,True
z214,214,in_feedforward_loop,-0.018428712642378574,0.24391020725578805,0.018428712642378574,0.373,0.38878597339782345,False
z215,215,in_feedforward_loop,-0.008520492641860873,0.5900768806426484,0.008520492641860873,0.85,0.8559579439252336,False
z216,216,in_feedforward_loop,-0.08018723155588126,3.812695924963536e-07,0.08018723155588126,0.0,0.0,True
z217,217,in_feedforward_loop,-0.06369253443317231,5.551552296696812e-05,0.06369253443317231,0.0,0.0,True
z218,218,in_feedforward_loop,-0.12046235217588944,2.1028549573168656e-14,0.12046235217588944,0.0,0.0,True
z220,220,in_feedforward_loop,-0.10269621761794095,7.501699148866856e-11,0.10269621761794095,0.0,0.0,True
z221,221,in_feedforward_loop,-0.09030782103913333,1.0560228431351123e-08,0.09030782103913333,0.0,0.0,True
z222,222,in_feedforward_loop,-0.07162564917394287,5.776404944165557e-06,0.07162564917394287,0.0,0.0,True
z223,223,in_feedforward_loop,-0.08444826792759708,8.850772027360976e-08,0.08444826792759708,0.0,0.0,True
z224,224,in_feedforward_loop,-0.1469516093713243,9.463186263897929e-21,0.1469516093713243,0.0,0.0,True
z226,226,in_feedforward_loop,-0.030429260546649486,0.054309536091862495,0.030429260546649486,0.06,0.06647814910025707,False
z227,227,in_feedforward_loop,-0.051506246267446903,0.001119295297395227,0.051506246267446903,0.0,0.0,True
z229,229,in_feedforward_loop,-0.10945124828613431,3.893276233672266e-12,0.10945124828613431,0.0,0.0,True
z231,231,in_feedforward_loop,-0.01668874482609354,0.29131900689640877,0.01668874482609354,0.486,0.5017149700598802,False
z233,233,in_feedforward_loop,-0.06338116691372758,6.037061272213988e-05,0.06338116691372758,0.0,0.0,True
z234,234,in_feedforward_loop,-0.08152416804821402,2.429905522246086e-07,0.08152416804821402,0.0,0.0,True
z236,236,in_feedforward_loop,-0.07603882357948576,1.47505605551094e-06,0.07603882357948576,0.0,0.0,True
z237,237,in_feedforward_loop,-0.10433473914129837,3.722927663667521e-11,0.10433473914129837,0.0,0.0,True
z238,238,in_feedforward_loop,-0.08370250809440612,1.148791060558582e-07,0.08370250809440612,0.0,0.0,True
z241,241,in_feedforward_loop,-0.06392013360443947,5.220309292415026e-05,0.06392013360443947,0.0,0.0,True
z242,242,in_feedforward_loop,-0.1355793405428656,7.185890164950322e-18,0.1355793405428656,0.0,0.0,True
z243,243,in_feedforward_loop,-0.06738012821815699,1.9989416632784538e-05,0.06738012821815699,0.0,0.0,True
z244,244,in_feedforward_loop,-0.08478501563913415,7.861848434888881e-08,0.08478501563913415,0.0,0.0,True
z246,246,in_feedforward_loop,-0.09295261037332359,3.867650951308237e-09,0.09295261037332359,0.0,0.0,True
z247,247,in_feedforward_loop,-0.10581115329200114,1.961864210711457e-11,0.10581115329200114,0.0,0.0,True
z248,248,in_feedforward_loop,-0.12199695986247935,9.76435208311723e-15,0.12199695986247935,0.0,0.0,True
z249,249,in_feedforward_loop,-0.07550949556060846,1.7444824919543083e-06,0.07550949556060846,0.0,0.0,True
z252,252,in_feedforward_loop,-0.1101915517123968,2.7836258640936054e-12,0.1101915517123968,0.0,0.0,True
z253,253,in_feedforward_loop,-0.07506695707150587,2.005451174356232e-06,0.07506695707150587,0.0,0.0,True
z254,254,in_feedforward_loop,-0.039700272789890835,0.012036553178682949,0.039700272789890835,0.016,0.01860013486176669,True
z255,255,in_feedforward_loop,-0.008520492641860875,0.5900768806426484,0.008520492641860875,0.359,0.37601215066828675,False
z256,256,in_feedforward_loop,-0.11429659192465089,4.1596601182310965e-13,0.11429659192465089,0.0,0.0,True
z257,257,in_feedforward_loop,-0.09337679163895529,3.283619161554325e-09,0.09337679163895529,0.0,0.0,True
z258,258,in_feedforward_loop,-0.0445198943287567,0.004859516291334483,0.0445198943287567,0.003,0.003689015691868759,True
z259,259,in_feedforward_loop,-0.09407921906988825,2.499969617992388e-09,0.09407921906988825,0.0,0.0,True
z260,260,in_feedforward_loop,-0.052691159508893005,0.0008568183625968492,0.052691159508893005,0.001,0.001275147928994083,True
z261,261,in_feedforward_loop,-0.09872432353579517,3.9191716811095356e-10,0.09872432353579517,0.0,0.0,True
z262,262,in_feedforward_loop,-0.12051612471600553,2.047417339655571e-14,0.12051612471600553,0.0,0.0,True
z263,263,in_feedforward_loop,-0.08570033062935872,5.6842440823042335e-08,0.08570033062935872,0.0,0.0,True
z264,264,in_feedforward_loop,-0.1152266699378674,2.678294639421571e-13,0.1152266699378674,0.0,0.0,True
z266,266,in_feedforward_loop,-0.07589980726152196,1.5416627152032773e-06,0.07589980726152196,0.0,0.0,True
z267,267,in_feedforward_loop,-0.07141915954385783,6.145907184794442e-06,0.07141915954385783,0.0,0.0,True
z268,268,in_feedforward_loop,-0.09009735750982967,1.1425238612151553e-08,0.09009735750982967,0.0,0.0,True
z269,269,in_feedforward_loop,-0.10114468607172244,1.4418991189068252e-10,0.10114468607172244,0.0,0.0,True
z270,270,in_feedforward_loop,-0.08596642825886416,5.169559211073746e-08,0.08596642825886416,0.0,0.0,True
z271,271,in_feedforward_loop,-0.008520492641860868,0.5900768806426484,0.008520492641860868,0.845,0.8514202220923437,False
z272,272,in_feedforward_loop,-0.087652540644832,2.814675524320348e-08,0.087652540644832,0.0,0.0,True
z273,273,in_feedforward_loop,-0.07735960964403842,9.658880611686745e-07,0.07735960964403842,0.0,0.0,True
z274,274,in_feedforward_loop,-0.1294776772914424,2.0189131047087023e-16,0.1294776772914424,0.0,0.0,True
z275,275,in_feedforward_loop,-0.044403055254869955,0.004972600557107952,0.044403055254869955,0.002,0.0024859408795962507,True
z276,276,in_feedforward_loop,-0.0783267012998594,7.053368935481332e-07,0.0783267012998594,0.0,0.0,True
z278,278,in_feedforward_loop,-0.12193588352259205,1.006893824350003e-14,0.12193588352259205,0.0,0.0,True
z279,279,in_feedforward_loop,-0.07212991464743912,4.961262062050756e-06,0.07212991464743912,0.0,0.0,True
z281,281,in_feedforward_loop,-0.09703230689366626,7.774775952589336e-10,0.09703230689366626,0.0,0.0,True
z282,282,in_feedforward_loop,-0.08611257185559466,4.9064062870516746e-08,0.08611257185559466,0.0,0.0,True
z283,283,in_feedforward_loop,-0.15356896166807077,1.5522216346436986e-22,0.15356896166807077,0.0,0.0,True
z284,284,in_feedforward_loop,-0.05594062091412312,0.0004006404965955909,0.05594062091412312,0.0,0.0,True
z285,285,in_feedforward_loop,-0.08471987480186334,8.044400994811392e-08,0.08471987480186334,0.0,0.0,True
z286,286,in_feedforward_loop,-0.07561207071681579,1.6888272634736555e-06,0.07561207071681579,0.0,0.0,True
z287,287,in_feedforward_loop,-0.0772799775787673,9.910548519676718e-07,0.0772799775787673,0.0,0.0,True
z288,288,in_feedforward_loop,-0.11260480028261122,9.181376867771692e-13,0.11260480028261122,0.0,0.0,True
z289,289,in_feedforward_loop,-0.08205258528498169,2.0296280992422514e-07,0.08205258528498169,0.0,0.0,True
z292,292,in_feedforward_loop,-0.06740307806611298,1.9859466923109285e-05,0.06740307806611298,0.0,0.0,True
z294,294,in_feedforward_loop,-0.008520492641860873,0.5900768806426484,0.008520492641860873,0.355,0.3722749391727494,False
z295,295,in_feedforward_loop,-0.08577940332164397,5.526331283157318e-08,0.08577940332164397,0.0,0.0,True
z297,297,in_feedforward_loop,-0.026645737459024304,0.09198917906841499,0.026645737459024304,0.117,0.12694021397105099,False
z298,298,in_feedforward_loop,-0.11522284725288984,2.6831647588589776e-13,0.11522284725288984,0.0,0.0,True
z299,299,in_feedforward_loop,-0.11080908030746234,2.1005310942195657e-12,0.11080908030746234,0.0,0.0,True
z300,300,in_feedforward_loop,-0.07484417189480881,2.150631119528369e-06,0.07484417189480881,0.0,0.0,True
z301,301,in_feedforward_loop,-0.06110371634838456,0.00011020773003797407,0.06110371634838456,0.0,0.0,True
z302,302,in_feedforward_loop,-0.07643994853363781,1.2980106621234506e-06,0.07643994853363781,0.0,0.0,True
z303,303,in_feedforward_loop,-0.10039774574803365,1.9680896768299419e-10,0.10039774574803365,0.0,0.0,True
z304,304,in_feedforward_loop,-0.11075859450837555,2.1495697339071054e-12,0.11075859450837555,0.0,0.0,True
z305,305,in_feedforward_loop,-0.022504910799925164,0.15471560502924364,0.022504910799925164,0.196,0.20935811648079306,False
z306,306,in_feedforward_loop,-0.1105910599428634,2.320481563472978e-12,0.1105910599428634,0.0,0.0,True
z307,307,in_feedforward_loop,-0.01197344703261036,0.44901527285344967,0.01197344703261036,0.718,0.7307154663518299,False
z308,308,in_feedforward_loop,-0.05849160065893694,0.0002144583887239151,0.05849160065893694,0.0,0.0,True
z310,310,in_feedforward_loop,-0.037078858411517944,0.019019611680982016,0.037078858411517944,0.02,0.02310991957104558,True
z311,311,in_feedforward_loop,-0.11477200443651173,3.3229025450972674e-13,0.11477200443651173,0.0,0.0,True
z312,312,in_feedforward_loop,-0.09609271363435315,1.131695807009699e-09,0.09609271363435315,0.0,0.0,True
z313,313,in_feedforward_loop,-0.13585837075599388,6.146432647515945e-18,0.13585837075599388,0.0,0.0,True
z314,314,in_feedforward_loop,-0.12225391296569244,8.57920063734531e-15,0.12225391296569244,0.0,0.0,True
z315,315,in_feedforward_loop,-0.07264141178218031,4.247547390285017e-06,0.07264141178218031,0.0,0.0,True
z316,316,in_feedforward_loop,-0.08168048383416192,2.3041689596747863e-07,0.08168048383416192,0.0,0.0,True
z318,318,in_feedforward_loop,-0.11027335648183198,2.681950879401856e-12,0.11027335648183198,0.0,0.0,True
z319,319,in_feedforward_loop,-0.11720498552016709,1.0376561002843446e-13,0.11720498552016709,0.0,0.0,True
z322,322,in_feedforward_loop,-0.05553758636875928,0.0004412137541223714,0.05553758636875928,0.0,0.0,True
z324,324,in_feedforward_loop,-0.008520492641860878,0.5900768806426484,0.008520492641860878,0.38,0.3956038647342995,False
z328,328,in_feedforward_loop,-0.11008149581724122,2.9263958537702688e-12,0.11008149581724122,0.0,0.0,True
z329,329,in_feedforward_loop,-0.06381256279401237,5.374461557806823e-05,0.06381256279401237,0.0,0.0,True
z331,331,in_feedforward_loop,-0.07483087792904464,2.1596059549231904e-06,0.07483087792904464,0.0,0.0,True
z332,332,in_feedforward_loop,-0.07814181497872055,7.49241429981434e-07,0.07814181497872055,0.0,0.0,True
z333,333,in_feedforward_loop,-0.10076653491007967,1.688335722622393e-10,0.10076653491007967,0.0,0.0,True
z334,334,in_feedforward_loop,-0.10458815700635252,3.337361205711189e-11,0.10458815700635252,0.0,0.0,True
z335,335,in_feedforward_loop,-0.05965861314127274,0.00015979884815225638,0.05965861314127274,0.001,0.001275147928994083,True
z337,337,in_feedforward_loop,-0.07399927736957067,2.7984151684871457e-06,0.07399927736957067,0.0,0.0,True
z338,338,in_feedforward_loop,-0.0657180736086783,3.188420028591449e-05,0.0657180736086783,0.0,0.0,True
z339,339,in_feedforward_loop,-0.07966698459854964,4.5345555819047666e-07,0.07966698459854964,0.0,0.0,True
z340,340,in_feedforward_loop,-0.07736225939156169,9.650613027959436e-07,0.07736225939156169,0.0,0.0,True
z341,341,in_feedforward_loop,-0.1194512063165396,3.467615806474026e-14,0.1194512063165396,0.0,0.0,True
z342,342,in_feedforward_loop,-0.09035293867550846,1.0383254316099029e-08,0.09035293867550846,0.0,0.0,True
z343,343,in_feedforward_loop,-0.02991605417714908,0.05850571056779539,0.02991605417714908,0.037,0.0417187704381949,True
z344,344,in_feedforward_loop,-0.10587463541301254,1.9081842843129867e-11,0.10587463541301254,0.0,0.0,True
z345,345,in_feedforward_loop,-0.0223933376843007,0.15677142663514482,0.0223933376843007,0.239,0.2537167487684729,False
z346,346,in_feedforward_loop,-0.06144677098082431,0.00010078460661876556,0.06144677098082431,0.0,0.0,True
z348,348,in_feedforward_loop,-0.0953177175210986,1.5383351045820894e-09,0.0953177175210986,0.0,0.0,True
z349,349,in_feedforward_loop,-0.08718860886525276,3.3309212975880005e-08,0.08718860886525276,0.0,0.0,True
z350,350,in_feedforward_loop,-0.01564595728924558,0.32252200977565837,0.01564595728924558,0.366,0.38218291944276195,False
z351,351,in_feedforward_loop,-0.07774062189102192,8.537444561568689e-07,0.07774062189102192,0.0,0.0,True
z352,352,in_feedforward_loop,-0.022513851700194782,0.15455175206241656,0.022513851700194782,0.184,0.1969062693978895,False
z353,353,in_feedforward_loop,-0.11384900514800288,5.134784820276467e-13,0.11384900514800288,0.0,0.0,True
z355,355,in_feedforward_loop,-0.04917686361248479,0.0018637401426009218,0.04917686361248479,0.002,0.0024859408795962507,True
z356,356,in_feedforward_loop,-0.04298323877035209,0.006549829806715754,0.04298323877035209,0.003,0.003689015691868759,True
z358,358,in_feedforward_loop,-0.0380274675809686,0.01616421663480486,0.0380274675809686,0.015,0.017461174881836596,True
z359,359,in_feedforward_loop,-0.07539815552911695,1.8068867146423048e-06,0.07539815552911695,0.0,0.0,True
z361,361,in_feedforward_loop,-0.0949513516573843,1.7770995485618692e-09,0.0949513516573843,0.0,0.0,True
z362,362,in_feedforward_loop,-0.06590021210681304,3.0309661378367922e-05,0.06590021210681304,0.0,0.0,True
z363,363,in_feedforward_loop,-0.08385311359720407,1.0900476937865614e-07,0.08385311359720407,0.0,0.0,True
z364,364,in_feedforward_loop,-0.09801398931827385,5.232339818660972e-10,0.09801398931827385,0.0,0.0,True
z365,365,in_feedforward_loop,-0.08505167790754009,7.155481469268473e-08,0.08505167790754009,0.0,0.0,True
z366,366,in_feedforward_loop,-0.24816905173907713,3.3069644285525296e-57,0.24816905173907713,0.0,0.0,True
z367,367,in_feedforward_loop,-0.08147716665705872,2.468990654872802e-07,0.08147716665705872,0.0,0.0,True
z369,369,in_feedforward_loop,-0.06914737241579372,1.2024863374499203e-05,0.06914737241579372,0.0,0.0,True
z370,370,in_feedforward_loop,-0.07493594255694375,2.089645820903064e-06,0.07493594255694375,0.0,0.0,True
z371,371,in_feedforward_loop,-0.06238589474140431,7.872676308102799e-05,0.06238589474140431,0.0,0.0,True
z372,372,in_feedforward_loop,-0.1161351311484444,1.7362739924975302e-13,0.1161351311484444,0.0,0.0,True
z373,373,in_feedforward_loop,-0.07008070292643584,9.149170600823692e-06,0.07008070292643584,0.0,0.0,True
z374,374,in_feedforward_loop,-0.10311992148839319,6.26512365550081e-11,0.10311992148839319,0.0,0.0,True
z375,375,in_feedforward_loop,-0.07027642902807738,8.635804633687627e-06,0.07027642902807738,0.0,0.0,True
z376,376,in_feedforward_loop,-0.014750729358270943,0.35098666146358687,0.014750729358270943,0.567,0.5832386634844868,False
z377,377,in_feedforward_loop,-0.09288467549571025,3.9701266666742605e-09,0.09288467549571025,0.0,0.0,True
z379,379,in_feedforward_loop,-0.11176928961480667,1.351604370812425e-12,0.11176928961480667,0.0,0.0,True
z381,381,in_feedforward_loop,-0.12060730877940667,1.9566765340707205e-14,0.12060730877940667,0.0,0.0,True
z382,382,in_feedforward_loop,-0.09195169687946958,5.674982761307488e-09,0.09195169687946958,0.0,0.0,True
z383,383,in_feedforward_loop,-0.02403345726077112,0.12857288325935592,0.02403345726077112,0.125,0.13536432160804018,False
z384,384,in_feedforward_loop,-0.06873167565089258,1.3566665247155533e-05,0.06873167565089258,0.0,0.0,True
z385,385,in_feedforward_loop,-0.09186706746576505,5.860897565504171e-09,0.09186706746576505,0.0,0.0,True
z386,386,in_feedforward_loop,-0.08138741505058256,2.545318973371518e-07,0.08138741505058256,0.0,0.0,True
z387,387,in_feedforward_loop,-0.05692392652393673,0.0003158017765058485,0.05692392652393673,0.0,0.0,True
z388,388,in_feedforward_loop,-0.08859505466864386,1.9938866670682145e-08,0.08859505466864386,0.0,0.0,True
z389,389,in_feedforward_loop,-0.1245759474687817,2.6317638808794277e-15,0.1245759474687817,0.0,0.0,True
z390,390,in_feedforward_loop,-0.09403964534577772,2.5388033071231684e-09,0.09403964534577772,0.0,0.0,True
z391,391,in_feedforward_loop,-0.02724190527148692,0.08494087840012263,0.02724190527148692,0.125,0.13536432160804018,False
z392,392,in_feedforward_loop,-0.054261092546143995,0.0005964369153566313,0.054261092546143995,0.0,0.0,True
z393,393,in_feedforward_loop,-0.06367400126143087,5.5793839051896334e-05,0.06367400126143087,0.0,0.0,True
z394,394,in_feedforward_loop,-0.11316305515483155,7.079557480737842e-13,0.11316305515483155,0.0,0.0,True
z395,395,in_feedforward_loop,-0.12112951482149063,1.5082888703846083e-14,0.12112951482149063,0.0,0.0,True
z396,396,in_feedforward_loop,-0.11466627572988213,3.493370495550522e-13,0.11466627572988213,0.0,0.0,True
z397,397,in_feedforward_loop,-0.01904259097592694,0.22855403897584298,0.01904259097592694,0.196,0.20935811648079306,False
z398,398,in_feedforward_loop,-0.01704670765017568,0.28109186223722127,0.01704670765017568,0.58,0.5955449672424061,False
z399,399,in_feedforward_loop,-0.10792129644309466,7.733335495739808e-12,0.10792129644309466,0.0,0.0,True
z400,400,in_feedforward_loop,-0.022486909322662584,0.15504590426329057,0.022486909322662584,0.228,0.24233785450061654,False
z402,402,in_feedforward_loop,-0.053818315849937945,0.0006612211165642441,0.053818315849937945,0.001,0.001275147928994083,True
z403,403,in_feedforward_loop,-0.07546628853169064,1.7684494475607839e-06,0.07546628853169064,0.0,0.0,True
z404,404,in_feedforward_loop,-0.0290578569488884,0.06612227577551733,0.0290578569488884,0.062,0.06856189865298268,False
z405,405,in_feedforward_loop,-0.07124974351271808,6.465849287762478e-06,0.07124974351271808,0.0,0.0,True
z406,406,in_feedforward_loop,-0.05498355384342158,0.0005032693911059329,0.05498355384342158,0.002,0.0024859408795962507,True
z407,407,in_feedforward_loop,-0.0721856238676888,4.878283617468516e-06,0.0721856238676888,0.0,0.0,True
z409,409,in_feedforward_loop,-0.13848110734440464,1.3928104212627235e-18,0.13848110734440464,0.0,0.0,True
z410,410,in_feedforward_loop,-0.06317140077177741,6.386514148160669e-05,0.06317140077177741,0.0,0.0,True
z411,411,in_feedforward_loop,-0.10833902492427644,6.417989025132582e-12,0.10833902492427644,0.0,0.0,True
z412,412,in_feedforward_loop,-0.03625909094183745,0.021832834386582043,0.03625909094183745,0.029,0.03293544137022398,True
z414,414,in_feedforward_loop,-0.01205012559772536,0.44611591543817464,0.01205012559772536,0.657,0.67021775147929,False
z416,416,in_feedforward_loop,-0.03181974470516053,0.044184329247078255,0.03181974470516053,0.045,0.050246113989637305,False
z417,417,in_feedforward_loop,-0.08143157303074745,2.5074848243578065e-07,0.08143157303074745,0.0,0.0,True
z418,418,in_feedforward_loop,-0.053812113437397294,0.000662173394525042,0.053812113437397294,0.0,0.0,True
z419,419,in_feedforward_loop,-0.07678562508261425,1.1619936064636529e-06,0.07678562508261425,0.0,0.0,True
z420,420,in_feedforward_loop,-0.09515967979188328,1.6372287871470633e-09,0.09515967979188328,0.0,0.0,True
z422,422,in_feedforward_loop,-0.0721446410579058,4.939196751591711e-06,0.0721446410579058,0.0,0.0,True
z423,423,in_feedforward_loop,-0.05977189265175241,0.00015525677584498477,0.05977189265175241,0.0,0.0,True
z424,424,in_feedforward_loop,-0.09318905414578477,3.5306685063781673e-09,0.09318905414578477,0.0,0.0,True
z427,427,in_feedforward_loop,-0.07330208595844759,3.4701931880777416e-06,0.07330208595844759,0.0,0.0,True
z428,428,in_feedforward_loop,-0.23631050419399682,6.908759104093079e-52,0.23631050419399682,0.0,0.0,True
z429,429,in_feedforward_loop,-0.059904174075670794,0.00015010658478690478,0.059904174075670794,0.0,0.0,True
z430,430,in_feedforward_loop,-0.10997765196853271,3.0676763671051694e-12,0.10997765196853271,0.0,0.0,True
z431,431,in_feedforward_loop,-0.08373749527348592,1.1348772600550131e-07,0.08373749527348592,0.0,0.0,True
z432,432,in_feedforward_loop,-0.12186550137226887,1.0431534883449016e-14,0.12186550137226887,0.0,0.0,True
z435,435,in_feedforward_loop,-0.0967784931412006,8.607608741833463e-10,0.0967784931412006,0.0,0.0,True
z437,437,in_feedforward_loop,-0.08047483117379256,3.462619038014403e-07,0.08047483117379256,0.0,0.0,True
z438,438,in_feedforward_loop,-0.060969950016844784,0.00011410243543855838,0.060969950016844784,0.0,0.0,True
z439,439,in_feedforward_loop,-0.014758894525178553,0.35072005406910484,0.014758894525178553,0.416,0.4315186522262334,False
z440,440,in_feedforward_loop,-0.06597709199107621,2.966747375786268e-05,0.06597709199107621,0.0,0.0,True
z441,441,in_feedforward_loop,-0.10906355054591296,4.636969083392378e-12,0.10906355054591296,0.0,0.0,True
z442,442,in_feedforward_loop,-0.06857888706049875,1.4179360572249795e-05,0.06857888706049875,0.0,0.0,True
z443,443,in_feedforward_loop,-0.10477297335082497,3.0810875728362905e-11,0.10477297335082497,0.0,0.0,True
z444,444,in_feedforward_loop,-0.020754005802825735,0.18940892629932496,0.020754005802825735,0.319,0.3357484737484738,False
z445,445,in_feedforward_loop,-0.03329390798597999,0.03523761585032923,0.03329390798597999,0.045,0.050246113989637305,False
z446,446,in_feedforward_loop,-0.07200708757068099,5.149011974308372e-06,0.07200708757068099,0.0,0.0,True
z447,447,in_feedforward_loop,-0.08337046465538614,1.289320755924451e-07,0.08337046465538614,0.0,0.0,True
z448,448,in_feedforward_loop,-0.05708332760567894,0.0003037465748559726,0.05708332760567894,0.0,0.0,True
z449,449,in_feedforward_loop,-0.0786102354873046,6.427840599302776e-07,0.0786102354873046,0.0,0.0,True
z450,450,in_feedforward_loop,-0.11819945196093457,6.403453559020335e-14,0.11819945196093457,0.0,0.0,True
z451,451,in_feedforward_loop,-0.09189679529464173,5.794926145231164e-09,0.09189679529464173,0.0,0.0,True
z452,452,in_feedforward_loop,-0.1185982978830322,5.270357168823514e-14,0.1185982978830322,0.0,0.0,True
z453,453,in_feedforward_loop,-0.06722553989374816,2.088606815361283e-05,0.06722553989374816,0.0,0.0,True
z454,454,in_feedforward_loop,-0.10618630982602342,1.664803115077001e-11,0.10618630982602342,0.0,0.0,True
z455,455,in_feedforward_loop,-0.076659696406155,1.2098756367228738e-06,0.076659696406155,0.0,0.0,True
z458,458,in_feedforward_loop,-0.03747659518663269,0.01777270388279592,0.03747659518663269,0.02,0.02310991957104558,True
z460,460,in_feedforward_loop,-0.07160301552011084,5.81584497123826e-06,0.07160301552011084,0.0,0.0,True
z461,461,in_feedforward_loop,-0.09465284238274466,1.997992746580251e-09,0.09465284238274466,0.0,0.0,True
z462,462,in_feedforward_loop,-0.15033680727306245,1.1828291155048184e-21,0.15033680727306245,0.0,0.0,True
z463,463,in_feedforward_loop,-0.14877691659634906,3.102352466213936e-21,0.14877691659634906,0.0,0.0,True
z466,466,in_feedforward_loop,-0.07271928525436576,4.147913136912621e-06,0.07271928525436576,0.0,0.0,True
z467,467,in_feedforward_loop,-0.08031053991952922,3.658609140936496e-07,0.08031053991952922,0.0,0.0,True
z468,468,in_feedforward_loop,-0.06308668486734251,6.532999000096701e-05,0.06308668486734251,0.0,0.0,True
z469,469,in_feedforward_loop,-0.07463111346136715,2.2988753201422e-06,0.07463111346136715,0.0,0.0,True
z470,470,in_feedforward_loop,-0.06619479307094844,2.791838405776044e-05,0.06619479307094844,0.0,0.0,True
z471,471,in_feedforward_loop,-0.08400594132801169,1.0334124125130656e-07,0.08400594132801169,0.0,0.0,True
z473,473,in_feedforward_loop,-0.0754369871191373,1.784882602638147e-06,0.0754369871191373,0.0,0.0,True
z474,474,in_feedforward_loop,-0.07604553263524902,1.4719125409079723e-06,0.07604553263524902,0.0,0.0,True
z475,475,in_feedforward_loop,-0.12747147749362367,5.844471772377056e-16,0.12747147749362367,0.0,0.0,True
z476,476,in_feedforward_loop,-0.09064451585291827,9.307092795841242e-09,0.09064451585291827,0.0,0.0,True
z477,477,in_feedforward_loop,-0.11384696321664463,5.13971103199948e-13,0.11384696321664463,0.0,0.0,True
z478,478,in_feedforward_loop,-0.07302031135662948,3.7834161611841273e-06,0.07302031135662948,0.0,0.0,True
z480,480,in_feedforward_loop,-0.05944244127168215,0.0001688154414629637,0.05944244127168215,0.0,0.0,True
z482,482,in_feedforward_loop,-0.08400068980376268,1.0353104080225022e-07,0.08400068980376268,0.0,0.0,True
z483,483,in_feedforward_loop,-0.08650814336803248,4.257579636236015e-08,0.08650814336803248,0.0,0.0,True
z484,484,in_feedforward_loop,-0.07610121059630459,1.4460720332224875e-06,0.07610121059630459,0.0,0.0,True
z486,486,in_feedforward_loop,-0.11878016563509555,4.82149044326584e-14,0.11878016563509555,0.0,0.0,True
z487,487,in_feedforward_loop,-0.0862228482199181,4.7164776630102966e-08,0.0862228482199181,0.0,0.0,True
z488,488,in_feedforward_loop,-0.06828790065307141,1.5419939920057505e-05,0.06828790065307141,0.0,0.0,True
z489,489,in_feedforward_loop,-0.08668082327759219,4.0011729483737986e-08,0.08668082327759219,0.0,0.0,True
z491,491,in_feedforward_loop,-0.04113955458537976,0.009263260527416868,0.04113955458537976,0.014,0.016341232227488154,True
z492,492,in_feedforward_loop,-0.053273355099475186,0.0007499289057301115,0.053273355099475186,0.001,0.001275147928994083,True
z493,493,in_feedforward_loop,-0.08026062002293124,3.720251449433776e-07,0.08026062002293124,0.0,0.0,True
z494,494,in_feedforward_loop,-0.07340634617083899,3.3607227605330665e-06,0.07340634617083899,0.0,0.0,True
z495,495,in_feedforward_loop,-0.008520492641860873,0.5900768806426484,0.008520492641860873,0.542,0.5578555223880597,False
z497,497,in_feedforward_loop,-0.05472206061782776,0.0005353018593015227,0.05472206061782776,0.0,0.0,True
z498,498,in_feedforward_loop,-0.04993457453342205,0.0015824442083953694,0.04993457453342205,0.005,0.006040644709180098,True
z500,500,in_feedforward_loop,-0.09371318195488168,2.882371005837919e-09,0.09371318195488168,0.0,0.0,True
z501,501,in_feedforward_loop,-0.02913571920577324,0.06539914126803709,0.02913571920577324,0.081,0.08849429657794677,False
z502,502,in_feedforward_loop,-0.11749909154087018,8.999900685790758e-14,0.11749909154087018,0.0,0.0,True
z504,504,in_feedforward_loop,-0.06714661909606992,2.1358461094726258e-05,0.06714661909606992,0.0,0.0,True
z505,505,in_feedforward_loop,-0.05677063437444024,0.00032781604007001245,0.05677063437444024,0.0,0.0,True
z506,506,in_feedforward_loop,-0.09752238731507432,6.383158728555051e-10,0.09752238731507432,0.0,0.0,True
z507,507,in_feedforward_loop,-0.08432780460668182,9.232961193807467e-08,0.08432780460668182,0.0,0.0,True
z508,508,in_feedforward_loop,-0.008520492641860875,0.5900768806426484,0.008520492641860875,0.649,0.6624487862640616,False
z509,509,in_feedforward_loop,-0.0623654908157021,7.91532449619534e-05,0.0623654908157021,0.0,0.0,True
z511,511,in_feedforward_loop,-0.04939669336947029,0.0017777334287487697,0.04939669336947029,0.002,0.0024859408795962507,True
z512,512,in_feedforward_loop,-0.07541215514528923,1.7989238943342194e-06,0.07541215514528923,0.0,0.0,True
z1,1,in_feedback_loop,0.19476507912965563,1.7211015842525017e-35,0.19476507912965563,0.0,0.0,True
z2,2,in_feedback_loop,0.2927425543216835,7.102511219919703e-80,0.2927425543216835,0.0,0.0,True
z3,3,in_feedback_loop,0.3353965129490263,9.378094599897053e-106,0.3353965129490263,0.0,0.0,True
z4,4,in_feedback_loop,0.32127359526153376,1.0363173962281427e-96,0.32127359526153376,0.0,0.0,True
z5,5,in_feedback_loop,0.3440558858539509,1.5367614867137217e-111,0.3440558858539509,0.0,0.0,True
z6,6,in_feedback_loop,0.2719678659244978,8.95107872841023e-69,0.2719678659244978,0.0,0.0,True
z7,7,in_feedback_loop,0.26485895643675095,3.417261647834088e-65,0.26485895643675095,0.0,0.0,True
z8,8,in_feedback_loop,0.2806650964252233,2.6338420738201536e-73,0.2806650964252233,0.0,0.0,True
z9,9,in_feedback_loop,0.13605112089881438,5.5165263305506184e-18,0.13605112089881438,0.0,0.0,True
z10,10,in_feedback_loop,0.22653286780020565,1.0206173075306508e-47,0.22653286780020565,0.0,0.0,True
z11,11,in_feedback_loop,0.28113138412303684,1.4892616847754422e-73,0.28113138412303684,0.0,0.0,True
z12,12,in_feedback_loop,-0.016512612658051,0.2964418572626167,0.016512612658051,0.24,0.25462153846153845,False
z13,13,in_feedback_loop,0.3378606504148629,2.2111157606071026e-107,0.3378606504148629,0.0,0.0,True
z14,14,in_feedback_loop,0.28499052855513113,1.274008634808246e-75,0.28499052855513113,0.0,0.0,True
z15,15,in_feedback_loop,0.2310027019386444,1.3394469735318084e-49,0.2310027019386444,0.0,0.0,True
z16,16,in_feedback_loop,0.2435493692194915,4.231531525610312e-55,0.2435493692194915,0.0,0.0,True
z17,17,in_feedback_loop,0.055552054028729606,0.0004396932761765614,0.055552054028729606,0.0,0.0,True
z18,18,in_feedback_loop,0.16037765539278742,1.8613794981011304e-24,0.16037765539278742,0.0,0.0,True
z19,19,in_feedback_loop,0.20889127785614567,1.1090054475982475e-40,0.20889127785614567,0.0,0.0,True
z21,21,in_feedback_loop,0.22311501427250335,2.6341564457328973e-46,0.22311501427250335,0.0,0.0,True
z22,22,in_feedback_loop,0.2952568745258446,2.771937821886601e-81,0.2952568745258446,0.0,0.0,True
z24,24,in_feedback_loop,0.20567725331786318,1.8209029165365603e-39,0.20567725331786318,0.0,0.0,True
z25,25,in_feedback_loop,0.3134163349719825,6.926961730406355e-92,0.3134163349719825,0.0,0.0,True
z26,26,in_feedback_loop,0.2670732038413058,2.6897359531384283e-66,0.2670732038413058,0.0,0.0,True
z27,27,in_feedback_loop,0.00551752296233131,0.7272001357002575,0.00551752296233131,0.765,0.7762566215420836,False
z28,28,in_feedback_loop,0.30301799415992225,1.0098155611228701e-85,0.30301799415992225,0.0,0.0,True
z29,29,in_feedback_loop,0.2871818616939036,8.247516057455517e-77,0.2871818616939036,0.0,0.0,True
z30,30,in_feedback_loop,0.2784707499075388,3.7971779910355906e-72,0.2784707499075388,0.0,0.0,True
z31,31,in_feedback_loop,0.20968958379112476,5.49423983408403e-41,0.20968958379112476,0.0,0.0,True
z32,32,in_feedback_loop,0.060958406417713246,0.00011444454975783499,0.060958406417713246,0.002,0.0024859408795962507,True
z33,33,in_feedback_loop,0.27104280505888695,2.6554592810873037e-68,0.27104280505888695,0.0,0.0,True
z34,34,in_feedback_loop,0.2149946278163803,4.795984601958931e-43,0.2149946278163803,0.0,0.0,True
z35,35,in_feedback_loop,0.17787653269203893,8.613967913786183e-30,0.17787653269203893,0.0,0.0,True
z36,36,in_feedback_loop,0.19891443822645566,5.642230887235921e-37,0.19891443822645566,0.0,0.0,True
z37,37,in_feedback_loop,0.21347375064958612,1.8917928294050723e-42,0.21347375064958612,0.0,0.0,True
z38,38,in_feedback_loop,0.3864390175375376,1.260514771669068e-142,0.3864390175375376,0.0,0.0,True
z39,39,in_feedback_loop,-0.009129850594412951,0.5637678759161815,0.009129850594412951,0.994,0.994576900754498,False
z40,40,in_feedback_loop,0.25706282672196945,2.1740412836478785e-61,0.25706282672196945,0.0,0.0,True
z41,41,in_feedback_loop,0.28703768943865815,9.882531670371675e-77,0.28703768943865815,0.0,0.0,True
z42,42,in_feedback_loop,0.4268493877839618,7.101853929588631e-177,0.4268493877839618,0.0,0.0,True
z43,43,in_feedback_loop,0.22296762587028987,3.026863504861744e-46,0.22296762587028987,0.0,0.0,True
z44,44,in_feedback_loop,0.3465838003732308,2.900909029527977e-113,0.3465838003732308,0.0,0.0,True
z45,45,in_feedback_loop,0.1803858610045767,1.3269857187115753e-30,0.1803858610045767,0.0,0.0,True
z46,46,in_feedback_loop,0.2891054547076789,7.309962379133841e-78,0.2891054547076789,0.0,0.0,True
z47,47,in_feedback_loop,0.256875168926927,2.6744289430485364e-61,0.256875168926927,0.0,0.0,True
z48,48,in_feedback_loop,0.21963052361380714,6.851275442589939e-45,0.21963052361380714,0.0,0.0,True
z49,49,in_feedback_loop,0.20162910813831078,5.7837144830537e-38,0.20162910813831078,0.0,0.0,True
z50,50,in_feedback_loop,0.30373308695511175,3.875819945480401e-86,0.30373308695511175,0.0,0.0,True
z51,51,in_feedback_loop,0.39166360160367836,8.628687465836578e-147,0.39166360160367836,0.0,0.0,True
z52,52,in_feedback_loop,0.24158921155987034,3.214860740539706e-54,0.24158921155987034,0.0,0.0,True
z53,53,in_feedback_loop,0.2416481150223424,3.0256147713989567e-54,0.2416481150223424,0.0,0.0,True
z54,54,in_feedback_loop,0.17083378278993983,1.4171953536476834e-27,0.17083378278993983,0.0,0.0,True
z55,55,in_feedback_loop,0.33274270885256896,5.1081331831041024e-104,0.33274270885256896,0.0,0.0,True
z56,56,in_feedback_loop,0.2011547190485246,8.632046917409464e-38,0.2011547190485246,0.0,0.0,True
z57,57,in_feedback_loop,0.30992502215200485,8.669874736415026e-90,0.30992502215200485,0.0,0.0,True
z58,58,in_feedback_loop,0.21447180726355144,7.696210419164899e-43,0.21447180726355144,0.0,0.0,True
z60,60,in_feedback_loop,0.11439760109608443,3.966134267458217e-13,0.11439760109608443,0.0,0.0,True
z61,61,in_feedback_loop,0.2046044148644618,4.586186413283501e-39,0.2046044148644618,0.0,0.0,True
z63,63,in_feedback_loop,0.3677341311757712,2.5159985153155936e-128,0.3677341311757712,0.0,0.0,True
z64,64,in_feedback_loop,0.14620024647013596,1.4915431596558347e-20,0.14620024647013596,0.0,0.0,True
z65,65,in_feedback_loop,0.0357627892706893,0.023706427353794003,0.0357627892706893,0.024,0.02747410358565737,True
z66,66,in_feedback_loop,0.1002795302821537,2.0669912168239903e-10,0.1002795302821537,0.0,0.0,True
z67,67,in_feedback_loop,-0.011769467005584459,0.4567799407360927,0.011769467005584459,0.733,0.7446623453152622,False
z68,68,in_feedback_loop,0.23957325569510649,2.538743936309677e-53,0.23957325569510649,0.0,0.0,True
z69,69,in_feedback_loop,0.27171071448028355,1.21155480714779e-68,0.27171071448028355,0.0,0.0,True
z70,70,in_feedback_loop,0.22238839073372524,5.22095489236401e-46,0.22238839073372524,0.0,0.0,True
z71,71,in_feedback_loop,0.1733935373221263,2.273830299734235e-28,0.1733935373221263,0.0,0.0,True
z72,72,in_feedback_loop,0.054796152840777046,0.0005260380183081537,0.054796152840777046,0.004,0.0048700564971751415,True
z73,73,in_feedback_loop,0.3858160243563621,3.909388418601115e-142,0.3858160243563621,0.0,0.0,True
z74,74,in_feedback_loop,0.21658855183349068,1.1254391210557008e-43,0.21658855183349068,0.0,0.0,True
z75,75,in_feedback_loop,0.3010665585776848,1.3588781169317051e-84,0.3010665585776848,0.0,0.0,True
z76,76,in_feedback_loop,0.18604731439639915,1.762136794967642e-32,0.18604731439639915,0.0,0.0,True
z78,78,in_feedback_loop,0.2661745248836008,7.568988861554987e-66,0.2661745248836008,0.0,0.0,True
z80,80,in_feedback_loop,0.22918151404243678,7.917537155932812e-49,0.22918151404243678,0.0,0.0,True
z81,81,in_feedback_loop,0.24099014448174239,5.952895639278486e-54,0.24099014448174239,0.0,0.0,True
z82,82,in_feedback_loop,0.02738955178323883,0.08326450701522388,0.02738955178323883,0.235,0.24962415280345038,False
z83,83,in_feedback_loop,0.30185849660001757,4.7433158409343186e-85,0.30185849660001757,0.0,0.0,True
z84,84,in_feedback_loop,0.2454550770033575,5.789835573291088e-56,0.2454550770033575,0.0,0.0,True
z87,87,in_feedback_loop,-0.009129850594412953,0.5637678759161815,0.009129850594412953,0.604,0.6172471843509187,False
z88,88,in_feedback_loop,0.2962116004389475,8.019842116197676e-82,0.2962116004389475,0.0,0.0,True
z89,89,in_feedback_loop,0.1939647967925581,3.298015379828163e-35,0.1939647967925581,0.0,0.0,True
z90,90,in_feedback_loop,0.19856736392606056,7.531681594979286e-37,0.19856736392606056,0.0,0.0,True
z91,91,in_feedback_loop,0.2266838846226149,8.829587341117799e-48,0.2266838846226149,0.0,0.0,True
z92,92,in_feedback_loop,-0.01644048761851218,0.29855691655471905,0.01644048761851218,0.454,0.46952369526094784,False
z93,93,in_feedback_loop,0.19775775558281167,1.4743256138574248e-36,0.19775775558281167,0.0,0.0,True
z94,94,in_feedback_loop,0.3040234593559644,2.6251595951666747e-86,0.3040234593559644,0.0,0.0,True
z95,95,in_feedback_loop,0.2647155039872231,4.02566132040435e-65,0.2647155039872231,0.0,0.0,True
z96,96,in_feedback_loop,0.3114141979370918,1.113883876317777e-90,0.3114141979370918,0.0,0.0,True
z97,97,in_feedback_loop,0.20522772125845987,2.6832091245280225e-39,0.20522772125845987,0.0,0.0,True
z98,98,in_feedback_loop,0.17768207813543113,9.946132817564009e-30,0.17768207813543113,0.0,0.0,True
z99,99,in_feedback_loop,0.2750902238781534,2.208618391320663e-70,0.2750902238781534,0.0,0.0,True
z100,100,in_feedback_loop,0.23697270502505857,3.547870272358838e-52,0.23697270502505857,0.0,0.0,True
z101,101,in_feedback_loop,0.23038513372792102,2.4510554524966483e-49,0.23038513372792102,0.0,0.0,True
z102,102,in_feedback_loop,0.14456619379861102,3.979230661847117e-20,0.14456619379861102,0.0,0.0,True
z105,105,in_feedback_loop,0.2601095835056018,7.348677264745031e-63,0.2601095835056018,0.0,0.0,True
z106,106,in_feedback_loop,0.2108244894361948,2.0142071917715513e-41,0.2108244894361948,0.0,0.0,True
z107,107,in_feedback_loop,0.23513001042668608,2.254955483006731e-51,0.23513001042668608,0.0,0.0,True
z108,108,in_feedback_loop,0.21860825258276778,1.7632954666201725e-44,0.21860825258276778,0.0,0.0,True
z109,109,in_feedback_loop,0.34796822019077916,3.2475277802061973e-114,0.34796822019077916,0.0,0.0,True
z110,110,in_feedback_loop,0.20009153445774788,2.109954891992945e-37,0.20009153445774788,0.0,0.0,True
z111,111,in_feedback_loop,0.247335780402809,7.994145654951426e-57,0.247335780402809,0.0,0.0,True
z112,112,in_feedback_loop,0.34914868786634234,4.975778365434226e-115,0.34914868786634234,0.0,0.0,True
z113,113,in_feedback_loop,0.21927736549588941,9.502530266949719e-45,0.21927736549588941,0.0,0.0,True
z114,114,in_feedback_loop,0.2979821254511463,7.940378222674006e-83,0.2979821254511463,0.0,0.0,True
z115,115,in_feedback_loop,0.20238476965259516,3.049861358230646e-38,0.20238476965259516,0.0,0.0,True
z116,116,in_feedback_loop,0.2254570466190644,2.8561502680736494e-47,0.2254570466190644,0.0,0.0,True
z118,118,in_feedback_loop,0.37048776852567233,2.261163924555226e-130,0.37048776852567233,0.0,0.0,True
z119,119,in_feedback_loop,0.2612974846879601,1.9378265005285412e-63,0.2612974846879601,0.0,0.0,True
z120,120,in_feedback_loop,-0.009129850594412951,0.5637678759161815,0.009129850594412951,0.476,0.4916860395446375,False
z121,121,in_feedback_loop,0.1933632759868036,5.367027227121232e-35,0.1933632759868036,0.0,0.0,True
z122,122,in_feedback_loop,0.2908137807610196,8.362721631844624e-79,0.2908137807610196,0.0,0.0,True
z123,123,in_feedback_loop,0.2723494504909088,5.70857110843874e-69,0.2723494504909088,0.0,0.0,True
z124,124,in_feedback_loop,0.22047564982819157,3.124513031805786e-45,0.22047564982819157,0.0,0.0,True
z125,125,in_feedback_loop,0.3597778197718605,1.5913619908112234e-122,0.3597778197718605,0.0,0.0,True
z126,126,in_feedback_loop,-0.0247217602986278,0.11798401509713809,0.0247217602986278,0.079,0.0864736507936508,False
z128,128,in_feedback_loop,0.22865267952812313,1.3225266796540296e-48,0.22865267952812313,0.0,0.0,True
z129,129,in_feedback_loop,0.26287692575845384,3.258039870620928e-64,0.26287692575845384,0.0,0.0,True
z130,130,in_feedback_loop,0.21023179826283483,3.404197660290818e-41,0.21023179826283483,0.0,0.0,True
z131,131,in_feedback_loop,0.35183547011891037,6.752657085612919e-117,0.35183547011891037,0.0,0.0,True
z133,133,in_feedback_loop,0.2348422728591558,3.0055638528740356e-51,0.2348422728591558,0.0,0.0,True
z134,134,in_feedback_loop,0.23182292530153198,5.986642338256512e-50,0.23182292530153198,0.0,0.0,True
z135,135,in_feedback_loop,0.5499219999315862,5.153452993e-315,0.5499219999315862,0.0,0.0,True
z136,136,in_feedback_loop,0.3386987452719737,6.132929222353873e-108,0.3386987452719737,0.0,0.0,True
z137,137,in_feedback_loop,0.17499684016223166,7.123917530320179e-29,0.17499684016223166,0.0,0.0,True
z140,140,in_feedback_loop,0.369206298336029,2.0377648942833622e-129,0.369206298336029,0.0,0.0,True
z141,141,in_feedback_loop,0.24263773476772657,1.0890995424821446e-54,0.24263773476772657,0.0,0.0,True
z142,142,in_feedback_loop,0.2791908561410501,1.5860867341676968e-72,0.2791908561410501,0.0,0.0,True
z143,143,in_feedback_loop,0.20894670532926823,1.056320987101154e-40,0.20894670532926823,0.0,0.0,True
z145,145,in_feedback_loop,0.23642058576785288,6.185122251203016e-52,0.23642058576785288,0.0,0.0,True
z147,147,in_feedback_loop,0.1442840684208085,4.70850496020366e-20,0.1442840684208085,0.0,0.0,True
z148,148,in_feedback_loop,0.03446229958745327,0.02929058540698529,0.03446229958745327,0.025,0.028599867285998674,True
z149,149,in_feedback_loop,0.23191400673711363,5.4734588486509e-50,0.23191400673711363,0.0,0.0,True
z150,150,in_feedback_loop,0.17709278379659804,1.536292927818777e-29,0.17709278379659804,0.0,0.0,True
z151,151,in_feedback_loop,0.24157807152674304,3.251954706620275e-54,0.24157807152674304,0.0,0.0,True
z152,152,in_feedback_loop,0.18061439139992683,1.1176095788564093e-30,0.18061439139992683,0.0,0.0,True
z153,153,in_feedback_loop,0.1767117807516465,2.0333091432143876e-29,0.1767117807516465,0.0,0.0,True
z154,154,in_feedback_loop,0.16831161591590565,8.363186126821038e-27,0.16831161591590565,0.0,0.0,True
z155,155,in_feedback_loop,0.14380153192800543,6.27401494137426e-20,0.14380153192800543,0.0,0.0,True
z156,156,in_feedback_loop,0.22951590367479227,5.720168145049774e-49,0.22951590367479227,0.0,0.0,True
z157,157,in_feedback_loop,0.196554816693489,3.9779528548581816e-36,0.196554816693489,0.0,0.0,True
z158,158,in_feedback_loop,0.2828768835802211,1.744935653919941e-74,0.2828768835802211,0.0,0.0,True
z159,159,in_feedback_loop,0.1697051267892154,3.14702344165803e-27,0.1697051267892154,0.0,0.0,True
z160,160,in_feedback_loop,0.23335069776380368,1.3246188973659145e-50,0.23335069776380368,0.0,0.0,True
z161,161,in_feedback_loop,0.32793488189516395,6.45635424873026e-101,0.32793488189516395,0.0,0.0,True
z162,162,in_feedback_loop,0.18594322204533628,1.9102931184152597e-32,0.18594322204533628,0.0,0.0,True
z164,164,in_feedback_loop,0.22922431253236866,7.595091056898046e-49,0.22922431253236866,0.0,0.0,True
z165,165,in_feedback_loop,0.18999365970118656,7.97073826615098e-34,0.18999365970118656,0.0,0.0,True
z166,166,in_feedback_loop,0.23056284422126633,2.0602351060572895e-49,0.23056284422126633,0.0,0.0,True
z168,168,in_feedback_loop,0.19404689492832466,3.0855640310747405e-35,0.19404689492832466,0.0,0.0,True
z169,169,in_feedback_loop,0.23910521128673373,4.0905674629448256e-53,0.23910521128673373,0.0,0.0,True
z170,170,in_feedback_loop,0.27848767600278523,3.720167277694451e-72,0.27848767600278523,0.0,0.0,True
z171,171,in_feedback_loop,0.1697156442266216,3.1237943387966073e-27,0.1697156442266216,0.0,0.0,True
z172,172,in_feedback_loop,0.4314921135126166,4.035773268312836e-181,0.4314921135126166,0.0,0.0,True
z173,173,in_feedback_loop,0.22215593392895877,6.4949387785562015e-46,0.22215593392895877,0.0,0.0,True
z174,174,in_feedback_loop,0.27750152794750915,1.2244991001419148e-71,0.27750152794750915,0.0,0.0,True
z176,176,in_feedback_loop,0.22212668761966042,6.6757136780945816e-46,0.22212668761966042,0.0,0.0,True
z177,177,in_feedback_loop,0.09617185217888863,1.0966213495698488e-09,0.09617185217888863,0.0,0.0,True
z178,178,in_feedback_loop,0.33684482325013315,1.0407511726069236e-106,0.33684482325013315,0.0,0.0,True
z179,179,in_feedback_loop,0.21623339962070615,1.5560914342614957e-43,0.21623339962070615,0.0,0.0,True
z180,180,in_feedback_loop,0.16905423811006043,4.973000133151775e-27,0.16905423811006043,0.0,0.0,True
z181,181,in_feedback_loop,0.21007149488273447,3.9222731589322667e-41,0.21007149488273447,0.0,0.0,True
z182,182,in_feedback_loop,0.23344410400496227,1.2074940671946173e-50,0.23344410400496227,0.0,0.0,True
z183,183,in_feedback_loop,0.316705360394021,6.894545823701887e-94,0.316705360394021,0.0,0.0,True
z184,184,in_feedback_loop,0.16691841901046608,2.2034596934096928e-26,0.16691841901046608,0.0,0.0,True
z185,185,in_feedback_loop,0.27149267513007014,1.5656783229193804e-68,0.27149267513007014,0.0,0.0,True
z186,186,in_feedback_loop,0.2617484526718551,1.1661645214304898e-63,0.2617484526718551,0.0,0.0,True
z187,187,in_feedback_loop,0.37427102699984427,3.23588329536356e-133,0.37427102699984427,0.0,0.0,True
z188,188,in_feedback_loop,0.22767288816120687,3.4097590536930405e-48,0.22767288816120687,0.0,0.0,True
z189,189,in_feedback_loop,0.12790525608682649,4.651001946871031e-16,0.12790525608682649,0.0,0.0,True
z190,190,in_feedback_loop,0.2545438608538695,3.4566718943800215e-60,0.2545438608538695,0.0,0.0,True
z191,191,in_feedback_loop,0.24378064106333175,3.327106681055989e-55,0.24378064106333175,0.0,0.0,True
z192,192,in_feedback_loop,0.28511963320583056,1.0849903034433286e-75,0.28511963320583056,0.0,0.0,True
z193,193,in_feedback_loop,0.22450442216505767,7.07248322307227e-47,0.22450442216505767,0.0,0.0,True
z194,194,in_feedback_loop,0.15746311175364913,1.2668149032795058e-23,0.15746311175364913,0.0,0.0,True
z195,195,in_feedback_loop,0.30043026987856253,3.1579211273029836e-84,0.30043026987856253,0.0,0.0,True
z197,197,in_feedback_loop,0.2335887327808294,1.0461540203592206e-50,0.2335887327808294,0.0,0.0,True
z198,198,in_feedback_loop,-0.08779104554023476,2.6762196109797636e-08,0.08779104554023476,0.0,0.0,True
z199,199,in_feedback_loop,-0.009129850594412953,0.5637678759161815,0.009129850594412953,0.604,0.6172471843509187,False
z200,200,in_feedback_loop,0.27966994338883133,8.860495981192058e-73,0.27966994338883133,0.0,0.0,True
z201,201,in_feedback_loop,0.17629401342600332,2.762884808850744e-29,0.17629401342600332,0.0,0.0,True
z202,202,in_feedback_loop,0.2878010092661871,3.7886551385563505e-77,0.2878010092661871,0.0,0.0,True
z203,203,in_feedback_loop,0.07717219107430526,1.0261264198354168e-06,0.07717219107430526,0.0,0.0,True
z204,204,in_feedback_loop,0.16564288523107085,5.310263579220627e-26,0.16564288523107085,0.0,0.0,True
z205,205,in_feedback_loop,0.3173688812045924,2.7010655839815185e-94,0.3173688812045924,0.0,0.0,True
z206,206,in_feedback_loop,0.20290656946891977,1.957557316533596e-38,0.20290656946891977,0.0,0.0,True
z207,207,in_feedback_loop,0.2608603796558357,3.1672073508943e-63,0.2608603796558357,0.0,0.0,True
z209,209,in_feedback_loop,0.20928749078895936,7.828907154004067e-41,0.20928749078895936,0.0,0.0,True
z210,210,in_feedback_loop,0.2860993501900326,3.198490117808148e-76,0.2860993501900326,0.0,0.0,True
z211,211,in_feedback_loop,0.3223477415587013,2.2106436759272403e-97,0.3223477415587013,0.0,0.0,True
z212,212,in_feedback_loop,0.21486345729890982,5.400841661941495e-43,0.21486345729890982,0.0,0.0,True
z213,213,in_feedback_loop,0.2887624883634008,1.127609899715008e-77,0.2887624883634008,0.0,0.0,True
z214,214,in_feedback_loop,-0.019746674299754952,0.21180382239917256,0.019746674299754952,0.282,0.2978970588235294,False
z215,215,in_feedback_loop,-0.00912985059441295,0.5637678759161815,0.00912985059441295,0.74,0.7513309776207302,False
z216,216,in_feedback_loop,0.21294557584026524,3.0393370906753294e-42,0.21294557584026524,0.0,0.0,True
z217,217,in_feedback_loop,0.18968723309216928,1.0161814489828223e-33,0.18968723309216928,0.0,0.0,True
z218,218,in_feedback_loop,0.3637157066791886,2.2451008178280617e-125,0.3637157066791886,0.0,0.0,True
z220,220,in_feedback_loop,0.3170278454869482,4.3735998417997433e-94,0.3170278454869482,0.0,0.0,True
z221,221,in_feedback_loop,0.2622714947554756,6.462675598576395e-64,0.2622714947554756,0.0,0.0,True
z222,222,in_feedback_loop,0.2207583613992735,2.4010182869881035e-45,0.2207583613992735,0.0,0.0,True
z223,223,in_feedback_loop,0.2569344376985628,2.50510320323691e-61,0.2569344376985628,0.0,0.0,True
z224,224,in_feedback_loop,0.4045240797448457,2.2797527132576318e-157,0.4045240797448457,0.0,0.0,True
z226,226,in_feedback_loop,0.09781638720904966,5.668281551789352e-10,0.09781638720904966,0.0,0.0,True
z227,227,in_feedback_loop,0.15586168491126617,3.5779812529921725e-23,0.15586168491126617,0.0,0.0,True
z229,229,in_feedback_loop,0.3272482356502918,1.7717841184059259e-100,0.3272482356502918,0.0,0.0,True
z231,231,in_feedback_loop,0.029499329892190982,0.06210795159720492,0.029499329892190982,0.028,0.03182069874752802,True
z233,233,in_feedback_loop,0.18601565033265502,1.805954930376236e-32,0.18601565033265502,0.0,0.0,True
z234,234,in_feedback_loop,0.2513965254669081,1.0494393754463716e-58,0.2513965254669081,0.0,0.0,True
z236,236,in_feedback_loop,0.22142469647160173,1.288719733014882e-45,0.22142469647160173,0.0,0.0,True
z237,237,in_feedback_loop,0.3111349320857278,1.6381565901199988e-90,0.3111349320857278,0.0,0.0,True
z238,238,in_feedback_loop,0.25435275082677034,4.258526855180798e-60,0.25435275082677034,0.0,0.0,True
z241,241,in_feedback_loop,0.1966204033179922,3.769028783384779e-36,0.1966204033179922,0.0,0.0,True
z242,242,in_feedback_loop,0.3920118357571624,4.525473798897272e-147,0.3920118357571624,0.0,0.0,True
z243,243,in_feedback_loop,0.18810066378618476,3.549639221390997e-33,0.18810066378618476,0.0,0.0,True
z244,244,in_feedback_loop,0.2587187819995971,3.4687209783030832e-62,0.2587187819995971,0.0,0.0,True
z246,246,in_feedback_loop,0.2850359892926453,1.203974329182181e-75,0.2850359892926453,0.0,0.0,True
z247,247,in_feedback_loop,0.32528008574734035,3.153488409726469e-99,0.32528008574734035,0.0,0.0,True
z248,248,in_feedback_loop,0.3609678075742503,2.211107833403469e-123,0.3609678075742503,0.0,0.0,True
z249,249,in_feedback_loop,0.23646155098749022,5.935539505996646e-52,0.23646155098749022,0.0,0.0,True
z252,252,in_feedback_loop,0.33070934617415626,1.0639041431370479e-102,0.33070934617415626,0.0,0.0,True
z253,253,in_feedback_loop,0.22911184149246733,8.471839792034434e-49,0.22911184149246733,0.0,0.0,True
z254,254,in_feedback_loop,0.12761852196728618,5.409489698927487e-16,0.12761852196728618,0.0,0.0,True
z255,255,in_feedback_loop,-0.009129850594412953,0.5637678759161815,0.009129850594412953,0.604,0.6172471843509187,False
z256,256,in_feedback_loop,0.33551333426165475,7.857661011735777e-106,0.33551333426165475,0.0,0.0,True
z257,257,in_feedback_loop,0.2826080964132166,2.430023802217225e-74,0.2826080964132166,0.0,0.0,True
z258,258,in_feedback_loop,0.12636378434162499,1.043573296597997e-15,0.12636378434162499,0.0,0.0,True
z259,259,in_feedback_loop,0.28847838459748265,1.6139711395274398e-77,0.28847838459748265,0.0,0.0,True
z260,260,in_feedback_loop,0.15379440308346132,1.3449860830027343e-22,0.15379440308346132,0.0,0.0,True
z261,261,in_feedback_loop,0.2979870056932459,7.889746614486517e-83,0.2979870056932459,0.0,0.0,True
z262,262,in_feedback_loop,0.35271318404579377,1.6423845093083756e-117,0.35271318404579377,0.0,0.0,True
z263,263,in_feedback_loop,0.25839340081135476,4.980250777346644e-62,0.25839340081135476,0.0,0.0,True
z264,264,in_feedback_loop,0.3403500546291668,4.844439019097472e-109,0.3403500546291668,0.0,0.0,True
z266,266,in_feedback_loop,0.21916569903554972,1.0536790678250344e-44,0.21916569903554972,0.0,0.0,True
z267,267,in_feedback_loop,0.2230024032132135,2.9292501481135998e-46,0.2230024032132135,0.0,0.0,True
z268,268,in_feedback_loop,0.24290337455192587,8.271986095077551e-55,0.24290337455192587,0.0,0.0,True
z269,269,in_feedback_loop,0.28923971230815343,6.168131939529634e-78,0.28923971230815343,0.0,0.0,True
z270,270,in_feedback_loop,0.25510095830296087,1.8797960688638462e-60,0.25510095830296087,0.0,0.0,True
z271,271,in_feedback_loop,-0.00912985059441295,0.5637678759161815,0.00912985059441295,0.996,0.996,False
z272,272,in_feedback_loop,0.2719630598758026,9.001891328700765e-69,0.2719630598758026,0.0,0.0,True
z273,273,in_feedback_loop,0.23252562282943268,2.995469428269358e-50,0.23252562282943268,0.0,0.0,True
z274,274,in_feedback_loop,0.37980425059492123,1.9097279799576837e-137,0.37980425059492123,0.0,0.0,True
z275,275,in_feedback_loop,0.1427358525330129,1.1785667336775373e-19,0.1427358525330129,0.0,0.0,True
z276,276,in_feedback_loop,0.20550901253926446,2.1054558200236836e-39,0.20550901253926446,0.0,0.0,True
z278,278,in_feedback_loop,0.35769396060309955,4.942908039677644e-121,0.35769396060309955,0.0,0.0,True
z279,279,in_feedback_loop,0.22500566487654683,4.391358282082958e-47,0.22500566487654683,0.0,0.0,True
z281,281,in_feedback_loop,0.27047245571333656,5.1807440712461e-68,0.27047245571333656,0.0,0.0,True
z282,282,in_feedback_loop,0.2607850411700392,3.446751252856971e-63,0.2607850411700392,0.0,0.0,True
z283,283,in_feedback_loop,0.43767048707792977,7.115520107053056e-187,0.43767048707792977,0.0,0.0,True
z284,284,in_feedback_loop,0.1728826018531982,3.283702781372049e-28,0.1728826018531982,0.0,0.0,True
z285,285,in_feedback_loop,0.24466334335793746,1.325754700804285e-55,0.24466334335793746,0.0,0.0,True
z286,286,in_feedback_loop,0.23001388080826507,3.521594734932992e-49,0.23001388080826507,0.0,0.0,True
z287,287,in_feedback_loop,0.23002155310020142,3.495341978384815e-49,0.23002155310020142,0.0,0.0,True
z288,288,in_feedback_loop,0.3456051688365242,1.3547871648632876e-112,0.3456051688365242,0.0,0.0,True
z289,289,in_feedback_loop,0.23079598099454443,1.6400429162805234e-49,0.23079598099454443,0.0,0.0,True
z292,292,in_feedback_loop,0.19288733135688352,7.880787036839372e-35,0.19288733135688352,0.0,0.0,True
z294,294,in_feedback_loop,-0.009129850594412953,0.5637678759161815,0.009129850594412953,0.344,0.36117904993909866,False
z295,295,in_feedback_loop,0.24105800817311582,5.552070499068865e-54,0.24105800817311582,0.0,0.0,True
z297,297,in_feedback_loop,0.051230294013929534,0.0011902599112206212,0.051230294013929534,0.001,0.001275147928994083,True
z298,298,in_feedback_loop,0.34879724489164177,8.705107671530053e-115,0.34879724489164177,0.0,0.0,True
z299,299,in_feedback_loop,0.3291551472201285,1.0667011352371364e-101,0.3291551472201285,0.0,0.0,True
z300,300,in_feedback_loop,0.2243775836322982,7.977481879221597e-47,0.2243775836322982,0.0,0.0,True
z301,301,in_feedback_loop,0.17641889524253632,2.5211142329042517e-29,0.17641889524253632,0.0,0.0,True
z302,302,in_feedback_loop,0.21212670496020836,6.322908088697256e-42,0.21212670496020836,0.0,0.0,True
z303,303,in_feedback_loop,0.30661366271897394,7.965031678220123e-88,0.30661366271897394,0.0,0.0,True
z304,304,in_feedback_loop,0.31700700460161957,4.504232854817381e-94,0.31700700460161957,0.0,0.0,True
z305,305,in_feedback_loop,-0.024114388906864095,0.1272907980277401,0.024114388906864095,0.173,0.18571108343711082,False
z306,306,in_feedback_loop,0.3267086703989307,3.9095497097333283e-100,0.3267086703989307,0.0,0.0,True
z307,307,in_feedback_loop,0.00989955670402808,0.5313657160364296,0.00989955670402808,0.903,0.9077387755102041,False
z308,308,in_feedback_loop,0.16701820101081088,2.0563298847951005e-26,0.16701820101081088,0.0,0.0,True
z310,310,in_feedback_loop,0.10313481148836574,6.22550686696852e-11,0.10313481148836574,0.0,0.0,True
z311,311,in_feedback_loop,0.3486709128948091,1.0641851621034399e-114,0.3486709128948091,0.0,0.0,True
z312,312,in_feedback_loop,0.2973677278942431,1.774851330846425e-82,0.2973677278942431,0.0,0.0,True
z313,313,in_feedback_loop,0.4000142286138785,1.3209187222025946e-153,0.4000142286138785,0.0,0.0,True
z314,314,in_feedback_loop,0.35513324927573886,3.2536595944541604e-119,0.35513324927573886,0.0,0.0,True
z315,315,in_feedback_loop,0.20424335126596826,6.251093895867764e-39,0.20424335126596826,0.0,0.0,True
z316,316,in_feedback_loop,0.2267424751513024,8.34671776114042e-48,0.2267424751513024,0.0,0.0,True
z318,318,in_feedback_loop,0.32221639699644683,2.6712318966607454e-97,0.32221639699644683,0.0,0.0,True
z319,319,in_feedback_loop,0.3445448388926119,7.151219098830843e-112,0.3445448388926119,0.0,0.0,True
z322,322,in_feedback_loop,0.1746926037017732,8.88662290485251e-29,0.1746926037017732,0.0,0.0,True
z324,324,in_feedback_loop,0.02738955178323883,0.08326450701522388,0.02738955178323883,0.206,0.21990340557275542,False
z328,328,in_feedback_loop,0.3291832421051423,1.0232865022696048e-101,0.3291832421051423,0.0,0.0,True
z329,329,in_feedback_loop,0.1799557553018784,1.832115333375796e-30,0.1799557553018784,0.0,0.0,True
z331,331,in_feedback_loop,0.21388186655494032,1.3103684599598521e-42,0.21388186655494032,0.0,0.0,True
z332,332,in_feedback_loop,0.21293563546977462,3.0665408314293284e-42,0.21293563546977462,0.0,0.0,True
z333,333,in_feedback_loop,0.3113766489795906,1.1732051255268606e-90,0.3113766489795906,0.0,0.0,True
z334,334,in_feedback_loop,0.3184043505296249,6.228082454282587e-95,0.3184043505296249,0.0,0.0,True
z335,335,in_feedback_loop,0.16700280745047436,2.0783757326016315e-26,0.16700280745047436,0.0,0.0,True
z337,337,in_feedback_loop,0.2077228192085226,3.084089453462171e-40,0.2077228192085226,0.0,0.0,True
z338,338,in_feedback_loop,0.20242461589237631,2.948451376610763e-38,0.20242461589237631,0.0,0.0,True
z339,339,in_feedback_loop,0.21718439757220093,6.52650130670173e-44,0.21718439757220093,0.0,0.0,True
z340,340,in_feedback_loop,0.2241935891540816,9.498757587707105e-47,0.2241935891540816,0.0,0.0,True
z341,341,in_feedback_loop,0.3580275749329944,2.856535768108595e-121,0.3580275749329944,0.0,0.0,True
z342,342,in_feedback_loop,0.24251712765988487,1.2338325176094795e-54,0.24251712765988487,0.0,0.0,True
z343,343,in_feedback_loop,0.06635690990556994,2.6680024077351433e-05,0.06635690990556994,0.0,0.0,True
z344,344,in_feedback_loop,0.31774172557325137,1.593658736901864e-94,0.31774172557325137,0.0,0.0,True
z345,345,in_feedback_loop,0.0719845093334596,5.184256397238496e-06,0.0719845093334596,0.0,0.0,True
z346,346,in_feedback_loop,0.16751972671777182,1.4519839934728191e-26,0.16751972671777182,0.0,0.0,True
z348,348,in_feedback_loop,0.2966907101314372,4.296293477431942e-82,0.2966907101314372,0.0,0.0,True
z349,349,in_feedback_loop,0.2531572048386648,1.5642178013586002e-59,0.2531572048386648,0.0,0.0,True
z350,350,in_feedback_loop,-0.016764905324321823,0.2891223938647383,0.016764905324321823,0.373,0.38878597339782345,False
z351,351,in_feedback_loop,0.23751346173639215,2.055647833057774e-52,0.23751346173639215,0.0,0.0,True
z352,352,in_feedback_loop,0.07237190769382194,4.610357413360369e-06,0.07237190769382194,0.0,0.0,True
z353,353,in_feedback_loop,0.3454687474843191,1.6787507513110608e-112,0.3454687474843191,0.0,0.0,True
z355,355,in_feedback_loop,0.1490307315830796,2.653729159909779e-21,0.1490307315830796,0.0,0.0,True
z356,356,in_feedback_loop,0.1325419134009409,3.8550432265026096e-17,0.1325419134009409,0.0,0.0,True
z358,358,in_feedback_loop,0.09505289302864955,1.7075295155650063e-09,0.09505289302864955,0.0,0.0,True
z359,359,in_feedback_loop,0.21892070087285842,1.3214921233783121e-44,0.21892070087285842,0.0,0.0,True
z361,361,in_feedback_loop,0.27464405362245814,3.7597619511580354e-70,0.27464405362245814,0.0,0.0,True
z362,362,in_feedback_loop,0.19544858114334768,9.853585171415684e-36,0.19544858114334768,0.0,0.0,True
z363,363,in_feedback_loop,0.25418435121023186,5.117175652063982e-60,0.25418435121023186,0.0,0.0,True
z364,364,in_feedback_loop,0.3016839628644875,5.983349280027914e-85,0.3016839628644875,0.0,0.0,True
z365,365,in_feedback_loop,0.25274147219179643,2.4551377497921087e-59,0.25274147219179643,0.0,0.0,True
z366,366,in_feedback_loop,0.651106279011478,0.0,0.651106279011478,0.0,0.0,True
z367,367,in_feedback_loop,0.2375321384404836,2.017213240036703e-52,0.2375321384404836,0.0,0.0,True
z369,369,in_feedback_loop,0.20914917014048973,8.841636011263861e-41,0.20914917014048973,0.0,0.0,True
z370,370,in_feedback_loop,0.22568397300038645,2.2998821301170466e-47,0.22568397300038645,0.0,0.0,True
z371,371,in_feedback_loop,0.1873927796494374,6.180036992877993e-33,0.1873927796494374,0.0,0.0,True
z372,372,in_feedback_loop,0.3450535253307769,3.2218984947587517e-112,0.3450535253307769,0.0,0.0,True
z373,373,in_feedback_loop,0.19878405933400048,6.2892729837178324e-37,0.19878405933400048,0.0,0.0,True
z374,374,in_feedback_loop,0.29497032918941757,4.018264927929613e-81,0.29497032918941757,0.0,0.0,True
z375,375,in_feedback_loop,0.21921161385534838,1.009862338853806e-44,0.21921161385534838,0.0,0.0,True
z376,376,in_feedback_loop,0.04741696080036361,0.0027027948380511876,0.04741696080036361,0.015,0.017461174881836596,True
z377,377,in_feedback_loop,0.2481135652197133,3.50752544945738e-57,0.2481135652197133,0.0,0.0,True
z379,379,in_feedback_loop,0.334690988617885,2.7249287223224124e-105,0.334690988617885,0.0,0.0,True
z381,381,in_feedback_loop,0.3480603472333371,2.8060685780353e-114,0.3480603472333371,0.0,0.0,True
z382,382,in_feedback_loop,0.26753313023986336,1.5815406853759042e-66,0.26753313023986336,0.0,0.0,True
z383,383,in_feedback_loop,0.05311307677093579,0.0007780490545704904,0.05311307677093579,0.001,0.001275147928994083,True
z384,384,in_feedback_loop,0.1600804791477219,2.2671513566056035e-24,0.1600804791477219,0.0,0.0,True
z385,385,in_feedback_loop,0.2646052396133628,4.565658857059405e-65,0.2646052396133628,0.0,0.0,True
z386,386,in_feedback_loop,0.24250190017967915,1.2534175242658785e-54,0.24250190017967915,0.0,0.0,True
z387,387,in_feedback_loop,0.1596983550049245,2.9198904487779862e-24,0.1596983550049245,0.0,0.0,True
z388,388,in_feedback_loop,0.26131008304275993,1.910553896019456e-63,0.26131008304275993,0.0,0.0,True
z389,389,in_feedback_loop,0.3782127242049491,3.204944200490511e-136,0.3782127242049491,0.0,0.0,True
z390,390,in_feedback_loop,0.28386616252344854,5.140777476696672e-75,0.28386616252344854,0.0,0.0,True
z391,391,in_feedback_loop,0.0432591712009858,0.006211999882876355,0.0432591712009858,0.009,0.010627397260273973,True
z392,392,in_feedback_loop,0.14385706463763914,6.07044381317849e-20,0.14385706463763914,0.0,0.0,True
z393,393,in_feedback_loop,0.19998425480216406,2.308434783680817e-37,0.19998425480216406,0.0,0.0,True
z394,394,in_feedback_loop,0.31765400237745534,1.8044177244939748e-94,0.31765400237745534,0.0,0.0,True
z395,395,in_feedback_loop,0.37464929889879905,1.6730178984759223e-133,0.37464929889879905,0.0,0.0,True
z396,396,in_feedback_loop,0.33440760866231045,4.179045021915211e-105,0.33440760866231045,0.0,0.0,True
z397,397,in_feedback_loop,0.061213365652091796,0.00010710906534779867,0.061213365652091796,0.001,0.001275147928994083,True
z398,398,in_feedback_loop,0.05479749840101368,0.0005258711704132692,0.05479749840101368,0.004,0.0048700564971751415,True
z399,399,in_feedback_loop,0.32456388504459643,8.943192110565846e-99,0.32456388504459643,0.0,0.0,True
z400,400,in_feedback_loop,0.05820148898163638,0.0002305440858196242,0.05820148898163638,0.0,0.0,True
z402,402,in_feedback_loop,0.13923629941812293,9.035035173697802e-19,0.13923629941812293,0.0,0.0,True
z403,403,in_feedback_loop,0.23228755996550665,3.788403235044537e-50,0.23228755996550665,0.0,0.0,True
z404,404,in_feedback_loop,0.0934079414259906,3.2442896156096286e-09,0.0934079414259906,0.0,0.0,True
z405,405,in_feedback_loop,0.20012428862580672,2.052805576849051e-37,0.20012428862580672,0.0,0.0,True
z406,406,in_feedback_loop,0.16678597852691707,2.4149692513898916e-26,0.16678597852691707,0.0,0.0,True
z407,407,in_feedback_loop,0.2207707297921317,2.373490417849004e-45,0.2207707297921317,0.0,0.0,True
z409,409,in_feedback_loop,0.3954263533765643,7.752679643982099e-150,0.3954263533765643,0.0,0.0,True
z410,410,in_feedback_loop,0.18176400604252518,4.694930285810228e-31,0.18176400604252518,0.0,0.0,True
z411,411,in_feedback_loop,0.30761120993789215,2.0533073693325494e-88,0.30761120993789215,0.0,0.0,True
z412,412,in_feedback_loop,0.11655666998472118,1.4183178060177288e-13,0.11655666998472118,0.0,0.0,True
z414,414,in_feedback_loop,0.03873573429685494,0.01428495851847943,0.03873573429685494,0.049,0.054465506125080596,False
z416,416,in_feedback_loop,0.10228616841350761,8.924180810914262e-11,0.10228616841350761,0.0,0.0,True
z417,417,in_feedback_loop,0.24401365730780744,2.610574533743984e-55,0.24401365730780744,0.0,0.0,True
z418,418,in_feedback_loop,0.16144805304803872,9.119825791379463e-25,0.16144805304803872,0.0,0.0,True
z419,419,in_feedback_loop,0.24061181704844997,8.776515592524475e-54,0.24061181704844997,0.0,0.0,True
z420,420,in_feedback_loop,0.2905551256600829,1.1623283507898488e-78,0.2905551256600829,0.0,0.0,True
z422,422,in_feedback_loop,0.21242184045476634,4.857439948608373e-42,0.21242184045476634,0.0,0.0,True
z423,423,in_feedback_loop,0.18742007929036208,6.049537271263763e-33,0.18742007929036208,0.0,0.0,True
z424,424,in_feedback_loop,0.27413657573924277,6.877326785840071e-70,0.27413657573924277,0.0,0.0,True
z427,427,in_feedback_loop,0.21101479556655742,1.7012866348732117e-41,0.21101479556655742,0.0,0.0,True
z428,428,in_feedback_loop,0.6011951629739196,0.0,0.6011951629739196,0.0,0.0,True
z429,429,in_feedback_loop,0.19256497797049899,1.0216862758712485e-34,0.19256497797049899,0.0,0.0,True
z430,430,in_feedback_loop,0.3336872114087652,1.2368833223553848e-104,0.3336872114087652,0.0,0.0,True
z431,431,in_feedback_loop,0.23059013049515653,2.00598807416642e-49,0.23059013049515653,0.0,0.0,True
z432,432,in_feedback_loop,0.3523432602862741,2.981889581393136e-117,0.3523432602862741,0.0,0.0,True
z435,435,in_feedback_loop,0.28755019745006655,5.193302032377928e-77,0.28755019745006655,0.0,0.0,True
z437,437,in_feedback_loop,0.2436844452926868,3.677201335289176e-55,0.2436844452926868,0.0,0.0,True
z438,438,in_feedback_loop,0.1874921378721458,5.718071462152632e-33,0.1874921378721458,0.0,0.0,True
z439,439,in_feedback_loop,0.04744320813971766,0.0026880823519559328,0.04744320813971766,0.005,0.006040644709180098,True
z440,440,in_feedback_loop,0.20452429117522097,4.9127158191130064e-39,0.20452429117522097,0.0,0.0,True
z441,441,in_feedback_loop,0.3245592879382848,9.003147481240048e-99,0.3245592879382848,0.0,0.0,True
z442,442,in_feedback_loop,0.2158398180895808,2.226797509188206e-43,0.2158398180895808,0.0,0.0,True
z443,443,in_feedback_loop,0.31921487322263953,1.9671038297912465e-95,0.31921487322263953,0.0,0.0,True
z444,444,in_feedback_loop,0.0667147946180242,2.412855670144205e-05,0.0667147946180242,0.0,0.0,True
z445,445,in_feedback_loop,0.09392002410580072,2.6597922189762494e-09,0.09392002410580072,0.0,0.0,True
z446,446,in_feedback_loop,0.19296374429727223,7.409921138368446e-35,0.19296374429727223,0.0,0.0,True
z447,447,in_feedback_loop,0.25732875765911245,1.620513661349458e-61,0.25732875765911245,0.0,0.0,True
z448,448,in_feedback_loop,0.17929350450009832,3.0058121983274583e-30,0.17929350450009832,0.0,0.0,True
z449,449,in_feedback_loop,0.20607100483164748,1.2956424541145178e-39,0.20607100483164748,0.0,0.0,True
z450,450,in_feedback_loop,0.3447748265167796,4.987755541601966e-112,0.3447748265167796,0.0,0.0,True
z451,451,in_feedback_loop,0.24140654900638317,3.879937319980198e-54,0.24140654900638317,0.0,0.0,True
z452,452,in_feedback_loop,0.34034580428527017,4.876291970626535e-109,0.34034580428527017,0.0,0.0,True
z453,453,in_feedback_loop,0.20532786217632953,2.461399328850046e-39,0.20532786217632953,0.0,0.0,True
z454,454,in_feedback_loop,0.3039341646021192,2.9594486996067587e-86,0.3039341646021192,0.0,0.0,True
z455,455,in_feedback_loop,0.2362840787736979,7.094655751180545e-52,0.2362840787736979,0.0,0.0,True
z458,458,in_feedback_loop,0.12047039856366504,2.0944664703195805e-14,0.12047039856366504,0.0,0.0,True
z460,460,in_feedback_loop,0.22906926470407168,8.829408727926361e-49,0.22906926470407168,0.0,0.0,True
z461,461,in_feedback_loop,0.28616885304872286,2.93245089839799e-76,0.28616885304872286,0.0,0.0,True
z462,462,in_feedback_loop,0.43710811356757273,2.4037531437859464e-186,0.43710811356757273,0.0,0.0,True
z463,463,in_feedback_loop,0.4415710021793188,1.4379352005595306e-190,0.4415710021793188,0.0,0.0,True
z466,466,in_feedback_loop,0.21071984037895503,2.210018204996799e-41,0.21071984037895503,0.0,0.0,True
z467,467,in_feedback_loop,0.23509645228240367,2.331848972282498e-51,0.23509645228240367,0.0,0.0,True
z468,468,in_feedback_loop,0.19605125001925489,6.01555725103242e-36,0.19605125001925489,0.0,0.0,True
z469,469,in_feedback_loop,0.23035667125394071,2.5201663958054473e-49,0.23035667125394071,0.0,0.0,True
z470,470,in_feedback_loop,0.2084350112609332,1.6546455853538845e-40,0.2084350112609332,0.0,0.0,True
z471,471,in_feedback_loop,0.25939280395851383,1.637050748547312e-62,0.25939280395851383,0.0,0.0,True
z473,473,in_feedback_loop,0.2157319395563535,2.4563400997678836e-43,0.2157319395563535,0.0,0.0,True
z474,474,in_feedback_loop,0.22018585397660673,4.0913761710696585e-45,0.22018585397660673,0.0,0.0,True
z475,475,in_feedback_loop,0.3747751206344061,1.3431421052639088e-133,0.3747751206344061,0.0,0.0,True
z476,476,in_feedback_loop,0.2679813798872123,9.416038684745488e-67,0.2679813798872123,0.0,0.0,True
z477,477,in_feedback_loop,0.33346108970675037,1.737745912282162e-104,0.33346108970675037,0.0,0.0,True
z478,478,in_feedback_loop,0.21511200662015326,4.3120997681290494e-43,0.21511200662015326,0.0,0.0,True
z480,480,in_feedback_loop,0.18000662603642267,1.7636094791451675e-30,0.18000662603642267,0.0,0.0,True
z482,482,in_feedback_loop,0.25509832018027145,1.885233019120913e-60,0.25509832018027145,0.0,0.0,True
z483,483,in_feedback_loop,0.2674913178725552,1.6598388180115196e-66,0.2674913178725552,0.0,0.0,True
z484,484,in_feedback_loop,0.23819824479769075,1.0278746264907623e-52,0.23819824479769075,0.0,0.0,True
z486,486,in_feedback_loop,0.3520137207848665,5.0691925633021165e-117,0.3520137207848665,0.0,0.0,True
z487,487,in_feedback_loop,0.2587638636797547,3.2990424813438545e-62,0.2587638636797547,0.0,0.0,True
z488,488,in_feedback_loop,0.20784586622329904,2.769981914680929e-40,0.20784586622329904,0.0,0.0,True
z489,489,in_feedback_loop,0.2591693928237738,2.1001988045844726e-62,0.2591693928237738,0.0,0.0,True
z491,491,in_feedback_loop,0.10523686075613503,2.5196757376339946e-11,0.10523686075613503,0.0,0.0,True
z492,492,in_feedback_loop,0.15275397904549678,2.6011004814990096e-22,0.15275397904549678,0.0,0.0,True
z493,493,in_feedback_loop,0.22632619113372016,1.244233706699495e-47,0.22632619113372016,0.0,0.0,True
z494,494,in_feedback_loop,0.20447112018128405,5.142055125643526e-39,0.20447112018128405,0.0,0.0,True
z495,495,in_feedback_loop,-0.009129850594412953,0.5637678759161815,0.009129850594412953,0.604,0.6172471843509187,False
z497,497,in_feedback_loop,0.17091776188723168,1.3352247453229276e-27,0.17091776188723168,0.0,0.0,True
z498,498,in_feedback_loop,0.14179998533624458,2.042204317909309e-19,0.14179998533624458,0.0,0.0,True
z500,500,in_feedback_loop,0.21855176867692971,1.857584893453213e-44,0.21855176867692971,0.0,0.0,True
z501,501,in_feedback_loop,0.09365823356361067,2.9444843851141114e-09,0.09365823356361067,0.0,0.0,True
z502,502,in_feedback_loop,0.35239039535424194,2.7638051114464903e-117,0.35239039535424194,0.0,0.0,True
z504,504,in_feedback_loop,0.19569302632865937,8.067716725569039e-36,0.19569302632865937,0.0,0.0,True
z505,505,in_feedback_loop,0.1757456771690822,4.1270354636352626e-29,0.1757456771690822,0.0,0.0,True
z506,506,in_feedback_loop,0.26945706541527015,1.6958450188989425e-67,0.26945706541527015,0.0,0.0,True
z507,507,in_feedback_loop,0.2362820672505825,7.109008579727809e-52,0.2362820672505825,0.0,0.0,True
z508,508,in_feedback_loop,-0.009129850594412946,0.5637678759161815,0.009129850594412946,0.796,0.8062890716803761,False
z509,509,in_feedback_loop,0.19579905916341409,7.396810934743522e-36,0.19579905916341409,0.0,0.0,True
z511,511,in_feedback_loop,0.15351398389447157,1.6073734931213572e-22,0.15351398389447157,0.0,0.0,True
z512,512,in_feedback_loop,0.22383343012858636,1.3361209108190852e-46,0.22383343012858636,0.0,0.0,True
z1,1,in_single_input_module,-0.06169719156903288,9.439174827884741e-05,0.06169719156903288,0.0,0.0,True
z2,2,in_single_input_module,-0.10183403889373494,1.079875298587037e-10,0.10183403889373494,0.0,0.0,True
z3,3,in_single_input_module,-0.11526302583368517,2.632408721955498e-13,0.11526302583368517,0.0,0.0,True
z4,4,in_single_input_module,-0.1045501181378923,3.392638089765567e-11,0.1045501181378923,0.0,0.0,True
z5,5,in_single_input_module,-0.11617346321326483,1.704681660877369e-13,0.11617346321326483,0.0,0.0,True
z6,6,in_single_input_module,-0.0965767548735673,9.331026758866971e-10,0.0965767548735673,0.0,0.0,True
z7,7,in_single_input_module,-0.08897617154361895,1.732685425936862e-08,0.08897617154361895,0.0,0.0,True
z8,8,in_single_input_module,-0.09408002998675195,2.49917994327589e-09,0.09408002998675195,0.0,0.0,True
z9,9,in_single_input_module,-0.04220215666624179,0.007597473267289533,0.04220215666624179,0.009,0.010627397260273973,True
z10,10,in_single_input_module,-0.07725696573301599,9.984442192329218e-07,0.07725696573301599,0.0,0.0,True
z11,11,in_single_input_module,-0.09255066245314378,4.513637417427638e-09,0.09255066245314378,0.0,0.0,True
z12,12,in_single_input_module,-0.015366309261405909,0.33124742126297557,0.015366309261405909,0.428,0.44369933854479854,False
z13,13,in_single_input_module,-0.12134150335390581,1.3566233240094292e-14,0.12134150335390581,0.0,0.0,True
z14,14,in_single_input_module,-0.09653401353519561,9.491733618143556e-10,0.09653401353519561,0.0,0.0,True
z15,15,in_single_input_module,-0.07373175397327922,3.039939228441229e-06,0.07373175397327922,0.0,0.0,True
z16,16,in_single_input_module,-0.08723804416484353,3.271816253649739e-08,0.08723804416484353,0.0,0.0,True
z17,17,in_single_input_module,-0.02337032538697078,0.13945890459664845,0.02337032538697078,0.177,0.18965071472964573,False
z18,18,in_single_input_module,-0.05720600396193341,0.00029476360897408516,0.05720600396193341,0.0,0.0,True
z19,19,in_single_input_module,-0.06694078649273438,2.263881191376155e-05,0.06694078649273438,0.0,0.0,True
z21,21,in_single_input_module,-0.07467084724516143,2.2705047891080844e-06,0.07467084724516143,0.0,0.0,True
z22,22,in_single_input_module,-0.10078025977136708,1.6787117935805746e-10,0.10078025977136708,0.0,0.0,True
z24,24,in_single_input_module,-0.06521205931246712,3.667644602717624e-05,0.06521205931246712,0.0,0.0,True
z25,25,in_single_input_module,-0.10551683791287836,2.2306733977786165e-11,0.10551683791287836,0.0,0.0,True
z26,26,in_single_input_module,-0.08795532898324557,2.5205475340216056e-08,0.08795532898324557,0.0,0.0,True
z27,27,in_single_input_module,-0.02898927358137206,0.0667646773157268,0.02898927358137206,0.072,0.07916326530612244,False
z28,28,in_single_input_module,-0.09958523215072324,2.753633679574995e-10,0.09958523215072324,0.0,0.0,True
z29,29,in_single_input_module,-0.09387507355835914,2.7066924874541527e-09,0.09387507355835914,0.0,0.0,True
z30,30,in_single_input_module,-0.09049028306022494,9.86207546041231e-09,0.09049028306022494,0.0,0.0,True
z31,31,in_single_input_module,-0.06876220363364069,1.3447309690268811e-05,0.06876220363364069,0.0,0.0,True
z32,32,in_single_input_module,-0.018908893956692072,0.231838413023799,0.018908893956692072,0.348,0.36515642118076685,False
z33,33,in_single_input_module,-0.09472370663269442,1.943250784905582e-09,0.09472370663269442,0.0,0.0,True
z34,34,in_single_input_module,-0.07145068014605974,6.088075995519951e-06,0.07145068014605974,0.0,0.0,True
z35,35,in_single_input_module,-0.0566593027377034,0.00033680824877738294,0.0566593027377034,0.0,0.0,True
z36,36,in_single_input_module,-0.06749868673427059,1.932670167129629e-05,0.06749868673427059,0.0,0.0,True
z37,37,in_single_input_module,-0.07717697393578057,1.0245451694756934e-06,0.07717697393578057,0.0,0.0,True
z38,38,in_single_input_module,-0.13445828299659948,1.3418017489281196e-17,0.13445828299659948,0.0,0.0,True
z39,39,in_single_input_module,-0.008496057568199437,0.5911435522199084,0.008496057568199437,0.38,0.3956038647342995,False
z40,40,in_single_input_module,-0.08745267059598708,3.026789770145634e-08,0.08745267059598708,0.0,0.0,True
z41,41,in_single_input_module,-0.09706740227392212,7.665988137226325e-10,0.09706740227392212,0.0,0.0,True
z42,42,in_single_input_module,-0.14708805896471405,8.710476047377823e-21,0.14708805896471405,0.0,0.0,True
z43,43,in_single_input_module,-0.07191956509037101,5.286925765183345e-06,0.07191956509037101,0.0,0.0,True
z44,44,in_single_input_module,-0.12466632318445853,2.512333666779163e-15,0.12466632318445853,0.0,0.0,True
z45,45,in_single_input_module,-0.057147362216479494,0.00029902615518211264,0.057147362216479494,0.0,0.0,True
z46,46,in_single_input_module,-0.10253204479128214,8.042419601839923e-11,0.10253204479128214,0.0,0.0,True
z47,47,in_single_input_module,-0.08826981048986007,2.2466864070408844e-08,0.08826981048986007,0.0,0.0,True
z48,48,in_single_input_module,-0.07282604950021945,4.0149475986060685e-06,0.07282604950021945,0.0,0.0,True
z49,49,in_single_input_module,-0.07142455781324218,6.135965770654551e-06,0.07142455781324218,0.0,0.0,True
z50,50,in_single_input_module,-0.09769125355422048,5.962458966441455e-10,0.09769125355422048,0.0,0.0,True
z51,51,in_single_input_module,-0.13338486005354094,2.4279462888651133e-17,0.13338486005354094,0.0,0.0,True
z52,52,in_single_input_module,-0.0895816521528923,1.3845936809164486e-08,0.0895816521528923,0.0,0.0,True
z53,53,in_single_input_module,-0.08206641117914859,2.0200617873854542e-07,0.08206641117914859,0.0,0.0,True
z54,54,in_single_input_module,-0.060160610246447824,0.00014057726169988354,0.060160610246447824,0.0,0.0,True
z55,55,in_single_input_module,-0.1114409976177125,1.5721696641511448e-12,0.1114409976177125,0.0,0.0,True
z56,56,in_single_input_module,-0.07335448226023403,3.4147580515100852e-06,0.07335448226023403,0.0,0.0,True
z57,57,in_single_input_module,-0.10064859051161057,1.7732908517200136e-10,0.10064859051161057,0.0,0.0,True
z58,58,in_single_input_module,-0.07152865666045066,5.947239904527365e-06,0.07152865666045066,0.0,0.0,True
z60,60,in_single_input_module,-0.03941177776966916,0.012673696388309627,0.03941177776966916,0.021,0.02416822429906542,True
z61,61,in_single_input_module,-0.07090507811011226,7.166603689358555e-06,0.07090507811011226,0.0,0.0,True
z63,63,in_single_input_module,-0.12620748884501787,1.1320646974115204e-15,0.12620748884501787,0.0,0.0,True
z64,64,in_single_input_module,-0.05243726456258162,0.0009077173189109868,0.05243726456258162,0.003,0.003689015691868759,True
z65,65,in_single_input_module,-0.025605330574290555,0.10540797887254764,0.025605330574290555,0.142,0.15329242329367562,False
z66,66,in_single_input_module,-0.03538091708382032,0.02524148298155725,0.03538091708382032,0.03,0.034003944773175546,True
z67,67,in_single_input_module,-0.010952432155643498,0.48862533111249873,0.010952432155643498,0.369,0.3850823244552058,False
z68,68,in_single_input_module,-0.07784247123141644,8.259584545432563e-07,0.07784247123141644,0.0,0.0,True
z69,69,in_single_input_module,-0.09121107153241573,7.517242998278935e-09,0.09121107153241573,0.0,0.0,True
z70,70,in_single_input_module,-0.07219076847689346,4.870688138541142e-06,0.07219076847689346,0.0,0.0,True
z71,71,in_single_input_module,-0.056133645031647986,0.00038246823313817994,0.056133645031647986,0.0,0.0,True
z72,72,in_single_input_module,-0.016997403708372938,0.28248584444086183,0.016997403708372938,0.581,0.595861986912552,False
z73,73,in_single_input_module,-0.13282192945081533,3.307286845826142e-17,0.13282192945081533,0.0,0.0,True
z74,74,in_single_input_module,-0.07111713087721894,6.7273401970193775e-06,0.07111713087721894,0.0,0.0,True
z75,75,in_single_input_module,-0.09762050169820038,6.13532559019543e-10,0.09762050169820038,0.0,0.0,True
z76,76,in_single_input_module,-0.06084390867575815,0.00011789065833151732,0.06084390867575815,0.0,0.0,True
z78,78,in_single_input_module,-0.08580851617769192,5.469268447100812e-08,0.08580851617769192,0.0,0.0,True
z80,80,in_single_input_module,-0.07870192586727083,6.237249285076729e-07,0.07870192586727083,0.0,0.0,True
z81,81,in_single_input_module,-0.07970874748942988,4.4720529048022507e-07,0.07970874748942988,0.0,0.0,True
z82,82,in_single_input_module,-0.008496057568199432,0.5911435522199084,0.008496057568199432,0.681,0.6942897693672384,False
z83,83,in_single_input_module,-0.10030235006326632,2.0475291285447462e-10,0.10030235006326632,0.0,0.0,True
z84,84,in_single_input_module,-0.07868780102804465,6.266250777374021e-07,0.07868780102804465,0.0,0.0,True
z87,87,in_single_input_module,-0.008496057568199432,0.5911435522199084,0.008496057568199432,0.806,0.8149818181818183,False
z88,88,in_single_input_module,-0.10273738644065501,7.371779251711422e-11,0.10273738644065501,0.0,0.0,True
z89,89,in_single_input_module,-0.07092828987239642,7.1172165088167655e-06,0.07092828987239642,0.0,0.0,True
z90,90,in_single_input_module,-0.06566637748045248,3.234506379810861e-05,0.06566637748045248,0.0,0.0,True
z91,91,in_single_input_module,-0.07313463417017473,3.6531992901535537e-06,0.07313463417017473,0.0,0.0,True
z92,92,in_single_input_module,-0.015299191132615771,0.3333641000264441,0.015299191132615771,0.581,0.595861986912552,False
z93,93,in_single_input_module,-0.06659890407654419,2.492822330743944e-05,0.06659890407654419,0.0,0.0,True
z94,94,in_single_input_module,-0.10443725917102796,3.5619649463227095e-11,0.10443725917102796,0.0,0.0,True
z95,95,in_single_input_module,-0.08658920128825079,4.13529604866376e-08,0.08658920128825079,0.0,0.0,True
z96,96,in_single_input_module,-0.111609053197263,1.4551793904916194e-12,0.111609053197263,0.0,0.0,True
z97,97,in_single_input_module,-0.07021718906562319,8.788206063753368e-06,0.07021718906562319,0.0,0.0,True
z98,98,in_single_input_module,-0.05815056826888923,0.00023348169321888722,0.05815056826888923,0.0,0.0,True
z99,99,in_single_input_module,-0.0906434391488489,9.31085985672106e-09,0.0906434391488489,0.0,0.0,True
z100,100,in_single_input_module,-0.07732739455475096,9.75994296128438e-07,0.07732739455475096,0.0,0.0,True
z101,101,in_single_input_module,-0.07491545254492818,2.1031165671532375e-06,0.07491545254492818,0.0,0.0,True
z102,102,in_single_input_module,-0.04650593865251332,0.003261354256880439,0.04650593865251332,0.004,0.0048700564971751415,True
z105,105,in_single_input_module,-0.08880983371672257,1.8423222314167224e-08,0.08880983371672257,0.0,0.0,True
z106,106,in_single_input_module,-0.07588226958876612,1.5502680486714097e-06,0.07588226958876612,0.0,0.0,True
z107,107,in_single_input_module,-0.08547341676716844,6.162057441438448e-08,0.08547341676716844,0.0,0.0,True
z108,108,in_single_input_module,-0.07536024440341618,1.8286204720618955e-06,0.07536024440341618,0.0,0.0,True
z109,109,in_single_input_module,-0.11396248234033747,4.868182275456703e-13,0.11396248234033747,0.0,0.0,True
z110,110,in_single_input_module,-0.0651042519619108,3.7782236508633646e-05,0.0651042519619108,0.0,0.0,True
z111,111,in_single_input_module,-0.08239031507965805,1.808015387921e-07,0.08239031507965805,0.0,0.0,True
z112,112,in_single_input_module,-0.12030253666562346,2.2764783800948712e-14,0.12030253666562346,0.0,0.0,True
z113,113,in_single_input_module,-0.07243924066042741,4.517027679216143e-06,0.07243924066042741,0.0,0.0,True
z114,114,in_single_input_module,-0.10793430632241648,7.688644968852195e-12,0.10793430632241648,0.0,0.0,True
z115,115,in_single_input_module,-0.0657473543980259,3.1625940012545636e-05,0.0657473543980259,0.0,0.0,True
z116,116,in_single_input_module,-0.0728563545384132,3.97795566654852e-06,0.0728563545384132,0.0,0.0,True
z118,118,in_single_input_module,-0.12364387045346917,4.2404190922402906e-15,0.12364387045346917,0.0,0.0,True
z119,119,in_single_input_module,-0.08419207166619785,9.682737519747568e-08,0.08419207166619785,0.0,0.0,True
z120,120,in_single_input_module,-0.00849605756819943,0.5911435522199084,0.00849605756819943,0.816,0.823162083089526,False
z121,121,in_single_input_module,-0.07104206152929282,6.87981613030925e-06,0.07104206152929282,0.0,0.0,True
z122,122,in_single_input_module,-0.09680526761227604,8.515806636052189e-10,0.09680526761227604,0.0,0.0,True
z123,123,in_single_input_module,-0.09206750060287465,5.429850599028111e-09,0.09206750060287465,0.0,0.0,True
z124,124,in_single_input_module,-0.07310062861192754,3.691476899688095e-06,0.07310062861192754,0.0,0.0,True
z125,125,in_single_input_module,-0.12213571156445287,9.105684275613606e-15,0.12213571156445287,0.0,0.0,True
z126,126,in_single_input_module,-0.02300557895360328,0.1457417166244156,0.02300557895360328,0.105,0.11413619167717529,False
z128,128,in_single_input_module,-0.07409697313657858,2.714890695424124e-06,0.07409697313657858,0.0,0.0,True
z129,129,in_single_input_module,-0.08553010367010055,6.039169660166173e-08,0.08553010367010055,0.0,0.0,True
z130,130,in_single_input_module,-0.0719625177686796,5.218806942924535e-06,0.0719625177686796,0.0,0.0,True
z131,131,in_single_input_module,-0.12156918416477995,1.2104240767770304e-14,0.12156918416477995,0.0,0.0,True
z133,133,in_single_input_module,-0.0798190217956306,4.310982461517874e-07,0.0798190217956306,0.0,0.0,True
z134,134,in_single_input_module,-0.07602169653889226,1.4831101851622507e-06,0.07602169653889226,0.0,0.0,True
z135,135,in_single_input_module,-0.22022451046524202,3.9469410143026526e-45,0.22022451046524202,0.0,0.0,True
z136,136,in_single_input_module,-0.11339821498116767,6.342811604123637e-13,0.11339821498116767,0.0,0.0,True
z137,137,in_single_input_module,-0.0558365261577329,0.0004107720842490798,0.0558365261577329,0.0,0.0,True
z140,140,in_single_input_module,-0.11989242386473867,2.789137629001772e-14,0.11989242386473867,0.0,0.0,True
z141,141,in_single_input_module,-0.07730253172913229,9.838635364435713e-07,0.07730253172913229,0.0,0.0,True
z142,142,in_single_input_module,-0.09304519043869175,3.7321335452662616e-09,0.09304519043869175,0.0,0.0,True
z143,143,in_single_input_module,-0.06615702850843408,2.8214601163518415e-05,0.06615702850843408,0.0,0.0,True
z145,145,in_single_input_module,-0.07578530384140932,1.5986863777071872e-06,0.07578530384140932,0.0,0.0,True
z147,147,in_single_input_module,-0.04475596246256855,0.004638103138952292,0.04475596246256855,0.004,0.0048700564971751415,True
z148,148,in_single_input_module,-0.030868905135508155,0.050917314343722264,0.030868905135508155,0.067,0.07385421994884911,False
z149,149,in_single_input_module,-0.07510291095486718,1.982921652281285e-06,0.07510291095486718,0.0,0.0,True
z150,150,in_single_input_module,-0.08138750711337804,2.5452395243648176e-07,0.08138750711337804,0.0,0.0,True
z151,151,in_single_input_module,-0.08172595797747854,2.2687864869128953e-07,0.08172595797747854,0.0,0.0,True
z152,152,in_single_input_module,-0.06817567439548783,1.592550042766176e-05,0.06817567439548783,0.0,0.0,True
z153,153,in_single_input_module,-0.05605745917653447,0.0003895467665818189,0.05605745917653447,0.0,0.0,True
z154,154,in_single_input_module,-0.05761270350086871,0.00026673064432976073,0.05761270350086871,0.001,0.001275147928994083,True
z155,155,in_single_input_module,-0.04962782099739267,0.0016912518230440727,0.04962782099739267,0.001,0.001275147928994083,True
z156,156,in_single_input_module,-0.07515865460537771,1.9484712442394278e-06,0.07515865460537771,0.0,0.0,True
z157,157,in_single_input_module,-0.06246358977873672,7.712258094885132e-05,0.06246358977873672,0.0,0.0,True
z158,158,in_single_input_module,-0.09798770733163485,5.288378289010428e-10,0.09798770733163485,0.0,0.0,True
z159,159,in_single_input_module,-0.056357284260168186,0.0003623775557144656,0.056357284260168186,0.0,0.0,True
z160,160,in_single_input_module,-0.07566839418636719,1.658996952156541e-06,0.07566839418636719,0.0,0.0,True
z161,161,in_single_input_module,-0.10895706452443056,4.864517833791255e-12,0.10895706452443056,0.0,0.0,True
z162,162,in_single_input_module,-0.0719205358331513,5.2853769045011186e-06,0.0719205358331513,0.0,0.0,True
z164,164,in_single_input_module,-0.07453990822043507,2.365289875496269e-06,0.07453990822043507,0.0,0.0,True
z165,165,in_single_input_module,-0.061100643970718044,0.00011029576045206804,0.061100643970718044,0.0,0.0,True
z166,166,in_single_input_module,-0.08324413653949037,1.3470372341658387e-07,0.08324413653949037,0.0,0.0,True
z168,168,in_single_input_module,-0.06576966736889564,3.143047201748272e-05,0.06576966736889564,0.0,0.0,True
z169,169,in_single_input_module,-0.0805703408849747,3.3533797949625364e-07,0.0805703408849747,0.0,0.0,True
z170,170,in_single_input_module,-0.08963343261710732,1.3581992340410785e-08,0.08963343261710732,0.0,0.0,True
z171,171,in_single_input_module,-0.05614791971542306,0.0003811553930134659,0.05614791971542306,0.0,0.0,True
z172,172,in_single_input_module,-0.14629662954757483,1.407168888688196e-20,0.14629662954757483,0.0,0.0,True
z173,173,in_single_input_module,-0.07480964533689907,2.174014821957983e-06,0.07480964533689907,0.0,0.0,True
z174,174,in_single_input_module,-0.0904333764190498,1.0074858892371946e-08,0.0904333764190498,0.0,0.0,True
z176,176,in_single_input_module,-0.07302138226926666,3.782175977262048e-06,0.07302138226926666,0.0,0.0,True
z177,177,in_single_input_module,-0.02983187162092301,0.05921907546943331,0.02983187162092301,0.064,0.07068289557975657,False
z178,178,in_single_input_module,-0.11821329865339911,6.360377053878858e-14,0.11821329865339911,0.0,0.0,True
z179,179,in_single_input_module,-0.07478017473346099,2.1941671984215856e-06,0.07478017473346099,0.0,0.0,True
z180,180,in_single_input_module,-0.0611017853986644,0.00011026304827867684,0.0611017853986644,0.001,0.001275147928994083,True
z181,181,in_single_input_module,-0.0720898432029016,5.021781863985826e-06,0.0720898432029016,0.0,0.0,True
z182,182,in_single_input_module,-0.08212498145916577,1.9800172107231742e-07,0.08212498145916577,0.0,0.0,True
z183,183,in_single_input_module,-0.10757936631467868,9.003545901796872e-12,0.10757936631467868,0.0,0.0,True
z184,184,in_single_input_module,-0.06717329504714367,2.1197661849085435e-05,0.06717329504714367,0.0,0.0,True
z185,185,in_single_input_module,-0.08813556578904856,2.3598635752965106e-08,0.08813556578904856,0.0,0.0,True
z186,186,in_single_input_module,-0.09249057636121055,4.618809548718551e-09,0.09249057636121055,0.0,0.0,True
z187,187,in_single_input_module,-0.12507147421192769,2.0392836292066675e-15,0.12507147421192769,0.0,0.0,True
z188,188,in_single_input_module,-0.0732259464400895,3.55228848368905e-06,0.0732259464400895,0.0,0.0,True
z189,189,in_single_input_module,-0.03967536334982939,0.012090424139657503,0.03967536334982939,0.015,0.017461174881836596,True
z190,190,in_single_input_module,-0.08891512126999898,1.7721684841935126e-08,0.08891512126999898,0.0,0.0,True
z191,191,in_single_input_module,-0.08077058748868245,3.1350394089456684e-07,0.08077058748868245,0.0,0.0,True
z192,192,in_single_input_module,-0.09611231937858253,1.1229059422050525e-09,0.09611231937858253,0.0,0.0,True
z193,193,in_single_input_module,-0.07371098881172784,3.059500026954813e-06,0.07371098881172784,0.0,0.0,True
z194,194,in_single_input_module,-0.05025924963867928,0.0014743265085818138,0.05025924963867928,0.0,0.0,True
z195,195,in_single_input_module,-0.10963285258769713,3.586427788104894e-12,0.10963285258769713,0.0,0.0,True
z197,197,in_single_input_module,-0.07741873707653424,9.476005654847804e-07,0.07741873707653424,0.0,0.0,True
z198,198,in_single_input_module,0.003798277163834474,0.8102140312449299,0.003798277163834474,0.839,0.8458690058479531,False
z199,199,in_single_input_module,-0.00849605756819943,0.5911435522199084,0.00849605756819943,0.81,0.818066783831283,False
z200,200,in_single_input_module,-0.0963877187902609,1.0062484087643723e-09,0.0963877187902609,0.0,0.0,True
z201,201,in_single_input_module,-0.06061533042944985,0.00012506492625122127,0.06061533042944985,0.001,0.001275147928994083,True
z202,202,in_single_input_module,-0.09518108884133031,1.6234778658213762e-09,0.09518108884133031,0.0,0.0,True
z203,203,in_single_input_module,-0.023938302576846753,0.13009309002512404,0.023938302576846753,0.217,0.23121631644004945,False
z204,204,in_single_input_module,-0.056311686493347224,0.0003663920023254416,0.056311686493347224,0.0,0.0,True
z205,205,in_single_input_module,-0.1055744164181644,2.1753942833337586e-11,0.1055744164181644,0.0,0.0,True
z206,206,in_single_input_module,-0.07406424909821055,2.742597941490726e-06,0.07406424909821055,0.0,0.0,True
z207,207,in_single_input_module,-0.08445811701647798,8.820210418239071e-08,0.08445811701647798,0.0,0.0,True
z209,209,in_single_input_module,-0.06796642018876194,1.691062815343121e-05,0.06796642018876194,0.0,0.0,True
z210,210,in_single_input_module,-0.09482042078871411,1.870891411486904e-09,0.09482042078871411,0.0,0.0,True
z211,211,in_single_input_module,-0.10901311815178487,4.743406557934109e-12,0.10901311815178487,0.0,0.0,True
z212,212,in_single_input_module,-0.07349230553539471,3.272965090347724e-06,0.07349230553539471,0.0,0.0,True
z213,213,in_single_input_module,-0.10106113971588343,1.4931233934871527e-10,0.10106113971588343,0.0,0.0,True
z214,214,in_single_input_module,-0.01837586276974447,0.24526533452141197,0.01837586276974447,0.383,0.39848642124321065,False
z215,215,in_single_input_module,-0.008496057568199428,0.5911435522199084,0.008496057568199428,0.941,0.9442863795110593,False
z216,216,in_single_input_module,-0.07995727056745797,4.116942765304057e-07,0.07995727056745797,0.0,0.0,True
z217,217,in_single_input_module,-0.06350987694657198,5.831684431184285e-05,0.06350987694657198,0.001,0.001275147928994083,True
z218,218,in_single_input_module,-0.12011689017356485,2.4959121556945204e-14,0.12011689017356485,0.0,0.0,True
z220,220,in_single_input_module,-0.10240170534644175,8.498666724621591e-11,0.10240170534644175,0.0,0.0,True
z221,221,in_single_input_module,-0.09004883621841359,1.1634217238819545e-08,0.09004883621841359,0.0,0.0,True
z222,222,in_single_input_module,-0.07142024109636108,6.143914172062921e-06,0.07142024109636108,0.0,0.0,True
z223,223,in_single_input_module,-0.08420608713663498,9.635330566781437e-08,0.08420608713663498,0.0,0.0,True
z224,224,in_single_input_module,-0.14653018146209573,1.221784967350635e-20,0.14653018146209573,0.0,0.0,True
z226,226,in_single_input_module,-0.030341995495886113,0.05500480312979495,0.030341995495886113,0.05,0.055541237113402066,False
z227,227,in_single_input_module,-0.051358536625003635,0.0011567791472618153,0.051358536625003635,0.002,0.0024859408795962507,True
z229,229,in_single_input_module,-0.10913736393382939,4.485393329925675e-12,0.10913736393382939,0.0,0.0,True
z231,231,in_single_input_module,-0.01664088483415608,0.2927051037975181,0.01664088483415608,0.305,0.3216024464831804,False
z233,233,in_single_input_module,-0.06319940236707725,6.338783029384154e-05,0.06319940236707725,0.0,0.0,True
z234,234,in_single_input_module,-0.08129037299255498,2.6304102966916506e-07,0.08129037299255498,0.0,0.0,True
z236,236,in_single_input_module,-0.07582075939782491,1.580816039948125e-06,0.07582075939782491,0.0,0.0,True
z237,237,in_single_input_module,-0.1040355279168393,4.234485010590877e-11,0.1040355279168393,0.0,0.0,True
z238,238,in_single_input_module,-0.08346246599391932,1.2488001458043363e-07,0.08346246599391932,0.0,0.0,True
z241,241,in_single_input_module,-0.0637368234088059,5.485574246269978e-05,0.0637368234088059,0.0,0.0,True
z242,242,in_single_input_module,-0.13519052603267412,8.928964527883116e-18,0.13519052603267412,0.0,0.0,True
z243,243,in_single_input_module,-0.06718689544799535,2.1116124420514184e-05,0.06718689544799535,0.0,0.0,True
z244,244,in_single_input_module,-0.08454186912289272,8.564422875353201e-08,0.08454186912289272,0.0,0.0,True
z246,246,in_single_input_module,-0.09268604082424171,4.285142909414813e-09,0.09268604082424171,0.0,0.0,True
z247,247,in_single_input_module,-0.10550770800619802,2.2395640554385147e-11,0.10550770800619802,0.0,0.0,True
z248,248,in_single_input_module,-0.12164709691135522,1.1640452089157409e-14,0.12164709691135522,0.0,0.0,True
z249,249,in_single_input_module,-0.07529294938614228,1.867819396545036e-06,0.07529294938614228,0.0,0.0,True
z252,252,in_single_input_module,-0.10987554431750353,3.2131060559001347e-12,0.10987554431750353,0.0,0.0,True
z253,253,in_single_input_module,-0.0748516800091713,2.1455781802776924e-06,0.0748516800091713,0.0,0.0,True
z254,254,in_single_input_module,-0.039586420324924834,0.01228452597636275,0.039586420324924834,0.008,0.009485557083906465,True
z255,255,in_single_input_module,-0.008496057568199433,0.5911435522199084,0.008496057568199433,0.691,0.7040685579196216,False
z256,256,in_single_input_module,-0.11396881209309392,4.853718102437105e-13,0.11396881209309392,0.0,0.0,True
z257,257,in_single_input_module,-0.09310900562259775,3.6414237160483494e-09,0.09310900562259775,0.0,0.0,True
z258,258,in_single_input_module,-0.04439222015039071,0.004983207061803528,0.04439222015039071,0.003,0.003689015691868759,True
z259,259,in_single_input_module,-0.09380941863174337,2.776644890283504e-09,0.09380941863174337,0.0,0.0,True
z260,260,in_single_input_module,-0.052540051771579624,0.0008867829046223166,0.052540051771579624,0.0,0.0,True
z261,261,in_single_input_module,-0.09844120186441171,4.398675138311158e-10,0.09844120186441171,0.0,0.0,True
z262,262,in_single_input_module,-0.12017050850475973,2.430483766403991e-14,0.12017050850475973,0.0,0.0,True
z263,263,in_single_input_module,-0.0854545591722659,6.203471818993565e-08,0.0854545591722659,0.0,0.0,True
z264,264,in_single_input_module,-0.1148962228280533,3.133037485978773e-13,0.1148962228280533,0.0,0.0,True
z266,266,in_single_input_module,-0.07568214175093713,1.6517931337871828e-06,0.07568214175093713,0.0,0.0,True
z267,267,in_single_input_module,-0.07121434363735506,6.534684908404059e-06,0.07121434363735506,0.0,0.0,True
z268,268,in_single_input_module,-0.08983897625653942,1.2581631709750696e-08,0.08983897625653942,0.0,0.0,True
z269,269,in_single_input_module,-0.10085462328327705,1.6274921597325086e-10,0.10085462328327705,0.0,0.0,True
z270,270,in_single_input_module,-0.08571989368683758,5.644773391175538e-08,0.08571989368683758,0.0,0.0,True
z271,271,in_single_input_module,-0.008496057568199433,0.5911435522199084,0.008496057568199433,0.57,0.5859749552772808,False
z272,272,in_single_input_module,-0.08740117063874256,3.0839084565764576e-08,0.08740117063874256,0.0,0.0,True
z273,273,in_single_input_module,-0.07713775771134779,1.0375798549754698e-06,0.07713775771134779,0.0,0.0,True
z274,274,in_single_input_module,-0.12910636113460588,2.4609585419674367e-16,0.12910636113460588,0.0,0.0,True
z275,275,in_single_input_module,-0.04427571614766673,0.005098552010664611,0.04427571614766673,0.005,0.006040644709180098,True
z276,276,in_single_input_module,-0.07810207594116625,7.590159971394755e-07,0.07810207594116625,0.0,0.0,True
z278,278,in_single_input_module,-0.12158619572623032,1.2001450304756388e-14,0.12158619572623032,0.0,0.0,True
z279,279,in_single_input_module,-0.07192306043704463,5.281350826614291e-06,0.07192306043704463,0.0,0.0,True
z281,281,in_single_input_module,-0.09675403758857486,8.692302564012959e-10,0.09675403758857486,0.0,0.0,True
z282,282,in_single_input_module,-0.08586561817287792,5.35899845591007e-08,0.08586561817287792,0.0,0.0,True
z283,283,in_single_input_module,-0.15312855651214874,2.0524016756894503e-22,0.15312855651214874,0.0,0.0,True
z284,284,in_single_input_module,-0.05578019436953717,0.00041635414442936036,0.05578019436953717,0.001,0.001275147928994083,True
z285,285,in_single_input_module,-0.08447691509655217,8.762163442824158e-08,0.08447691509655217,0.0,0.0,True
z286,286,in_single_input_module,-0.07539523037725812,1.8085547781186162e-06,0.07539523037725812,0.0,0.0,True
z287,287,in_single_input_module,-0.0770583540149589,1.064462352091038e-06,0.0770583540149589,0.0,0.0,True
z288,288,in_single_input_module,-0.1122818721720909,1.066509302176425e-12,0.1122818721720909,0.0,0.0,True
z289,289,in_single_input_module,-0.08181727483406945,2.1993129763177938e-07,0.08181727483406945,0.0,0.0,True
z292,292,in_single_input_module,-0.0672097794803643,2.0979602768325e-05,0.0672097794803643,0.0,0.0,True
z294,294,in_single_input_module,-0.00849605756819943,0.5911435522199084,0.00849605756819943,0.81,0.818066783831283,False
z295,295,in_single_input_module,-0.08553340509983903,6.032086334686955e-08,0.08553340509983903,0.0,0.0,True
z297,297,in_single_input_module,-0.02656932279793111,0.09292562416057201,0.02656932279793111,0.139,0.1502420062695925,False
z298,298,in_single_input_module,-0.11489241110577389,3.1387019634008694e-13,0.11489241110577389,0.0,0.0,True
z299,299,in_single_input_module,-0.11049130196371168,2.4285061284252227e-12,0.11049130196371168,0.0,0.0,True
z300,300,in_single_input_module,-0.07462953373593115,2.3000102720324282e-06,0.07462953373593115,0.0,0.0,True
z301,301,in_single_input_module,-0.060928483075765386,0.00011533588746703728,0.060928483075765386,0.001,0.001275147928994083,True
z302,302,in_single_input_module,-0.0762207340056045,1.392065084847352e-06,0.0762207340056045,0.0,0.0,True
z303,303,in_single_input_module,-0.10010982503547482,2.2175032285005733e-10,0.10010982503547482,0.0,0.0,True
z304,304,in_single_input_module,-0.11044096094782833,2.484875204198538e-12,0.11044096094782833,0.0,0.0,True
z305,305,in_single_input_module,-0.022440371203888327,0.15590228706189233,0.022440371203888327,0.188,0.2010620347394541,False
z306,306,in_single_input_module,-0.11027390683803873,2.6812793268302563e-12,0.11027390683803873,0.0,0.0,True
z307,307,in_single_input_module,-0.011939109574376333,0.45031709202887693,0.011939109574376333,0.812,0.8196065573770492,False
z308,308,in_single_input_module,-0.05832385841318282,0.00022362578428313876,0.05832385841318282,0.0,0.0,True
z310,310,in_single_input_module,-0.03697252364020244,0.019365660777986765,0.03697252364020244,0.021,0.02416822429906542,True
z311,311,in_single_input_module,-0.11444286121668193,3.882313285348298e-13,0.11444286121668193,0.0,0.0,True
z312,312,in_single_input_module,-0.09581713889534707,1.2625725728140734e-09,0.09581713889534707,0.0,0.0,True
z313,313,in_single_input_module,-0.1354687560427979,7.644244900734672e-18,0.1354687560427979,0.0,0.0,True
z314,314,in_single_input_module,-0.1219033131243123,1.0235167387316241e-14,0.1219033131243123,0.0,0.0,True
z315,315,in_single_input_module,-0.07243309070001086,4.525476439166034e-06,0.07243309070001086,0.0,0.0,True
z316,316,in_single_input_module,-0.08144624049600269,2.495038456272537e-07,0.08144624049600269,0.0,0.0,True
z318,318,in_single_input_module,-0.10995711448717424,3.0963993573510782e-12,0.10995711448717424,0.0,0.0,True
z319,319,in_single_input_module,-0.11686886499579695,1.2204253683390815e-13,0.11686886499579695,0.0,0.0,True
z322,322,in_single_input_module,-0.055378315646872574,0.0004582797438064247,0.055378315646872574,0.001,0.001275147928994083,True
z324,324,in_single_input_module,-0.008496057568199426,0.5911435522199084,0.008496057568199426,0.934,0.9378078043098428,False
z328,328,in_single_input_module,-0.1097658040407069,3.376942578754803e-12,0.1097658040407069,0.0,0.0,True
z329,329,in_single_input_module,-0.06362956109001033,5.64665976359819e-05,0.06362956109001033,0.0,0.0,True
z331,331,in_single_input_module,-0.07461627789460953,2.309555129886099e-06,0.07461627789460953,0.0,0.0,True
z332,332,in_single_input_module,-0.07791771983712467,8.059909279872682e-07,0.07791771983712467,0.0,0.0,True
z333,333,in_single_input_module,-0.10047755658375147,1.903947574181457e-10,0.10047755658375147,0.0,0.0,True
z334,334,in_single_input_module,-0.10428821902999538,3.798293504281437e-11,0.10428821902999538,0.0,0.0,True
z335,335,in_single_input_module,-0.05948752413645569,0.00016689642940061655,0.05948752413645569,0.0,0.0,True
z337,337,in_single_input_module,-0.0737870621996947,2.988422208435827e-06,0.0737870621996947,0.0,0.0,True
z338,338,in_single_input_module,-0.06552960727967436,3.359505374772813e-05,0.06552960727967436,0.0,0.0,True
z339,339,in_single_input_module,-0.07943851557464754,4.891675470502811e-07,0.07943851557464754,0.0,0.0,True
z340,340,in_single_input_module,-0.0771403998599236,1.0366966683130182e-06,0.0771403998599236,0.0,0.0,True
z341,341,in_single_input_module,-0.11910864407888755,4.10401316325052e-14,0.11910864407888755,0.0,0.0,True
z342,342,in_single_input_module,-0.09009382446640539,1.1440331337682965e-08,0.09009382446640539,0.0,0.0,True
z343,343,in_single_input_module,-0.02983026089990509,0.059232794801813905,0.02983026089990509,0.062,0.06856189865298268,False
z344,344,in_single_input_module,-0.10557100807314655,2.1786288487693714e-11,0.10557100807314655,0.0,0.0,True
z345,345,in_single_input_module,-0.022329118057708545,0.1579640749653052,0.022329118057708545,0.084,0.0917137428752375,False
z346,346,in_single_input_module,-0.06127055389593438,0.00010552572814260999,0.06127055389593438,0.001,0.001275147928994083,True
z348,348,in_single_input_module,-0.09504436531638845,1.7132686437900636e-09,0.09504436531638845,0.0,0.0,True
z349,349,in_single_input_module,-0.08693856932298559,3.646089420695086e-08,0.08693856932298559,0.0,0.0,True
z350,350,in_single_input_module,-0.015601087804001462,0.32391181453621093,0.015601087804001462,0.43,0.4455048076923077,False
z351,351,in_single_input_module,-0.07751767729119194,9.177422982564181e-07,0.07751767729119194,0.0,0.0,True
z352,352,in_single_input_module,-0.022449286463439053,0.15573795346423158,0.022449286463439053,0.22,0.23426806670784434,False
z353,353,in_single_input_module,-0.11352250890605949,5.984356484277046e-13,0.11352250890605949,0.0,0.0,True
z355,355,in_single_input_module,-0.04903583417494894,0.0019209116447123182,0.04903583417494894,0.004,0.0048700564971751415,True
z356,356,in_single_input_module,-0.04285997141367356,0.006706016820985212,0.04285997141367356,0.005,0.006040644709180098,True
z358,358,in_single_input_module,-0.0379184123877355,0.016472093792637515,0.0379184123877355,0.019,0.022013440860215054,True
z359,359,in_single_input_module,-0.07518192865565665,1.9342582720255763e-06,0.07518192865565665,0.0,0.0,True
z361,361,in_single_input_module,-0.09467905011690722,1.9775747379106094e-09,0.09467905011690722,0.0,0.0,True
z362,362,in_single_input_module,-0.06571122344092019,3.194490809392463e-05,0.06571122344092019,0.0,0.0,True
z363,363,in_single_input_module,-0.08361263959017037,1.1852907088060901e-07,0.08361263959017037,0.0,0.0,True
z364,364,in_single_input_module,-0.09773290474376489,5.862924740266598e-10,0.09773290474376489,0.0,0.0,True
z365,365,in_single_input_module,-0.08480776665709312,7.799040330421489e-08,0.08480776665709312,0.0,0.0,True
z366,366,in_single_input_module,-0.2474573523908559,7.029648679221815e-57,0.2474573523908559,0.0,0.0,True
z367,367,in_single_input_module,-0.08124350639201605,2.6724825063682745e-07,0.08124350639201605,0.0,0.0,True
z369,369,in_single_input_module,-0.06894907154171345,1.2738248929992898e-05,0.06894907154171345,0.0,0.0,True
z370,370,in_single_input_module,-0.07472104121810885,2.235145707537482e-06,0.07472104121810885,0.0,0.0,True
z371,371,in_single_input_module,-0.06220698443685778,8.254148334066855e-05,0.06220698443685778,0.0,0.0,True
z372,372,in_single_input_module,-0.11580207875305205,2.0361026175124373e-13,0.11580207875305205,0.0,0.0,True
z373,373,in_single_input_module,-0.06987972544658444,9.706575221844508e-06,0.06987972544658444,0.0,0.0,True
z374,374,in_single_input_module,-0.10282419411869247,7.105000419297982e-11,0.10282419411869247,0.0,0.0,True
z375,375,in_single_input_module,-0.07007489024479997,9.164853532343525e-06,0.07007489024479997,0.0,0.0,True
z376,376,in_single_input_module,-0.014708427208198243,0.3523699579451582,0.014708427208198243,0.511,0.5272076600837822,False
z377,377,in_single_input_module,-0.09261830077030922,4.3980326499329045e-09,0.09261830077030922,0.0,0.0,True
z379,379,in_single_input_module,-0.11144875758225636,1.5665700691019121e-12,0.11144875758225636,0.0,0.0,True
z381,381,in_single_input_module,-0.12026143107045174,2.3233679927930437e-14,0.12026143107045174,0.0,0.0,True
z382,382,in_single_input_module,-0.09168799775067671,6.274010373952736e-09,0.09168799775067671,0.0,0.0,True
z383,383,in_single_input_module,-0.02396453409832144,0.1296726253854332,0.02396453409832144,0.178,0.19060372670807454,False
z384,384,in_single_input_module,-0.06853456691223198,1.4361967205443825e-05,0.06853456691223198,0.0,0.0,True
z385,385,in_single_input_module,-0.09160361103725306,6.478374362057453e-09,0.09160361103725306,0.0,0.0,True
z386,386,in_single_input_module,-0.08115401217524819,2.75463357027247e-07,0.08115401217524819,0.0,0.0,True
z387,387,in_single_input_module,-0.05676068005496174,0.0003286108098585118,0.05676068005496174,0.001,0.001275147928994083,True
z388,388,in_single_input_module,-0.08834098172029903,2.1888390731397077e-08,0.08834098172029903,0.0,0.0,True
z389,389,in_single_input_module,-0.12421868849552826,3.161074965837233e-15,0.12421868849552826,0.0,0.0,True
z390,390,in_single_input_module,-0.09376995839718141,2.8195314330622595e-09,0.09376995839718141,0.0,0.0,True
z391,391,in_single_input_module,-0.02716378092000087,0.08583887654407071,0.02716378092000087,0.105,0.11413619167717529,False
z392,392,in_single_input_module,-0.05410548255397035,0.0006184999641062063,0.05410548255397035,0.003,0.003689015691868759,True
z393,393,in_single_input_module,-0.06349139692427103,5.8607599879329346e-05,0.06349139692427103,0.0,0.0,True
z394,394,in_single_input_module,-0.11283852608067005,8.235809068038513e-13,0.11283852608067005,0.0,0.0,True
z395,395,in_single_input_module,-0.1207821395297502,1.7936189445707874e-14,0.1207821395297502,0.0,0.0,True
z396,396,in_single_input_module,-0.11433743571889754,4.080315084223336e-13,0.11433743571889754,0.0,0.0,True
z397,397,in_single_input_module,-0.01898798062265751,0.22989156229310836,0.01898798062265751,0.308,0.3245672371638142,False
z398,398,in_single_input_module,-0.016997821092246988,0.2824740240186578,0.016997821092246988,0.274,0.28980122699386507,False
z399,399,in_single_input_module,-0.10761179968755843,8.874781226877193e-12,0.10761179968755843,0.0,0.0,True
z400,400,in_single_input_module,-0.022422421351272516,0.1562335528637335,0.022422421351272516,0.224,0.23823318938926588,False
z402,402,in_single_input_module,-0.0536639756530264,0.0006852998243271868,0.0536639756530264,0.0,0.0,True
z403,403,in_single_input_module,-0.07524986626636665,1.893337430495528e-06,0.07524986626636665,0.0,0.0,True
z404,404,in_single_input_module,-0.028974524810145407,0.0669034940305328,0.028974524810145407,0.073,0.08021159974506054,False
z405,405,in_single_input_module,-0.0710454134576061,6.872938003841983e-06,0.0710454134576061,0.0,0.0,True
z406,406,in_single_input_module,-0.05482587197632721,0.0005223643401186614,0.05482587197632721,0.001,0.001275147928994083,True
z407,407,in_single_input_module,-0.07197860989436067,5.193503348429764e-06,0.07197860989436067,0.0,0.0,True
z409,409,in_single_input_module,-0.13808397114572343,1.747110459706013e-18,0.13808397114572343,0.0,0.0,True
z410,410,in_single_input_module,-0.06299023779258871,6.70363686849181e-05,0.06299023779258871,0.0,0.0,True
z411,411,in_single_input_module,-0.10802833020676351,7.373097204432244e-12,0.10802833020676351,0.0,0.0,True
z412,412,in_single_input_module,-0.036155107100139375,0.02221435295663691,0.036155107100139375,0.03,0.034003944773175546,True
z414,414,in_single_input_module,-0.012015568240658523,0.44742127143994986,0.012015568240658523,0.974,0.9751312427409988,False
z416,416,in_single_input_module,-0.03172849202313377,0.04479610666337999,0.03172849202313377,0.033,0.03733070866141733,True
z417,417,in_single_input_module,-0.08119804351913232,2.7139149639106974e-07,0.08119804351913232,0.0,0.0,True
z418,418,in_single_input_module,-0.05365779102776793,0.000686281461444114,0.05365779102776793,0.0,0.0,True
z419,419,in_single_input_module,-0.07656541922317647,1.2469589927820672e-06,0.07656541922317647,0.0,0.0,True
z420,420,in_single_input_module,-0.09488678080786318,1.8227675373050002e-09,0.09488678080786318,0.0,0.0,True
z422,422,in_single_input_module,-0.07193774461510298,5.2579915573861785e-06,0.07193774461510298,0.0,0.0,True
z423,423,in_single_input_module,-0.059600478783890534,0.00016217806362737783,0.059600478783890534,0.0,0.0,True
z424,424,in_single_input_module,-0.09292180652311727,3.913793754305331e-09,0.09292180652311727,0.0,0.0,True
z427,427,in_single_input_module,-0.07309187019449837,3.701397690704279e-06,0.07309187019449837,0.0,0.0,True
z428,428,in_single_input_module,-0.23563281279519369,1.3635550332799205e-51,0.23563281279519369,0.0,0.0,True
z429,429,in_single_input_module,-0.05973238085106594,0.00015682707140034317,0.05973238085106594,0.0,0.0,True
z430,430,in_single_input_module,-0.10966225799544696,3.5390251105732295e-12,0.10966225799544696,0.0,0.0,True
z431,431,in_single_input_module,-0.08349735283674697,1.2337591393496175e-07,0.08349735283674697,0.0,0.0,True
z432,432,in_single_input_module,-0.12151601541787801,1.2431121782461819e-14,0.12151601541787801,0.0,0.0,True
z435,435,in_single_input_module,-0.09650095172333337,9.617893272746398e-10,0.09650095172333337,0.0,0.0,True
z437,437,in_single_input_module,-0.08024404540702088,3.740938859079422e-07,0.08024404540702088,0.0,0.0,True
z438,438,in_single_input_module,-0.06079510035938754,0.00011938920844529479,0.06079510035938754,0.001,0.001275147928994083,True
z439,439,in_single_input_module,-0.014716568959035538,0.3521034518748404,0.014716568959035538,0.533,0.5489199522102748,False
z440,440,in_single_input_module,-0.06578788284900738,3.127175052889034e-05,0.06578788284900738,0.0,0.0,True
z441,441,in_single_input_module,-0.10875077803340874,5.336883943028451e-12,0.10875077803340874,0.0,0.0,True
z442,442,in_single_input_module,-0.06838221648904487,1.5006927199355105e-05,0.06838221648904487,0.0,0.0,True
z443,443,in_single_input_module,-0.10447250535804967,3.5082148445319044e-11,0.10447250535804967,0.0,0.0,True
z444,444,in_single_input_module,-0.02069448745313893,0.19068162109493786,0.02069448745313893,0.317,0.33384728161270616,False
z445,445,in_single_input_module,-0.03319842769765512,0.03576620938473483,0.03319842769765512,0.034,0.038436721311475415,True
z446,446,in_single_input_module,-0.07180058560384733,5.480087902187435e-06,0.07180058560384733,0.0,0.0,True
z447,447,in_single_input_module,-0.08313137478926327,1.4006596652983495e-07,0.08313137478926327,0.0,0.0,True
z448,448,in_single_input_module,-0.056919624006190744,0.0003161332902791532,0.056919624006190744,0.0,0.0,True
z449,449,in_single_input_module,-0.07838479700910686,6.920603130899331e-07,0.07838479700910686,0.0,0.0,True
z450,450,in_single_input_module,-0.117860479505138,7.552131559206443e-14,0.117860479505138,0.0,0.0,True
z451,451,in_single_input_module,-0.09163325361264514,6.4058605218474064e-09,0.09163325361264514,0.0,0.0,True
z452,452,in_single_input_module,-0.11825818161667259,6.222696271970741e-14,0.11825818161667259,0.0,0.0,True
z453,453,in_single_input_module,-0.0670327504520715,2.2057991470760593e-05,0.0670327504520715,0.0,0.0,True
z454,454,in_single_input_module,-0.10588178866609788,1.902226438166566e-11,0.10588178866609788,0.0,0.0,True
z455,455,in_single_input_module,-0.07643985168504748,1.2980508334636577e-06,0.07643985168504748,0.0,0.0,True
z458,458,in_single_input_module,-0.03736911978556648,0.018102373488559854,0.03736911978556648,0.018,0.02086886348352387,True
z460,460,in_single_input_module,-0.07139767235133446,6.185630774648877e-06,0.07139767235133446,0.0,0.0,True
z461,461,in_single_input_module,-0.09438139690733581,2.221918765187283e-09,0.09438139690733581,0.0,0.0,True
z462,462,in_single_input_module,-0.14990567129135918,1.545654990651085e-21,0.14990567129135918,0.0,0.0,True
z463,463,in_single_input_module,-0.14835025407001878,4.031383686000742e-21,0.14835025407001878,0.0,0.0,True
z466,466,in_single_input_module,-0.07251074084660833,4.419903466251053e-06,0.07251074084660833,0.0,0.0,True
z467,467,in_single_input_module,-0.08008022530731027,3.9514689273871447e-07,0.08008022530731027,0.0,0.0,True
z468,468,in_single_input_module,-0.06290576483647287,6.856544885566897e-05,0.06290576483647287,0.0,0.0,True
z469,469,in_single_input_module,-0.07441708631158651,2.45764241308711e-06,0.07441708631158651,0.0,0.0,True
z470,470,in_single_input_module,-0.06600495960559852,2.9437900643701084e-05,0.06600495960559852,0.0,0.0,True
z471,471,in_single_input_module,-0.08376502904152433,1.1240423133735948e-07,0.08376502904152433,0.0,0.0,True
z473,473,in_single_input_module,-0.07522064888442093,1.9108329887602216e-06,0.07522064888442093,0.0,0.0,True
z474,474,in_single_input_module,-0.0758274492133542,1.577465829483277e-06,0.0758274492133542,0.0,0.0,True
z475,475,in_single_input_module,-0.1271059147177124,7.080782398173258e-16,0.1271059147177124,0.0,0.0,True
z476,476,in_single_input_module,-0.09038456545861939,1.026091955211785e-08,0.09038456545861939,0.0,0.0,True
z477,477,in_single_input_module,-0.11352047283055317,5.990065012004839e-13,0.11352047283055317,0.0,0.0,True
z478,478,in_single_input_module,-0.0728109036660442,4.033558696193786e-06,0.0728109036660442,0.0,0.0,True
z480,480,in_single_input_module,-0.05927197220467613,0.0001762608588950376,0.05927197220467613,0.0,0.0,True
z482,482,in_single_input_module,-0.08375979257759955,1.1260952041147307e-07,0.08375979257759955,0.0,0.0,True
z483,483,in_single_input_module,-0.08626005526510662,4.654018533347151e-08,0.08626005526510662,0.0,0.0,True
z484,484,in_single_input_module,-0.0758829675011213,1.549924718926245e-06,0.0758829675011213,0.0,0.0,True
z486,486,in_single_input_module,-0.11843952780829278,5.69561730955909e-14,0.11843952780829278,0.0,0.0,True
z487,487,in_single_input_module,-0.08597557828658083,5.152689563234796e-08,0.08597557828658083,0.0,0.0,True
z488,488,in_single_input_module,-0.0680920645726028,1.6312374145267836e-05,0.0680920645726028,0.0,0.0,True
z489,489,in_single_input_module,-0.08643223996312313,4.375259873128008e-08,0.08643223996312313,0.0,0.0,True
z491,491,in_single_input_module,-0.04102157454725918,0.009466981429312482,0.04102157454725918,0.01,0.011767918088737202,True
z492,492,in_single_input_module,-0.053120577741314845,0.000776711511805041,0.053120577741314845,0.0,0.0,True
z493,493,in_single_input_module,-0.08003044857102026,4.0176711802155366e-07,0.08003044857102026,0.0,0.0,True
z494,494,in_single_input_module,-0.07319583140939316,3.5852701806657535e-06,0.07319583140939316,0.0,0.0,True
z495,495,in_single_input_module,-0.008496057568199432,0.5911435522199084,0.008496057568199432,0.806,0.8149818181818183,False
z497,497,in_single_input_module,-0.054565128661155024,0.0005554272182146964,0.054565128661155024,0.0,0.0,True
z498,498,in_single_input_module,-0.04979137213207467,0.0016324113249916086,0.04979137213207467,0.002,0.0024859408795962507,True
z500,500,in_single_input_module,-0.09344443123818415,3.1988006854431387e-09,0.09344443123818415,0.0,0.0,True
z501,501,in_single_input_module,-0.029052163773605536,0.0661754076917686,0.029052163773605536,0.055,0.061056020605280106,False
z502,502,in_single_input_module,-0.117162127579086,1.0593721246018794e-13,0.117162127579086,0.0,0.0,True
z504,504,in_single_input_module,-0.0669540559835019,2.2554116148610872e-05,0.0669540559835019,0.0,0.0,True
z505,505,in_single_input_module,-0.05660782751677904,0.00034104340867747697,0.05660782751677904,0.0,0.0,True
z506,506,in_single_input_module,-0.09724271255707068,7.144408718736516e-10,0.09724271255707068,0.0,0.0,True
z507,507,in_single_input_module,-0.08408596928050023,1.0049020779094232e-07,0.08408596928050023,0.0,0.0,True
z508,508,in_single_input_module,-0.008496057568199432,0.5911435522199084,0.008496057568199432,0.363,0.37951000606428137,False
z509,509,in_single_input_module,-0.06218663902554537,8.298618076500946e-05,0.06218663902554537,0.0,0.0,True
z511,511,in_single_input_module,-0.04925503350403188,0.001832728310290503,0.04925503350403188,0.002,0.0024859408795962507,True
z512,512,in_single_input_module,-0.07519588812372167,1.925781343306172e-06,0.07519588812372167,0.0,0.0,True
z1,1,in_cascade,-0.05294199508697309,0.0008091420645470021,0.05294199508697309,0.001,0.001275147928994083,True
z2,2,in_cascade,-0.05628624467313772,0.00036864993830263836,0.05628624467313772,0.001,0.001275147928994083,True
z3,3,in_cascade,-0.06809262477800132,1.630975245348817e-05,0.06809262477800132,0.0,0.0,True
z4,4,in_cascade,-0.0802209272951155,3.769978892211134e-07,0.0802209272951155,0.0,0.0,True
z5,5,in_cascade,-0.0751366510261298,1.962000559734402e-06,0.0751366510261298,0.0,0.0,True
z6,6,in_cascade,-0.04725159094662189,0.002797194075007503,0.04725159094662189,0.005,0.006040644709180098,True
z7,7,in_cascade,-0.05900762193340376,0.00018841977528962438,0.05900762193340376,0.0,0.0,True
z8,8,in_cascade,-0.0630563157814807,6.586280833841706e-05,0.0630563157814807,0.0,0.0,True
z9,9,in_cascade,-0.039274575637240405,0.012987046479374414,0.039274575637240405,0.014,0.016341232227488154,True
z10,10,in_cascade,-0.047510573030756655,0.002650656360037676,0.047510573030756655,0.003,0.003689015691868759,True
z11,11,in_cascade,-0.0674750923815195,1.94568985696308e-05,0.0674750923815195,0.0,0.0,True
z12,12,in_cascade,0.0572013681788986,0.0002950984922569537,0.0572013681788986,0.002,0.0024859408795962507,True
z13,13,in_cascade,-0.05520390151281575,0.0004776735893858303,0.05520390151281575,0.0,0.0,True
z14,14,in_cascade,-0.06145842174915981,0.00010047833413466637,0.06145842174915981,0.0,0.0,True
z15,15,in_cascade,-0.061371142927072166,0.00010279421789236845,0.061371142927072166,0.0,0.0,True
z16,16,in_cascade,-0.0403875871942983,0.010631624048910701,0.0403875871942983,0.009,0.010627397260273973,True
z17,17,in_cascade,-0.00032679279071076706,0.9835154962216967,0.00032679279071076706,0.95,0.9522093023255813,False
z18,18,in_cascade,-0.02721050511772419,0.08530088948496038,0.02721050511772419,0.093,0.10134766118836915,False
z19,19,in_cascade,-0.05481448118899454,0.0005237695580066243,0.05481448118899454,0.001,0.001275147928994083,True
z21,21,in_cascade,-0.05042911360120524,0.0014205126868562863,0.05042911360120524,0.0,0.0,True
z22,22,in_cascade,-0.06170494071723694,9.420016657531596e-05,0.06170494071723694,0.0,0.0,True
z24,24,in_cascade,-0.055759410386741357,0.00041843150672788977,0.055759410386741357,0.0,0.0,True
z25,25,in_cascade,-0.06924113395737722,1.1700984319802022e-05,0.06924113395737722,0.0,0.0,True
z26,26,in_cascade,-0.0640171873606934,5.08483094027217e-05,0.0640171873606934,0.0,0.0,True
z27,27,in_cascade,0.06821736437801051,1.573587741454463e-05,0.06821736437801051,0.0,0.0,True
z28,28,in_cascade,-0.07316495134194169,3.6193944110836277e-06,0.07316495134194169,0.0,0.0,True
z29,29,in_cascade,-0.07063545204291238,7.764822956194355e-06,0.07063545204291238,0.0,0.0,True
z30,30,in_cascade,-0.06986785892126393,9.740480740228548e-06,0.06986785892126393,0.0,0.0,True
z31,31,in_cascade,-0.0510172448382092,0.0012478659322271142,0.0510172448382092,0.001,0.001275147928994083,True
z32,32,in_cascade,-0.017597176177318676,0.26584526715803136,0.017597176177318676,0.442,0.45766246246246245,False
z33,33,in_cascade,-0.05099256236306739,0.001254703589358236,0.05099256236306739,0.001,0.001275147928994083,True
z34,34,in_cascade,-0.04987969004168334,0.0016014261132139811,0.04987969004168334,0.003,0.003689015691868759,True
z35,35,in_cascade,-0.04755273038652098,0.0026274777865648658,0.04755273038652098,0.002,0.0024859408795962507,True
z36,36,in_cascade,-0.04258643968143254,0.007064610808707754,0.04258643968143254,0.01,0.011767918088737202,True
z37,37,in_cascade,-0.03357838154287616,0.033702067492926084,0.03357838154287616,0.026,0.029684768211920527,True
z38,38,in_cascade,-0.07422265264932977,2.610953873085819e-06,0.07422265264932977,0.0,0.0,True
z39,39,in_cascade,0.03162673019007226,0.045486747154805565,0.03162673019007226,0.163,0.17519451371571074,False
z40,40,in_cascade,-0.05446705536263501,0.0005683597692174836,0.05446705536263501,0.001,0.001275147928994083,True
z41,41,in_cascade,-0.06230947322284053,8.033537522969887e-05,0.06230947322284053,0.0,0.0,True
z42,42,in_cascade,-0.08564564287351786,5.796006394696612e-08,0.08564564287351786,0.0,0.0,True
z43,43,in_cascade,-0.05731072855948188,0.00028729258785660674,0.05731072855948188,0.0,0.0,True
z44,44,in_cascade,-0.05613800515136895,0.0003820667862529336,0.05613800515136895,0.0,0.0,True
z45,45,in_cascade,-0.049020100841916256,0.0019273885682801282,0.049020100841916256,0.002,0.0024859408795962507,True
z46,46,in_cascade,-0.05056261026004198,0.0013794970230532983,0.05056261026004198,0.002,0.0024859408795962507,True
z47,47,in_cascade,-0.05217265979465038,0.0009637333085958915,0.05217265979465038,0.002,0.0024859408795962507,True
z48,48,in_cascade,-0.051378306064670747,0.0011516959589487857,0.051378306064670747,0.001,0.001275147928994083,True
z49,49,in_cascade,-0.03547794366516542,0.024843520317562276,0.03547794366516542,0.022,0.02526848767488341,True
z50,50,in_cascade,-0.0787861914287414,6.066901553627775e-07,0.0787861914287414,0.0,0.0,True
z51,51,in_cascade,-0.0826255684697568,1.6676630983299518e-07,0.0826255684697568,0.0,0.0,True
z52,52,in_cascade,-0.03226781921367189,0.0412816890942628,0.03226781921367189,0.046,0.05126308985132515,False
z53,53,in_cascade,-0.0515648244962897,0.0011047434319496692,0.0515648244962897,0.004,0.0048700564971751415,True
z54,54,in_cascade,-0.030968073982687992,0.05017717252029022,0.030968073982687992,0.048,0.053422853453841186,False
z55,55,in_cascade,-0.07500125206021666,2.047260007366815e-06,0.07500125206021666,0.0,0.0,True
z56,56,in_cascade,-0.0300252792349402,0.05759078311850003,0.0300252792349402,0.058,0.06430353697749196,False
z57,57,in_cascade,-0.07792064840497973,8.052232928716303e-07,0.07792064840497973,0.0,0.0,True
z58,58,in_cascade,-0.049114160249873404,0.0018889635483974286,0.049114160249873404,0.004,0.0048700564971751415,True
z60,60,in_cascade,-0.022975178040880628,0.1462750019455599,0.022975178040880628,0.148,0.15966958698372966,False
z61,61,in_cascade,-0.04002827642591404,0.011346772534688633,0.04002827642591404,0.006,0.007183333333333334,True
z63,63,in_cascade,-0.07508971037131985,1.9911650562852375e-06,0.07508971037131985,0.0,0.0,True
z64,64,in_cascade,-0.024067317200528123,0.12803527296022002,0.024067317200528123,0.142,0.15329242329367562,False
z65,65,in_cascade,0.02681561008851545,0.08993457252082758,0.02681561008851545,0.077,0.08439160839160839,False
z66,66,in_cascade,-0.018007823163626018,0.2548487070509516,0.018007823163626018,0.242,0.2565854858548585,False
z67,67,in_cascade,0.0407706296633556,0.0099136331180898,0.0407706296633556,0.021,0.02416822429906542,True
z68,68,in_cascade,-0.060128762985221906,0.0001417289611946883,0.060128762985221906,0.001,0.001275147928994083,True
z69,69,in_cascade,-0.06070524144274039,0.00012219519339487012,0.06070524144274039,0.0,0.0,True
z70,70,in_cascade,-0.05598961591766703,0.0003959530015172051,0.05598961591766703,0.0,0.0,True
z71,71,in_cascade,-0.04404502523076596,0.005334091713103322,0.04404502523076596,0.005,0.006040644709180098,True
z72,72,in_cascade,-0.01581828679658925,0.3172204112167336,0.01581828679658925,0.414,0.4299614457831325,False
z73,73,in_cascade,-0.07773605006599771,8.550125887884238e-07,0.07773605006599771,0.0,0.0,True
z74,74,in_cascade,-0.05245879315535617,0.0009032951046961215,0.05245879315535617,0.001,0.001275147928994083,True
z75,75,in_cascade,-0.07608066015433101,1.455558445635919e-06,0.07608066015433101,0.0,0.0,True
z76,76,in_cascade,-0.04568848627646811,0.0038499718121176012,0.04568848627646811,0.007,0.008317022742935906,True
z78,78,in_cascade,-0.06853852951799479,1.434554976483095e-05,0.06853852951799479,0.0,0.0,True
z80,80,in_cascade,-0.04667982939855031,0.003147237731234911,0.04667982939855031,0.004,0.0048700564971751415,True
z81,81,in_cascade,-0.05688635735478892,0.00031870753769200767,0.05688635735478892,0.001,0.001275147928994083,True
z82,82,in_cascade,-0.007906682547518069,0.6171356106597148,0.007906682547518069,0.284,0.2998260869565217,False
z83,83,in_cascade,-0.07007448775977265,9.165940408798278e-06,0.07007448775977265,0.0,0.0,True
z84,84,in_cascade,-0.06433262679792418,4.667147325776304e-05,0.06433262679792418,0.0,0.0,True
z87,87,in_cascade,0.031626730190072276,0.045486747154805565,0.031626730190072276,0.038,0.04270664928292047,True
z88,88,in_cascade,-0.05772972187830852,0.00025913998170668234,0.05772972187830852,0.001,0.001275147928994083,True
z89,89,in_cascade,-0.028451147734803305,0.0719854087355653,0.028451147734803305,0.069,0.0759616858237548,False
z90,90,in_cascade,-0.04690002404238691,0.0030079579867117135,0.04690002404238691,0.005,0.006040644709180098,True
z91,91,in_cascade,-0.05822405376823785,0.00022925344545403,0.05822405376823785,0.001,0.001275147928994083,True
z92,92,in_cascade,0.056951519712940324,0.00031368341192816675,0.056951519712940324,0.003,0.003689015691868759,True
z93,93,in_cascade,-0.04363704598869804,0.005774806954287355,0.04363704598869804,0.006,0.007183333333333334,True
z94,94,in_cascade,-0.061835939611717114,9.101652358821641e-05,0.061835939611717114,0.0,0.0,True
z95,95,in_cascade,-0.06496113924587663,3.929909948385922e-05,0.06496113924587663,0.001,0.001275147928994083,True
z96,96,in_cascade,-0.05148236860288029,0.0011252775935938482,0.05148236860288029,0.002,0.0024859408795962507,True
z97,97,in_cascade,-0.04246349260850167,0.0072313266686783876,0.04246349260850167,0.006,0.007183333333333334,True
z98,98,in_cascade,-0.04352573363348644,0.005900619105402846,0.04352573363348644,0.005,0.006040644709180098,True
z99,99,in_cascade,-0.06581637028104471,3.1025049349806985e-05,0.06581637028104471,0.0,0.0,True
z100,100,in_cascade,-0.05863178469130799,0.00020706890707660846,0.05863178469130799,0.001,0.001275147928994083,True
z101,101,in_cascade,-0.05767324721722012,0.0002627777010301984,0.05767324721722012,0.001,0.001275147928994083,True
z102,102,in_cascade,-0.03747803859859236,0.017768312393113057,0.03747803859859236,0.017,0.019736026936026937,True
z105,105,in_cascade,-0.05429197190412282,0.0005921467230860746,0.05429197190412282,0.001,0.001275147928994083,True
z106,106,in_cascade,-0.034023920125825224,0.03141215886704423,0.034023920125825224,0.028,0.03182069874752802,True
z107,107,in_cascade,-0.03578945372993041,0.02360233140422472,0.03578945372993041,0.024,0.02747410358565737,True
z108,108,in_cascade,-0.04378607413085449,0.005610152458233692,0.04378607413085449,0.004,0.0048700564971751415,True
z109,109,in_cascade,-0.08503028877783558,7.209794013420401e-08,0.08503028877783558,0.0,0.0,True
z110,110,in_cascade,-0.049988596300568774,0.0015639630889728582,0.049988596300568774,0.002,0.0024859408795962507,True
z111,111,in_cascade,-0.056892957859561846,0.0003181952213497693,0.056892957859561846,0.001,0.001275147928994083,True
z112,112,in_cascade,-0.07008251663826355,9.14428235648377e-06,0.07008251663826355,0.0,0.0,True
z113,113,in_cascade,-0.05198593450256134,0.0010051702438227121,0.05198593450256134,0.001,0.001275147928994083,True
z114,114,in_cascade,-0.04634625106480646,0.00336945581587674,0.04634625106480646,0.007,0.008317022742935906,True
z115,115,in_cascade,-0.05082524829477217,0.0013019731073566588,0.05082524829477217,0.002,0.0024859408795962507,True
z116,116,in_cascade,-0.05760814463327303,0.00026703054087235154,0.05760814463327303,0.002,0.0024859408795962507,True
z118,118,in_cascade,-0.08463150283862712,8.298628371089076e-08,0.08463150283862712,0.0,0.0,True
z119,119,in_cascade,-0.06739583413038945,1.990039740102489e-05,0.06739583413038945,0.0,0.0,True
z120,120,in_cascade,0.031626730190072276,0.045486747154805565,0.031626730190072276,0.038,0.04270664928292047,True
z121,121,in_cascade,-0.02750881436868859,0.08193005301299486,0.02750881436868859,0.076,0.08340165499681731,False
z122,122,in_cascade,-0.06706807523594478,2.1838681096674648e-05,0.06706807523594478,0.0,0.0,True
z123,123,in_cascade,-0.05920489331828793,0.00017927436317353334,0.05920489331828793,0.0,0.0,True
z124,124,in_cascade,-0.05159047055369517,0.0010984277078757974,0.05159047055369517,0.002,0.0024859408795962507,True
z125,125,in_cascade,-0.07689737075295988,1.121035102529956e-06,0.07689737075295988,0.0,0.0,True
z126,126,in_cascade,0.08563868977952496,5.8103676596463923e-08,0.08563868977952496,0.0,0.0,True
z128,128,in_cascade,-0.05789248870561309,0.00024891793015661056,0.05789248870561309,0.0,0.0,True
z129,129,in_cascade,-0.06568129577243162,3.221142402642273e-05,0.06568129577243162,0.0,0.0,True
z130,130,in_cascade,-0.04341386491010836,0.006029542886538584,0.04341386491010836,0.007,0.008317022742935906,True
z131,131,in_cascade,-0.06974939973672932,1.0085204396195659e-05,0.06974939973672932,0.0,0.0,True
z133,133,in_cascade,-0.04994887363617194,0.0015775329526179804,0.04994887363617194,0.001,0.001275147928994083,True
z134,134,in_cascade,-0.05639856792586449,0.00035877842278701793,0.05639856792586449,0.001,0.001275147928994083,True
z135,135,in_cascade,-0.03170255307069911,0.044971304979008066,0.03170255307069911,0.039,0.043773437500000005,True
z136,136,in_cascade,-0.07643987855227002,1.2980396892236247e-06,0.07643987855227002,0.0,0.0,True
z137,137,in_cascade,-0.04654104740882695,0.0032380148265277182,0.04654104740882695,0.001,0.001275147928994083,True
z140,140,in_cascade,-0.09284509043884523,4.031051436489635e-09,0.09284509043884523,0.0,0.0,True
z141,141,in_cascade,-0.06482798900237993,4.0762104534420644e-05,0.06482798900237993,0.0,0.0,True
z142,142,in_cascade,-0.06410879768869043,4.9600127531694596e-05,0.06410879768869043,0.0,0.0,True
z143,143,in_cascade,-0.05688030120456727,0.0003191782813458846,0.05688030120456727,0.0,0.0,True
z145,145,in_cascade,-0.0619806649839339,8.761750550267172e-05,0.0619806649839339,0.0,0.0,True
z147,147,in_cascade,-0.04165122287126409,0.008424280377300813,0.04165122287126409,0.02,0.02310991957104558,True
z148,148,in_cascade,0.041694136575344605,0.008357102339680874,0.041694136575344605,0.013,0.015194576271186441,True
z149,149,in_cascade,-0.058848551356310355,0.0001961115798864403,0.058848551356310355,0.001,0.001275147928994083,True
z150,150,in_cascade,0.01658089891391746,0.2944486269093708,0.01658089891391746,0.272,0.28786249232658073,False
z151,151,in_cascade,-0.052360298700051364,0.0009236915137869795,0.052360298700051364,0.002,0.0024859408795962507,True
z152,152,in_cascade,-0.02104348982249003,0.183307981374364,0.02104348982249003,0.167,0.17938193146417447,False
z153,153,in_cascade,-0.047832106343108007,0.00247849599484207,0.047832106343108007,0.003,0.003689015691868759,True
z154,154,in_cascade,-0.03475843110868572,0.027928208313570728,0.03475843110868572,0.028,0.03182069874752802,True
z155,155,in_cascade,-0.028660648627802352,0.06991447886146773,0.028660648627802352,0.078,0.08543329097839898,False
z156,156,in_cascade,-0.05610986774145588,0.0003846644096129594,0.05610986774145588,0.002,0.0024859408795962507,True
z157,157,in_cascade,-0.052918052496256814,0.0008135842806845036,0.052918052496256814,0.001,0.001275147928994083,True
z158,158,in_cascade,-0.05544999518693189,0.00045052440978993435,0.05544999518693189,0.001,0.001275147928994083,True
z159,159,in_cascade,-0.03947985917637884,0.012520706065160741,0.03947985917637884,0.012,0.014073469387755102,True
z160,160,in_cascade,-0.058956612592115966,0.00019085489046917175,0.058956612592115966,0.001,0.001275147928994083,True
z161,161,in_cascade,-0.07615358618796578,1.4221625970270388e-06,0.07615358618796578,0.0,0.0,True
z162,162,in_cascade,-0.017228151363631962,0.27600210441922385,0.017228151363631962,0.271,0.286980343980344,False
z164,164,in_cascade,-0.057377726225585485,0.00028260640932620593,0.057377726225585485,0.0,0.0,True
z165,165,in_cascade,-0.04930348536471986,0.0018137450016942785,0.04930348536471986,0.002,0.0024859408795962507,True
z166,166,in_cascade,-0.0365505951630315,0.020793531503932143,0.0365505951630315,0.015,0.017461174881836596,True
z168,168,in_cascade,-0.04174213008389249,0.008282540044854982,0.04174213008389249,0.006,0.007183333333333334,True
z169,169,in_cascade,-0.05264084047406438,0.0008666907418338267,0.05264084047406438,0.001,0.001275147928994083,True
z170,170,in_cascade,-0.0720790604858203,5.038187256533597e-06,0.0720790604858203,0.0,0.0,True
z171,171,in_cascade,-0.04002705694593808,0.011349270694426103,0.04002705694593808,0.011,0.01290946221919673,True
z172,172,in_cascade,-0.09269699189065855,4.26715951037439e-09,0.09269699189065855,0.0,0.0,True
z173,173,in_cascade,-0.04903566224423118,0.0019209823151348135,0.04903566224423118,0.003,0.003689015691868759,True
z174,174,in_cascade,-0.06896428263311036,1.2682128179270183e-05,0.06896428263311036,0.0,0.0,True
z176,176,in_cascade,-0.05358058111690372,0.0006986468540845095,0.05358058111690372,0.001,0.001275147928994083,True
z177,177,in_cascade,-0.027762422371973124,0.07915000824965712,0.027762422371973124,0.066,0.07279846449136278,False
z178,178,in_cascade,-0.062110035934726686,8.468091140186841e-05,0.062110035934726686,0.0,0.0,True
z179,179,in_cascade,-0.04269975287972486,0.006914022134459986,0.04269975287972486,0.007,0.008317022742935906,True
z180,180,in_cascade,-0.026632975388434486,0.09214504618137415,0.026632975388434486,0.089,0.09704996837444654,False
z181,181,in_cascade,-0.04291447616596141,0.0066365479482880995,0.04291447616596141,0.006,0.007183333333333334,True
z182,182,in_cascade,-0.042533827156151345,0.007135526311309487,0.042533827156151345,0.007,0.008317022742935906,True
z183,183,in_cascade,-0.06752312104217353,1.919274426144325e-05,0.06752312104217353,0.0,0.0,True
z184,184,in_cascade,-0.00878248546669511,0.5786961426865315,0.00878248546669511,0.595,0.6094949494949494,False
z185,185,in_cascade,-0.06834013768339858,1.5189872167869308e-05,0.06834013768339858,0.0,0.0,True
z186,186,in_cascade,-0.04664622779691348,0.0031690011621130277,0.04664622779691348,0.005,0.006040644709180098,True
z187,187,in_cascade,-0.0850734319581195,7.100648724917649e-08,0.0850734319581195,0.0,0.0,True
z188,188,in_cascade,-0.05906099227914757,0.0001859032177963351,0.05906099227914757,0.0,0.0,True
z189,189,in_cascade,-0.036923067016248645,0.01952847444103301,0.036923067016248645,0.023,0.02636436170212766,True
z190,190,in_cascade,-0.04799744518693158,0.0023940069595053876,0.04799744518693158,0.006,0.007183333333333334,True
z191,191,in_cascade,-0.05718966428534111,0.0002959455528636604,0.05718966428534111,0.001,0.001275147928994083,True
z192,192,in_cascade,-0.06267739454518201,7.286610692051797e-05,0.06267739454518201,0.0,0.0,True
z193,193,in_cascade,-0.05438969157377872,0.0005787586180014109,0.05438969157377872,0.002,0.0024859408795962507,True
z194,194,in_cascade,-0.041833770625434724,0.008141818923168592,0.041833770625434724,0.009,0.010627397260273973,True
z195,195,in_cascade,-0.044649472270982635,0.004736826649195724,0.044649472270982635,0.006,0.007183333333333334,True
z197,197,in_cascade,-0.05473476063311546,0.0005337032457484584,0.05473476063311546,0.0,0.0,True
z198,198,in_cascade,0.08531592452841444,6.516321282124192e-08,0.08531592452841444,0.0,0.0,True
z199,199,in_cascade,0.031626730190072276,0.045486747154805565,0.031626730190072276,0.038,0.04270664928292047,True
z200,200,in_cascade,-0.056073121452633996,0.0003880816451056959,0.056073121452633996,0.0,0.0,True
z201,201,in_cascade,-0.0357152128798332,0.023893151063493736,0.0357152128798332,0.022,0.02526848767488341,True
z202,202,in_cascade,-0.06796330367568683,1.6925729784182854e-05,0.06796330367568683,0.0,0.0,True
z203,203,in_cascade,-0.022277692645351694,0.15892405989213979,0.022277692645351694,0.223,0.23731604938271605,False
z204,204,in_cascade,-0.03519904892931429,0.02600230470844039,0.03519904892931429,0.021,0.02416822429906542,True
z205,205,in_cascade,-0.07337253404955159,3.395856681150534e-06,0.07337253404955159,0.0,0.0,True
z206,206,in_cascade,-0.03010525539111223,0.0569284274348179,0.03010525539111223,0.041,0.045958387516254876,True
z207,207,in_cascade,-0.06624178244806636,2.7553935222182908e-05,0.06624178244806636,0.0,0.0,True
z209,209,in_cascade,-0.05261856034673176,0.0008710955957911449,0.05261856034673176,0.002,0.0024859408795962507,True
z210,210,in_cascade,-0.06704423668256054,2.198645147702207e-05,0.06704423668256054,0.0,0.0,True
z211,211,in_cascade,-0.06996187515437292,9.474925608286833e-06,0.06996187515437292,0.0,0.0,True
z212,212,in_cascade,-0.044512702059680956,0.004866409667904167,0.044512702059680956,0.003,0.003689015691868759,True
z213,213,in_cascade,-0.05395572470515966,0.0006404479745308212,0.05395572470515966,0.0,0.0,True
z214,214,in_cascade,0.06840448633538031,1.4910956921684232e-05,0.06840448633538031,0.0,0.0,True
z215,215,in_cascade,0.031626730190072276,0.045486747154805565,0.031626730190072276,0.103,0.11210353535353534,False
z216,216,in_cascade,-0.0258911931965036,0.10157500838912638,0.0258911931965036,0.077,0.08439160839160839,False
z217,217,in_cascade,-0.042805984233050695,0.006775469468113901,0.042805984233050695,0.01,0.011767918088737202,True
z218,218,in_cascade,-0.08632688940016836,4.543831857296654e-08,0.08632688940016836,0.0,0.0,True
z220,220,in_cascade,-0.08112305374190244,2.7836152831245843e-07,0.08112305374190244,0.0,0.0,True
z221,221,in_cascade,-0.05346141541962818,0.0007181384287451192,0.05346141541962818,0.0,0.0,True
z222,222,in_cascade,-0.05619701524167564,0.000376672158666802,0.05619701524167564,0.001,0.001275147928994083,True
z223,223,in_cascade,-0.0626368283854502,7.365623986253733e-05,0.0626368283854502,0.0,0.0,True
z224,224,in_cascade,-0.06290552558945009,6.856982604480377e-05,0.06290552558945009,0.0,0.0,True
z226,226,in_cascade,-0.02823715874315074,0.07415228504028543,0.02823715874315074,0.066,0.07279846449136278,False
z227,227,in_cascade,-0.037286845481360534,0.01835834692854502,0.037286845481360534,0.017,0.019736026936026937,True
z229,229,in_cascade,-0.07494884192003684,2.081207927858454e-06,0.07494884192003684,0.0,0.0,True
z231,231,in_cascade,0.010653913054012958,0.500552206961042,0.010653913054012958,0.635,0.648542654028436,False
z233,233,in_cascade,-0.03962595558757098,0.012197909372944389,0.03962595558757098,0.013,0.015194576271186441,True
z234,234,in_cascade,-0.06410384962809115,4.9666795941947004e-05,0.06410384962809115,0.001,0.001275147928994083,True
z236,236,in_cascade,-0.04565639965828299,0.0038749308517997943,0.04565639965828299,0.006,0.007183333333333334,True
z237,237,in_cascade,-0.07056245789052615,7.93480888595942e-06,0.07056245789052615,0.0,0.0,True
z238,238,in_cascade,-0.06174516891792966,9.321149216682223e-05,0.06174516891792966,0.001,0.001275147928994083,True
z241,241,in_cascade,-0.049730552659177085,0.001654068712234396,0.049730552659177085,0.001,0.001275147928994083,True
z242,242,in_cascade,-0.07838142599083672,6.928240663189866e-07,0.07838142599083672,0.0,0.0,True
z243,243,in_cascade,-0.031678131500452324,0.04513678205448096,0.031678131500452324,0.037,0.0417187704381949,True
z244,244,in_cascade,-0.06370909396172701,5.526795805888018e-05,0.06370909396172701,0.0,0.0,True
z246,246,in_cascade,-0.0713554868938765,6.264335006844583e-06,0.0713554868938765,0.0,0.0,True
z247,247,in_cascade,-0.08210738644544514,1.991965644753464e-07,0.08210738644544514,0.0,0.0,True
z248,248,in_cascade,-0.07943604828229688,4.895676259809784e-07,0.07943604828229688,0.0,0.0,True
z249,249,in_cascade,-0.06328506009954887,6.194859061159935e-05,0.06328506009954887,0.0,0.0,True
z252,252,in_cascade,-0.07680642957797382,1.1542605975657562e-06,0.07680642957797382,0.0,0.0,True
z253,253,in_cascade,-0.05645807661301146,0.00035364918496381297,0.05645807661301146,0.001,0.001275147928994083,True
z254,254,in_cascade,-0.036840294005697424,0.019803642398627936,0.036840294005697424,0.031,0.035091267235718974,True
z255,255,in_cascade,0.031626730190072276,0.045486747154805565,0.031626730190072276,0.042,0.04698767034393252,True
z256,256,in_cascade,-0.07153127995622591,5.942556498376118e-06,0.07153127995622591,0.0,0.0,True
z257,257,in_cascade,-0.06764475097665204,1.853897477841195e-05,0.06764475097665204,0.001,0.001275147928994083,True
z258,258,in_cascade,-0.023182847035785666,0.14266170996599353,0.023182847035785666,0.157,0.1691675,False
z259,259,in_cascade,-0.07220700540422079,4.846790195325635e-06,0.07220700540422079,0.0,0.0,True
z260,260,in_cascade,-0.03202517663568199,0.04283282944733352,0.03202517663568199,0.035,0.039515389652914214,True
z261,261,in_cascade,-0.07064658476008995,7.739205388380995e-06,0.07064658476008995,0.0,0.0,True
z262,262,in_cascade,-0.07427908755245469,2.565534385786424e-06,0.07427908755245469,0.0,0.0,True
z263,263,in_cascade,-0.061021073492366885,0.00011259886221366834,0.061021073492366885,0.0,0.0,True
z264,264,in_cascade,-0.07439372470185027,2.47559589017734e-06,0.07439372470185027,0.0,0.0,True
z266,266,in_cascade,-0.04356571782953163,0.005855145035628578,0.04356571782953163,0.006,0.007183333333333334,True
z267,267,in_cascade,-0.05915320099922951,0.00018162959563222471,0.05915320099922951,0.0,0.0,True
z268,268,in_cascade,-0.03303189046649131,0.03670436785799811,0.03303189046649131,0.038,0.04270664928292047,True
z269,269,in_cascade,-0.05500085811114484,0.0005012139660150722,0.05500085811114484,0.001,0.001275147928994083,True
z270,270,in_cascade,-0.05677784751455017,0.0003272412547186499,0.05677784751455017,0.001,0.001275147928994083,True
z271,271,in_cascade,0.03162673019007226,0.045486747154805565,0.03162673019007226,0.163,0.17519451371571074,False
z272,272,in_cascade,-0.07072883121041418,7.552434741782631e-06,0.07072883121041418,0.0,0.0,True
z273,273,in_cascade,-0.054303001556205016,0.0005906213023106662,0.054303001556205016,0.001,0.001275147928994083,True
z274,274,in_cascade,-0.08073711303987899,3.170557891225871e-07,0.08073711303987899,0.0,0.0,True
z275,275,in_cascade,-0.041204291441472876,0.009153146379688447,0.041204291441472876,0.009,0.010627397260273973,True
z276,276,in_cascade,-0.02258874955251892,0.15318432883292063,0.02258874955251892,0.157,0.1691675,False
z278,278,in_cascade,-0.0760478651990228,1.4708211320885083e-06,0.0760478651990228,0.0,0.0,True
z279,279,in_cascade,-0.059508025100296555,0.00016603058086262168,0.059508025100296555,0.0,0.0,True
z281,281,in_cascade,-0.04517905442200756,0.004264003367304457,0.04517905442200756,0.007,0.008317022742935906,True
z282,282,in_cascade,-0.0625581050393886,7.521275284520246e-05,0.0625581050393886,0.001,0.001275147928994083,True
z283,283,in_cascade,-0.08190079569794376,2.1375732269002316e-07,0.08190079569794376,0.0,0.0,True
z284,284,in_cascade,-0.04439648338141612,0.004979031338880167,0.04439648338141612,0.004,0.0048700564971751415,True
z285,285,in_cascade,-0.04865986768694431,0.002081279919107727,0.04865986768694431,0.005,0.006040644709180098,True
z286,286,in_cascade,-0.05604349166602211,0.0003908577087571497,0.05604349166602211,0.002,0.0024859408795962507,True
z287,287,in_cascade,-0.0517954789885321,0.0010491283498526543,0.0517954789885321,0.002,0.0024859408795962507,True
z288,288,in_cascade,-0.08677328090337244,3.870104962816563e-08,0.08677328090337244,0.0,0.0,True
z289,289,in_cascade,-0.04045464235304437,0.010502689422231155,0.04045464235304437,0.013,0.015194576271186441,True
z292,292,in_cascade,-0.03680128561168099,0.019934489742463174,0.03680128561168099,0.02,0.02310991957104558,True
z294,294,in_cascade,0.031626730190072276,0.045486747154805565,0.031626730190072276,0.042,0.04698767034393252,True
z295,295,in_cascade,-0.04205317550991916,0.007813560458508284,0.04205317550991916,0.007,0.008317022742935906,True
z297,297,in_cascade,0.01253862417167585,0.42789695978508435,0.01253862417167585,0.453,0.4687707082833133,False
z298,298,in_cascade,-0.08354783147844158,1.2123057029997122e-07,0.08354783147844158,0.0,0.0,True
z299,299,in_cascade,-0.07354809357577904,3.217190152646195e-06,0.07354809357577904,0.0,0.0,True
z300,300,in_cascade,-0.05190161585434516,0.0010244168442566728,0.05190161585434516,0.0,0.0,True
z301,301,in_cascade,-0.035048971337398184,0.026644981257318207,0.035048971337398184,0.026,0.029684768211920527,True
z302,302,in_cascade,-0.034567401030631814,0.02880065285352611,0.034567401030631814,0.03,0.034003944773175546,True
z303,303,in_cascade,-0.07571482217219475,1.634788812101861e-06,0.07571482217219475,0.0,0.0,True
z304,304,in_cascade,-0.060526177737032213,0.00012797307009903026,0.060526177737032213,0.0,0.0,True
z305,305,in_cascade,0.08353469356032782,1.2178543297962532e-07,0.08353469356032782,0.0,0.0,True
z306,306,in_cascade,-0.07145606915379688,6.078240977458622e-06,0.07145606915379688,0.0,0.0,True
z307,307,in_cascade,0.019838359200650964,0.20968964290070521,0.019838359200650964,0.137,0.14826616446955432,False
z308,308,in_cascade,-0.03153825844505356,0.04609445876214785,0.03153825844505356,0.044,0.049193255512321656,True
z310,310,in_cascade,-0.0170254663185229,0.28169185017305876,0.0170254663185229,0.278,0.2938516247700797,False
z311,311,in_cascade,-0.08456157525643773,8.505290004206071e-08,0.08456157525643773,0.0,0.0,True
z312,312,in_cascade,-0.07669178113130781,1.1974989497134784e-06,0.07669178113130781,0.0,0.0,True
z313,313,in_cascade,-0.08633221540352357,4.5351606837759017e-08,0.08633221540352357,0.0,0.0,True
z314,314,in_cascade,-0.07246423708096189,4.482843031828162e-06,0.07246423708096189,0.0,0.0,True
z315,315,in_cascade,-0.03572687586919107,0.02384725958066557,0.03572687586919107,0.028,0.03182069874752802,True
z316,316,in_cascade,-0.03701615627514699,0.019223005709773356,0.03701615627514699,0.016,0.01860013486176669,True
z318,318,in_cascade,-0.06740378546513742,1.9855474197566385e-05,0.06740378546513742,0.0,0.0,True
z319,319,in_cascade,-0.07388626416405875,2.8981106821408597e-06,0.07388626416405875,0.0,0.0,True
z322,322,in_cascade,-0.04738436849050818,0.002721166246241122,0.04738436849050818,0.002,0.0024859408795962507,True
z324,324,in_cascade,-0.007906682547518067,0.6171356106597148,0.007906682547518067,0.711,0.7240189013585351,False
z328,328,in_cascade,-0.07543522422060259,1.7858759556059376e-06,0.07543522422060259,0.0,0.0,True
z329,329,in_cascade,-0.03196505109084921,0.043224720030700256,0.03196505109084921,0.039,0.043773437500000005,True
z331,331,in_cascade,-0.04057359359431452,0.010277385888910045,0.04057359359431452,0.01,0.011767918088737202,True
z332,332,in_cascade,-0.031100114628961513,0.04920570492754765,0.031100114628961513,0.046,0.05126308985132515,False
z333,333,in_cascade,-0.07992979593448188,4.154821660753356e-07,0.07992979593448188,0.0,0.0,True
z334,334,in_cascade,-0.07778513917207361,8.414905357501946e-07,0.07778513917207361,0.0,0.0,True
z335,335,in_cascade,-0.028543504610029358,0.07106634634019396,0.028543504610029358,0.071,0.07811359285258454,False
z337,337,in_cascade,-0.03602838407753815,0.02268712643628781,0.03602838407753815,0.021,0.02416822429906542,True
z338,338,in_cascade,-0.05142564836952179,0.0011396069075864847,0.05142564836952179,0.0,0.0,True
z339,339,in_cascade,-0.03180746637221254,0.044266233121977853,0.03180746637221254,0.038,0.04270664928292047,True
z340,340,in_cascade,-0.04527654865164746,0.004181773162319881,0.04527654865164746,0.004,0.0048700564971751415,True
z341,341,in_cascade,-0.08274964118875658,1.5979438189426413e-07,0.08274964118875658,0.0,0.0,True
z342,342,in_cascade,-0.03196155040873894,0.04324763002832069,0.03196155040873894,0.047,0.052343669250646,False
z343,343,in_cascade,0.004509077196603606,0.7755741188915365,0.004509077196603606,0.781,0.7915602586713698,False
z344,344,in_cascade,-0.07378487266166922,2.9904456464899827e-06,0.07378487266166922,0.0,0.0,True
z345,345,in_cascade,-0.020780137920578007,0.18885211844690275,0.020780137920578007,0.331,0.3481659548505186,False
z346,346,in_cascade,-0.024539900446682875,0.12071291809784276,0.024539900446682875,0.138,0.1492547051442911,False
z348,348,in_cascade,-0.07793659428571278,8.010558998735991e-07,0.07793659428571278,0.0,0.0,True
z349,349,in_cascade,-0.051554799754535696,0.001107221286257582,0.051554799754535696,0.003,0.003689015691868759,True
z350,350,in_cascade,0.05807533561161475,0.00023788617575073878,0.05807533561161475,0.001,0.001275147928994083,True
z351,351,in_cascade,-0.058730193455630755,0.00020202506251691273,0.058730193455630755,0.0,0.0,True
z352,352,in_cascade,-0.02089197019439743,0.18648288856211678,0.02089197019439743,0.212,0.22602844774273345,False
z353,353,in_cascade,-0.08345052401569288,1.253989398961598e-07,0.08345052401569288,0.0,0.0,True
z355,355,in_cascade,-0.035836454549791966,0.023419809084519447,0.035836454549791966,0.021,0.02416822429906542,True
z356,356,in_cascade,-0.03379224695299902,0.032585654532460324,0.03379224695299902,0.027,0.0308060886829914,True
z358,358,in_cascade,-0.005855784796439955,0.7112038456554433,0.005855784796439955,0.722,0.734352802359882,False
z359,359,in_cascade,-0.04458066058109269,0.004801626889840591,0.04458066058109269,0.004,0.0048700564971751415,True
z361,361,in_cascade,-0.055005314645656264,0.0005006858809996024,0.055005314645656264,0.001,0.001275147928994083,True
z362,362,in_cascade,-0.04340907145537977,0.00603512338329762,0.04340907145537977,0.007,0.008317022742935906,True
z363,363,in_cascade,-0.06117854200785189,0.00010808415583661391,0.06117854200785189,0.001,0.001275147928994083,True
z364,364,in_cascade,-0.07646135450059403,1.2891610571709496e-06,0.07646135450059403,0.0,0.0,True
z365,365,in_cascade,-0.05655797297757212,0.0003451926575498473,0.05655797297757212,0.001,0.001275147928994083,True
z366,366,in_cascade,-0.07154260504555299,5.922378126247185e-06,0.07154260504555299,0.0,0.0,True
z367,367,in_cascade,-0.049215152886173216,0.0018484901710472312,0.049215152886173216,0.003,0.003689015691868759,True
z369,369,in_cascade,-0.04995399168929274,0.00157577848724473,0.04995399168929274,0.002,0.0024859408795962507,True
z370,370,in_cascade,-0.05308163501084007,0.0007836789121736124,0.05308163501084007,0.002,0.0024859408795962507,True
z371,371,in_cascade,-0.04365656889736501,0.005752991858706227,0.04365656889736501,0.006,0.007183333333333334,True
z372,372,in_cascade,-0.0771670861985421,1.0278167210541014e-06,0.0771670861985421,0.0,0.0,True
z373,373,in_cascade,-0.03635167143684867,0.021497964154952788,0.03635167143684867,0.022,0.02526848767488341,True
z374,374,in_cascade,-0.05616384540211944,0.00037969567990479744,0.05616384540211944,0.002,0.0024859408795962507,True
z375,375,in_cascade,-0.05796567600479948,0.000244445942025337,0.05796567600479948,0.0,0.0,True
z376,376,in_cascade,-0.013688097541121928,0.386774691426586,0.013688097541121928,0.335,0.35194393662400975,False
z377,377,in_cascade,-0.03155915284397737,0.04595032224657904,0.03155915284397737,0.049,0.054465506125080596,False
z379,379,in_cascade,-0.07709046722861984,1.0535105392478477e-06,0.07709046722861984,0.0,0.0,True
z381,381,in_cascade,-0.06900955207150408,1.2516500224363254e-05,0.06900955207150408,0.0,0.0,True
z382,382,in_cascade,-0.05496230930795505,0.0005058035889092977,0.05496230930795505,0.0,0.0,True
z383,383,in_cascade,0.0038341951112421295,0.8084540483510759,0.0038341951112421295,0.971,0.9726926205694364,False
z384,384,in_cascade,0.002103611224815855,0.8941913080261602,0.002103611224815855,0.891,0.8961983663943991,False
z385,385,in_cascade,-0.05200873985415631,0.001000022480803765,0.05200873985415631,0.001,0.001275147928994083,True
z386,386,in_cascade,-0.054824114188817774,0.0005225809591298179,0.054824114188817774,0.001,0.001275147928994083,True
z387,387,in_cascade,-0.027614827787078584,0.08075845382924668,0.027614827787078584,0.069,0.0759616858237548,False
z388,388,in_cascade,-0.05679145150933165,0.0003261597735914539,0.05679145150933165,0.001,0.001275147928994083,True
z389,389,in_cascade,-0.09152292030304027,6.6798326061353554e-09,0.09152292030304027,0.0,0.0,True
z390,390,in_cascade,-0.06731511641916302,2.0361943680949922e-05,0.06731511641916302,0.0,0.0,True
z391,391,in_cascade,0.022688973608605025,0.15136893575541457,0.022688973608605025,0.176,0.1886965174129353,False
z392,392,in_cascade,-0.01726139265285838,0.275076491865369,0.01726139265285838,0.295,0.3112484700122399,False
z393,393,in_cascade,-0.054000131865964696,0.0006338654279392879,0.054000131865964696,0.001,0.001275147928994083,True
z394,394,in_cascade,-0.055090649487497124,0.0004906734725824855,0.055090649487497124,0.001,0.001275147928994083,True
z395,395,in_cascade,-0.09646032315340951,9.775166669216618e-10,0.09646032315340951,0.0,0.0,True
z396,396,in_cascade,-0.06939090373795472,1.120084021403243e-05,0.06939090373795472,0.0,0.0,True
z397,397,in_cascade,-0.01767077656861909,0.2638506997141486,0.01767077656861909,0.387,0.4024053075995175,False
z398,398,in_cascade,-0.015818675226371662,0.3172085263342463,0.015818675226371662,0.415,0.43074051776038524,False
z399,399,in_cascade,-0.07594721901661412,1.5186280379385177e-06,0.07594721901661412,0.0,0.0,True
z400,400,in_cascade,-0.005620795998304024,0.7223033924082289,0.005620795998304024,0.724,0.7359528301886793,False
z402,402,in_cascade,-0.013389185880248615,0.3972294064460208,0.013389185880248615,0.412,0.42814225437010245,False
z403,403,in_cascade,-0.0588768419457147,0.00019472238187611142,0.0588768419457147,0.001,0.001275147928994083,True
z404,404,in_cascade,-0.026964550063372228,0.08816367459040449,0.026964550063372228,0.125,0.13536432160804018,False
z405,405,in_cascade,-0.03481924688447209,0.027655281984638624,0.03481924688447209,0.023,0.02636436170212766,True
z406,406,in_cascade,-0.040239026834918756,0.010922302002104584,0.040239026834918756,0.007,0.008317022742935906,True
z407,407,in_cascade,-0.05478140947873385,0.0005278694112589745,0.05478140947873385,0.001,0.001275147928994083,True
z409,409,in_cascade,-0.07467275425528563,2.269151641231054e-06,0.07467275425528563,0.0,0.0,True
z410,410,in_cascade,-0.035558716173122604,0.02451637964948919,0.035558716173122604,0.028,0.03182069874752802,True
z411,411,in_cascade,-0.056529411916831016,0.0003475909313120144,0.056529411916831016,0.0,0.0,True
z412,412,in_cascade,-0.03364701239576256,0.03334029248696745,0.03364701239576256,0.04,0.044866623292127525,True
z414,414,in_cascade,-0.011182043311773512,0.4795567951080244,0.011182043311773512,0.768,0.7788423529411764,False
z416,416,in_cascade,-0.029527473433957015,0.06185902923743327,0.029527473433957015,0.081,0.08849429657794677,False
z417,417,in_cascade,-0.05634795288915429,0.00036319573249528504,0.05634795288915429,0.001,0.001275147928994083,True
z418,418,in_cascade,-0.03744994239982492,0.017853964333394937,0.03744994239982492,0.018,0.02086886348352387,True
z419,419,in_cascade,-0.06452131018341961,4.4330755612679344e-05,0.06452131018341961,0.0,0.0,True
z420,420,in_cascade,-0.07169792447846443,5.652168492719338e-06,0.07169792447846443,0.0,0.0,True
z422,422,in_cascade,-0.04584805535871224,0.0037280036829222827,0.04584805535871224,0.004,0.0048700564971751415,True
z423,423,in_cascade,-0.05035677264515856,0.0014432054827089168,0.05035677264515856,0.0,0.0,True
z424,424,in_cascade,-0.05895314664307159,0.00019102141823707013,0.05895314664307159,0.001,0.001275147928994083,True
z427,427,in_cascade,-0.041371210205189135,0.008874595297084143,0.041371210205189135,0.01,0.011767918088737202,True
z428,428,in_cascade,-0.047773969628382304,0.0025088463335050416,0.047773969628382304,0.005,0.006040644709180098,True
z429,429,in_cascade,-0.05558872093388098,0.0004358616399354694,0.05558872093388098,0.001,0.001275147928994083,True
z430,430,in_cascade,-0.08057591230083613,3.3471112154195264e-07,0.08057591230083613,0.0,0.0,True
z431,431,in_cascade,-0.03593209433096854,0.02305218120625815,0.03593209433096854,0.023,0.02636436170212766,True
z432,432,in_cascade,-0.07043516984233895,8.239773485366582e-06,0.07043516984233895,0.0,0.0,True
z435,435,in_cascade,-0.06431395743541836,4.690934105310915e-05,0.06431395743541836,0.0,0.0,True
z437,437,in_cascade,-0.05843307231922206,0.00021761623011705468,0.05843307231922206,0.0,0.0,True
z438,438,in_cascade,-0.047377465343062766,0.0027250719711755253,0.047377465343062766,0.003,0.003689015691868759,True
z439,439,in_cascade,-0.013695674495342713,0.3865118800675256,0.013695674495342713,0.456,0.4713093525179856,False
z440,440,in_cascade,-0.05303762660002547,0.0007916224103551863,0.05303762660002547,0.001,0.001275147928994083,True
z441,441,in_cascade,-0.07302733339652487,3.775291293168783e-06,0.07302733339652487,0.0,0.0,True
z442,442,in_cascade,-0.05864754378399087,0.00020625331721600294,0.05864754378399087,0.0,0.0,True
z443,443,in_cascade,-0.07819092437433142,7.373294316506968e-07,0.07819092437433142,0.0,0.0,True
z444,444,in_cascade,-0.01925890231582343,0.2233105616881236,0.01925890231582343,0.207,0.22083415841584156,False
z445,445,in_cascade,-0.016708951073733953,0.2907351302786349,0.016708951073733953,0.333,0.3500560975609756,False
z446,446,in_cascade,-0.02513507002519457,0.11196207061144267,0.02513507002519457,0.112,0.1215919395465995,False
z447,447,in_cascade,-0.06581412981179983,3.1044384637453455e-05,0.06581412981179983,0.0,0.0,True
z448,448,in_cascade,-0.04842042500906615,0.0021897182556579776,0.04842042500906615,0.002,0.0024859408795962507,True
z449,449,in_cascade,-0.022473575430374204,0.15529090541155902,0.022473575430374204,0.163,0.17519451371571074,False
z450,450,in_cascade,-0.07159746211631994,5.825561285082743e-06,0.07159746211631994,0.0,0.0,True
z451,451,in_cascade,-0.026819558395254847,0.08988726054492245,0.026819558395254847,0.087,0.09492911392405064,False
z452,452,in_cascade,-0.06578509319061732,3.1296008886720434e-05,0.06578509319061732,0.0,0.0,True
z453,453,in_cascade,-0.050721613511122185,0.0013320703437886463,0.050721613511122185,0.003,0.003689015691868759,True
z454,454,in_cascade,-0.05804239001398856,0.00023983940227106882,0.05804239001398856,0.0,0.0,True
z455,455,in_cascade,-0.06015775245681798,0.00014068024759653254,0.06015775245681798,0.001,0.001275147928994083,True
z458,458,in_cascade,-0.034776808520056754,0.02784549130278864,0.034776808520056754,0.026,0.029684768211920527,True
z460,460,in_cascade,-0.06525159061975098,3.62787206809036e-05,0.06525159061975098,0.0,0.0,True
z461,461,in_cascade,-0.06824303942125651,1.5620169478641844e-05,0.06824303942125651,0.0,0.0,True
z462,462,in_cascade,-0.08954011745715498,1.4061248653578607e-08,0.08954011745715498,0.0,0.0,True
z463,463,in_cascade,-0.09835200863539834,4.561259711843789e-10,0.09835200863539834,0.0,0.0,True
z466,466,in_cascade,-0.042539156302512364,0.0071283142847732356,0.042539156302512364,0.007,0.008317022742935906,True
z467,467,in_cascade,-0.049555550713550445,0.001717868486640792,0.049555550713550445,0.001,0.001275147928994083,True
z468,468,in_cascade,-0.05124129730428419,0.0011873525212805476,0.05124129730428419,0.001,0.001275147928994083,True
z469,469,in_cascade,-0.058917870180842984,0.0001927241222958759,0.058917870180842984,0.001,0.001275147928994083,True
z470,470,in_cascade,-0.05671555563263467,0.0003322362789430426,0.05671555563263467,0.0,0.0,True
z471,471,in_cascade,-0.06642685763731104,2.6161999775231718e-05,0.06642685763731104,0.0,0.0,True
z473,473,in_cascade,-0.04102963117381398,0.009452943699229424,0.04102963117381398,0.011,0.01290946221919673,True
z474,474,in_cascade,-0.04429819253261391,0.005076113187124988,0.04429819253261391,0.006,0.007183333333333334,True
z475,475,in_cascade,-0.08041252537266838,3.5357233941054736e-07,0.08041252537266838,0.0,0.0,True
z476,476,in_cascade,-0.058783338588982076,0.0001993493686238104,0.058783338588982076,0.0,0.0,True
z477,477,in_cascade,-0.07045706395983435,8.18653267693757e-06,0.07045706395983435,0.0,0.0,True
z478,478,in_cascade,-0.046525629628618184,0.0032482453859651087,0.046525629628618184,0.006,0.007183333333333334,True
z480,480,in_cascade,-0.043172198426627076,0.006316750218888347,0.043172198426627076,0.006,0.007183333333333334,True
z482,482,in_cascade,-0.061791343899905454,9.208874270468821e-05,0.061791343899905454,0.0,0.0,True
z483,483,in_cascade,-0.06880840674800001,1.326857161401164e-05,0.06880840674800001,0.0,0.0,True
z484,484,in_cascade,-0.06365509343168096,5.607914270618368e-05,0.06365509343168096,0.0,0.0,True
z486,486,in_cascade,-0.07795187645149348,7.970814588972781e-07,0.07795187645149348,0.0,0.0,True
z487,487,in_cascade,-0.060088702852343606,0.0001431902810904257,0.060088702852343606,0.001,0.001275147928994083,True
z488,488,in_cascade,-0.05073640292806845,0.0013277363560313885,0.05073640292806845,0.002,0.0024859408795962507,True
z489,489,in_cascade,-0.05935899814250422,0.00017242216788003763,0.05935899814250422,0.001,0.001275147928994083,True
z491,491,in_cascade,-0.008938543321883409,0.5719664933004495,0.008938543321883409,0.592,0.606782401902497,False
z492,492,in_cascade,-0.02941318430637349,0.06287504095045597,0.02941318430637349,0.064,0.07068289557975657,False
z493,493,in_cascade,-0.040188854707571615,0.011022053258659091,0.040188854707571615,0.013,0.015194576271186441,True
z494,494,in_cascade,-0.034021413006100655,0.031424661600009514,0.034021413006100655,0.028,0.03182069874752802,True
z495,495,in_cascade,0.031626730190072276,0.045486747154805565,0.031626730190072276,0.042,0.04698767034393252,True
z497,497,in_cascade,-0.04537911599647705,0.004096818764245356,0.04537911599647705,0.002,0.0024859408795962507,True
z498,498,in_cascade,-0.026075345690021883,0.09916513670690336,0.026075345690021883,0.101,0.10999620972836388,False
z500,500,in_cascade,0.002556689645271417,0.8715822865108267,0.002556689645271417,0.865,0.8705545826036194,False
z501,501,in_cascade,-0.02703680317988773,0.08731476577712592,0.02703680317988773,0.075,0.08235668789808917,False
z502,502,in_cascade,-0.08162880136602943,2.3450291325723736e-07,0.08162880136602943,0.0,0.0,True
z504,504,in_cascade,-0.0404929951066025,0.010429570945163443,0.0404929951066025,0.008,0.009485557083906465,True
z505,505,in_cascade,-0.04537774861807692,0.004097940961362758,0.04537774861807692,0.004,0.0048700564971751415,True
z506,506,in_cascade,-0.04282922987433873,0.006745485917345727,0.04282922987433873,0.011,0.01290946221919673,True
z507,507,in_cascade,-0.04058739094994527,0.010251532887263689,0.04058739094994527,0.013,0.015194576271186441,True
z508,508,in_cascade,0.031626730190072276,0.045486747154805565,0.031626730190072276,0.046,0.05126308985132515,False
z509,509,in_cascade,-0.05280870202514601,0.0008341617931215033,0.05280870202514601,0.0,0.0,True
z511,511,in_cascade,-0.04012873574321088,0.011142645650638027,0.04012873574321088,0.009,0.010627397260273973,True
z512,512,in_cascade,-0.04986312049430404,0.0016071977629553915,0.04986312049430404,0.002,0.0024859408795962507,True
