variant,config_name,test_mse,val_mse,test_l0_sparsity,val_l0_sparsity,dead_feature_rate,best_epoch_x,max_rpb,n_significant_features,best_f1,n_active_features,training_time,best_epoch_y,total_epochs,convergence_speed
topk,unknown,,,0.015625,,,,,,,512,,,,
topk,unknown,,,0.015625,,,,,,,512,,,,
topk,unknown,,,0.015625,,,,,,,512,,,,
topk,unknown,,,0.015625,,,,,,,512,,,,
topk,unknown,,,0.015625,,,,,,,512,,,,
topk,unknown,,,0.015625,,,,,,,512,,,,
topk,unknown,,,0.015625,,,,,,,512,,,,
topk,unknown,,,0.015625,,,,,,,512,,,,
topk,unknown,,,0.015625,,,,,,,512,,,,
topk,unknown,,,0.015625,,,,,,,512,,,,
topk,unknown,,,0.015625,,,,,,,512,,,,
topk,unknown,,,0.015625,,,,,,,256,,,,
topk,unknown,,,0.015625,,,,,,,256,,,,
topk,unknown,,,0.015625,,,,,,,256,,,,
topk,unknown,,,0.015625,,,,,,,256,,,,
topk,unknown,,,0.015625,,,,,,,256,,,,
topk,unknown,,,0.015625,,,,,,,256,,,,
topk,unknown,,,0.015625,,,,,,,256,,,,
topk,unknown,,,0.015625,,,,,,,256,,,,
topk,unknown,,,0.015625,,,,,,,256,,,,
topk,unknown,,,0.015625,,,,,,,256,,,,
topk,unknown,,,0.015625,,,,,,,256,,,,
topk,unknown,,,0.015625,,,,,,,128,,,,
topk,unknown,,,0.015625,,,,,,,128,,,,
topk,unknown,,,0.015625,,,,,,,128,,,,
topk,unknown,,,0.015625,,,,,,,128,,,,
topk,unknown,,,0.015625,,,,,,,128,,,,
topk,unknown,,,0.015625,,,,,,,128,,,,
topk,unknown,,,0.015625,,,,,,,128,,,,
topk,unknown,,,0.015625,,,,,,,128,,,,
topk,unknown,,,0.015625,,,,,,,128,,,,
topk,unknown,,,0.015625,,,,,,,128,,,,
topk,unknown,,,0.015625,,,,,,,128,,,,
topk,unknown,,,0.015625,,,,,,,256,,,,
topk,unknown,,,0.015625,,,,,,,256,,,,
topk,unknown,,,0.015625,,,,,,,256,,,,
topk,unknown,,,0.015625,,,,,,,256,,,,
topk,unknown,,,0.015625,,,,,,,256,,,,
topk,unknown,,,0.015625,,,,,,,256,,,,
topk,unknown,,,0.015625,,,,,,,256,,,,
topk,unknown,,,0.015625,,,,,,,256,,,,
topk,unknown,,,0.015625,,,,,,,256,,,,
topk,unknown,,,0.015625,,,,,,,256,,,,
topk,unknown,,,0.015625,,,,,,,256,,,,
topk,unknown,,,0.015625,,,,,,,256,,,,
topk,unknown,,,0.015625,,,,,,,256,,,,
topk,unknown,,,0.015625,,,,,,,256,,,,
topk,unknown,,,0.015625,,,,,,,256,,,,
topk,unknown,,,0.015625,,,,,,,256,,,,
topk,unknown,,,0.015625,,,,,,,256,,,,
topk,unknown,,,0.015625,,,,,,,256,,,,
topk,unknown,,,0.015625,,,,,,,256,,,,
topk,unknown,,,0.015625,,,,,,,256,,,,
topk,unknown,,,0.015625,,,,,,,256,,,,
topk,unknown,,,0.015625,,,,,,,256,,,,
topk,unknown,,,0.015625,,,,,,,256,,,,
topk,unknown,,,0.015625,,,,,,,256,,,,
topk,unknown,,,0.015625,,,,,,,256,,,,
topk,unknown,,,0.015625,,,,,,,256,,,,
topk,unknown,,,0.015625,,,,,,,256,,,,
topk,unknown,,,0.015625,,,,,,,256,,,,
topk,unknown,,,0.015625,,,,,,,256,,,,
topk,unknown,,,0.015625,,,,,,,256,,,,
topk,unknown,,,0.015625,,,,,,,256,,,,
topk,unknown,,,0.015625,,,,,,,256,,,,
topk,unknown,,,0.015625,,,,,,,256,,,,
topk,unknown,,,0.015625,,,,,,,128,,,,
topk,unknown,,,0.015625,,,,,,,128,,,,
topk,unknown,,,0.015625,,,,,,,128,,,,
topk,unknown,,,0.015625,,,,,,,128,,,,
topk,unknown,,,0.015625,,,,,,,128,,,,
topk,unknown,,,0.015625,,,,,,,128,,,,
topk,unknown,,,0.015625,,,,,,,128,,,,
topk,unknown,,,0.015625,,,,,,,128,,,,
topk,unknown,,,0.015625,,,,,,,128,,,,
topk,unknown,,,0.015625,,,,,,,128,,,,
topk,unknown,,,0.015625,,,,,,,128,,,,
topk,unknown,,,0.015625,,,,,,,512,,,,
topk,unknown,,,0.015625,,,,,,,512,,,,
topk,unknown,,,0.015625,,,,,,,512,,,,
topk,unknown,,,0.015625,,,,,,,512,,,,
topk,unknown,,,0.015625,,,,,,,512,,,,
topk,unknown,,,0.015625,,,,,,,512,,,,
topk,unknown,,,0.015625,,,,,,,512,,,,
topk,unknown,,,0.015625,,,,,,,512,,,,
topk,unknown,,,0.015625,,,,,,,512,,,,
topk,unknown,,,0.015625,,,,,,,512,,,,
topk,unknown,,,0.015625,,,,,,,512,,,,
topk,unknown,,,0.015625,,,,,,,128,,,,
topk,unknown,,,0.015625,,,,,,,128,,,,
topk,unknown,,,0.015625,,,,,,,128,,,,
topk,unknown,,,0.015625,,,,,,,128,,,,
topk,unknown,,,0.015625,,,,,,,128,,,,
topk,unknown,,,0.015625,,,,,,,128,,,,
topk,unknown,,,0.015625,,,,,,,128,,,,
topk,unknown,,,0.015625,,,,,,,128,,,,
topk,unknown,,,0.015625,,,,,,,128,,,,
topk,unknown,,,0.015625,,,,,,,128,,,,
topk,unknown,,,0.015625,,,,,,,128,,,,
topk,unknown,,,0.015625,,,,,,,512,,,,
topk,unknown,,,0.015625,,,,,,,512,,,,
topk,unknown,,,0.015625,,,,,,,512,,,,
topk,unknown,,,0.015625,,,,,,,512,,,,
topk,unknown,,,0.015625,,,,,,,512,,,,
topk,unknown,,,0.015625,,,,,,,512,,,,
topk,unknown,,,0.015625,,,,,,,512,,,,
topk,unknown,,,0.015625,,,,,,,512,,,,
topk,unknown,,,0.015625,,,,,,,512,,,,
topk,unknown,,,0.015625,,,,,,,512,,,,
topk,unknown,,,0.015625,,,,,,,512,,,,
topk,unknown,,,0.015625,,,,,,,512,,,,
topk,unknown,,,0.015625,,,,,,,512,,,,
topk,unknown,,,0.015625,,,,,,,512,,,,
topk,unknown,,,0.015625,,,,,,,512,,,,
topk,unknown,,,0.015625,,,,,,,512,,,,
topk,unknown,,,0.015625,,,,,,,512,,,,
topk,unknown,,,0.015625,,,,,,,512,,,,
topk,unknown,,,0.015625,,,,,,,512,,,,
topk,unknown,,,0.015625,,,,,,,512,,,,
topk,unknown,,,0.015625,,,,,,,512,,,,
topk,unknown,,,0.015625,,,,,,,512,,,,
topk,unknown,,,0.062499046325683594,,,,,,,512,,,,
topk,unknown,,,0.062499046325683594,,,,,,,512,,,,
topk,unknown,,,0.062499046325683594,,,,,,,512,,,,
topk,unknown,,,0.062499046325683594,,,,,,,512,,,,
topk,unknown,,,0.062499046325683594,,,,,,,512,,,,
topk,unknown,,,0.062499046325683594,,,,,,,512,,,,
topk,unknown,,,0.062499046325683594,,,,,,,512,,,,
topk,unknown,,,0.062499046325683594,,,,,,,512,,,,
topk,unknown,,,0.062499046325683594,,,,,,,512,,,,
topk,unknown,,,0.062499046325683594,,,,,,,512,,,,
topk,unknown,,,0.062499046325683594,,,,,,,512,,,,
topk,unknown,,,0.062499046325683594,,,,,,,256,,,,
topk,unknown,,,0.062499046325683594,,,,,,,256,,,,
topk,unknown,,,0.062499046325683594,,,,,,,256,,,,
topk,unknown,,,0.062499046325683594,,,,,,,256,,,,
topk,unknown,,,0.062499046325683594,,,,,,,256,,,,
topk,unknown,,,0.062499046325683594,,,,,,,256,,,,
topk,unknown,,,0.062499046325683594,,,,,,,256,,,,
topk,unknown,,,0.062499046325683594,,,,,,,256,,,,
topk,unknown,,,0.062499046325683594,,,,,,,256,,,,
topk,unknown,,,0.062499046325683594,,,,,,,256,,,,
topk,unknown,,,0.062499046325683594,,,,,,,256,,,,
topk,unknown,,,0.062499046325683594,,,,,,,128,,,,
topk,unknown,,,0.062499046325683594,,,,,,,128,,,,
topk,unknown,,,0.062499046325683594,,,,,,,128,,,,
topk,unknown,,,0.062499046325683594,,,,,,,128,,,,
topk,unknown,,,0.062499046325683594,,,,,,,128,,,,
topk,unknown,,,0.062499046325683594,,,,,,,128,,,,
topk,unknown,,,0.062499046325683594,,,,,,,128,,,,
topk,unknown,,,0.062499046325683594,,,,,,,128,,,,
topk,unknown,,,0.062499046325683594,,,,,,,128,,,,
topk,unknown,,,0.062499046325683594,,,,,,,128,,,,
topk,unknown,,,0.062499046325683594,,,,,,,128,,,,
topk,unknown,,,0.062499046325683594,,,,,,,256,,,,
topk,unknown,,,0.062499046325683594,,,,,,,256,,,,
topk,unknown,,,0.062499046325683594,,,,,,,256,,,,
topk,unknown,,,0.062499046325683594,,,,,,,256,,,,
topk,unknown,,,0.062499046325683594,,,,,,,256,,,,
topk,unknown,,,0.062499046325683594,,,,,,,256,,,,
topk,unknown,,,0.062499046325683594,,,,,,,256,,,,
topk,unknown,,,0.062499046325683594,,,,,,,256,,,,
topk,unknown,,,0.062499046325683594,,,,,,,256,,,,
topk,unknown,,,0.062499046325683594,,,,,,,256,,,,
topk,unknown,,,0.062499046325683594,,,,,,,256,,,,
topk,unknown,,,0.062499046325683594,,,,,,,256,,,,
topk,unknown,,,0.062499046325683594,,,,,,,256,,,,
topk,unknown,,,0.062499046325683594,,,,,,,256,,,,
topk,unknown,,,0.062499046325683594,,,,,,,256,,,,
topk,unknown,,,0.062499046325683594,,,,,,,256,,,,
topk,unknown,,,0.062499046325683594,,,,,,,256,,,,
topk,unknown,,,0.062499046325683594,,,,,,,256,,,,
topk,unknown,,,0.062499046325683594,,,,,,,256,,,,
topk,unknown,,,0.062499046325683594,,,,,,,256,,,,
topk,unknown,,,0.062499046325683594,,,,,,,256,,,,
topk,unknown,,,0.062499046325683594,,,,,,,256,,,,
topk,unknown,,,0.062499046325683594,,,,,,,256,,,,
topk,unknown,,,0.062499046325683594,,,,,,,256,,,,
topk,unknown,,,0.062499046325683594,,,,,,,256,,,,
topk,unknown,,,0.062499046325683594,,,,,,,256,,,,
topk,unknown,,,0.062499046325683594,,,,,,,256,,,,
topk,unknown,,,0.062499046325683594,,,,,,,256,,,,
topk,unknown,,,0.062499046325683594,,,,,,,256,,,,
topk,unknown,,,0.062499046325683594,,,,,,,256,,,,
topk,unknown,,,0.062499046325683594,,,,,,,256,,,,
topk,unknown,,,0.062499046325683594,,,,,,,256,,,,
topk,unknown,,,0.062499046325683594,,,,,,,256,,,,
topk,unknown,,,0.062499046325683594,,,,,,,128,,,,
topk,unknown,,,0.062499046325683594,,,,,,,128,,,,
topk,unknown,,,0.062499046325683594,,,,,,,128,,,,
topk,unknown,,,0.062499046325683594,,,,,,,128,,,,
topk,unknown,,,0.062499046325683594,,,,,,,128,,,,
topk,unknown,,,0.062499046325683594,,,,,,,128,,,,
topk,unknown,,,0.062499046325683594,,,,,,,128,,,,
topk,unknown,,,0.062499046325683594,,,,,,,128,,,,
topk,unknown,,,0.062499046325683594,,,,,,,128,,,,
topk,unknown,,,0.062499046325683594,,,,,,,128,,,,
topk,unknown,,,0.062499046325683594,,,,,,,128,,,,
topk,unknown,,,0.062499046325683594,,,,,,,512,,,,
topk,unknown,,,0.062499046325683594,,,,,,,512,,,,
topk,unknown,,,0.062499046325683594,,,,,,,512,,,,
topk,unknown,,,0.062499046325683594,,,,,,,512,,,,
topk,unknown,,,0.062499046325683594,,,,,,,512,,,,
topk,unknown,,,0.062499046325683594,,,,,,,512,,,,
topk,unknown,,,0.062499046325683594,,,,,,,512,,,,
topk,unknown,,,0.062499046325683594,,,,,,,512,,,,
topk,unknown,,,0.062499046325683594,,,,,,,512,,,,
topk,unknown,,,0.062499046325683594,,,,,,,512,,,,
topk,unknown,,,0.062499046325683594,,,,,,,512,,,,
topk,unknown,,,0.062499046325683594,,,,,,,128,,,,
topk,unknown,,,0.062499046325683594,,,,,,,128,,,,
topk,unknown,,,0.062499046325683594,,,,,,,128,,,,
topk,unknown,,,0.062499046325683594,,,,,,,128,,,,
topk,unknown,,,0.062499046325683594,,,,,,,128,,,,
topk,unknown,,,0.062499046325683594,,,,,,,128,,,,
topk,unknown,,,0.062499046325683594,,,,,,,128,,,,
topk,unknown,,,0.062499046325683594,,,,,,,128,,,,
topk,unknown,,,0.062499046325683594,,,,,,,128,,,,
topk,unknown,,,0.062499046325683594,,,,,,,128,,,,
topk,unknown,,,0.062499046325683594,,,,,,,128,,,,
topk,unknown,,,0.062499046325683594,,,,,,,512,,,,
topk,unknown,,,0.062499046325683594,,,,,,,512,,,,
topk,unknown,,,0.062499046325683594,,,,,,,512,,,,
topk,unknown,,,0.062499046325683594,,,,,,,512,,,,
topk,unknown,,,0.062499046325683594,,,,,,,512,,,,
topk,unknown,,,0.062499046325683594,,,,,,,512,,,,
topk,unknown,,,0.062499046325683594,,,,,,,512,,,,
topk,unknown,,,0.062499046325683594,,,,,,,512,,,,
topk,unknown,,,0.062499046325683594,,,,,,,512,,,,
topk,unknown,,,0.062499046325683594,,,,,,,512,,,,
topk,unknown,,,0.062499046325683594,,,,,,,512,,,,
topk,unknown,,,0.062499046325683594,,,,,,,512,,,,
topk,unknown,,,0.062499046325683594,,,,,,,512,,,,
topk,unknown,,,0.062499046325683594,,,,,,,512,,,,
topk,unknown,,,0.062499046325683594,,,,,,,512,,,,
topk,unknown,,,0.062499046325683594,,,,,,,512,,,,
topk,unknown,,,0.062499046325683594,,,,,,,512,,,,
topk,unknown,,,0.062499046325683594,,,,,,,512,,,,
topk,unknown,,,0.062499046325683594,,,,,,,512,,,,
topk,unknown,,,0.062499046325683594,,,,,,,512,,,,
topk,unknown,,,0.062499046325683594,,,,,,,512,,,,
topk,unknown,,,0.062499046325683594,,,,,,,512,,,,
topk,unknown,,,0.01914425566792488,,,,,,,512,,,,
topk,unknown,,,0.01914425566792488,,,,,,,512,,,,
topk,unknown,,,0.01914425566792488,,,,,,,512,,,,
topk,unknown,,,0.01914425566792488,,,,,,,512,,,,
topk,unknown,,,0.01914425566792488,,,,,,,512,,,,
topk,unknown,,,0.01914425566792488,,,,,,,512,,,,
topk,unknown,,,0.01914425566792488,,,,,,,512,,,,
topk,unknown,,,0.01914425566792488,,,,,,,512,,,,
topk,unknown,,,0.01914425566792488,,,,,,,512,,,,
topk,unknown,,,0.01914425566792488,,,,,,,512,,,,
topk,unknown,,,0.01914425566792488,,,,,,,512,,,,
topk,unknown,,,0.01914425566792488,,,,,,,256,,,,
topk,unknown,,,0.01914425566792488,,,,,,,256,,,,
topk,unknown,,,0.01914425566792488,,,,,,,256,,,,
topk,unknown,,,0.01914425566792488,,,,,,,256,,,,
topk,unknown,,,0.01914425566792488,,,,,,,256,,,,
topk,unknown,,,0.01914425566792488,,,,,,,256,,,,
topk,unknown,,,0.01914425566792488,,,,,,,256,,,,
topk,unknown,,,0.01914425566792488,,,,,,,256,,,,
topk,unknown,,,0.01914425566792488,,,,,,,256,,,,
topk,unknown,,,0.01914425566792488,,,,,,,256,,,,
topk,unknown,,,0.01914425566792488,,,,,,,256,,,,
topk,unknown,,,0.01914425566792488,,,,,,,128,,,,
topk,unknown,,,0.01914425566792488,,,,,,,128,,,,
topk,unknown,,,0.01914425566792488,,,,,,,128,,,,
topk,unknown,,,0.01914425566792488,,,,,,,128,,,,
topk,unknown,,,0.01914425566792488,,,,,,,128,,,,
topk,unknown,,,0.01914425566792488,,,,,,,128,,,,
topk,unknown,,,0.01914425566792488,,,,,,,128,,,,
topk,unknown,,,0.01914425566792488,,,,,,,128,,,,
topk,unknown,,,0.01914425566792488,,,,,,,128,,,,
topk,unknown,,,0.01914425566792488,,,,,,,128,,,,
topk,unknown,,,0.01914425566792488,,,,,,,128,,,,
topk,unknown,,,0.01914425566792488,,,,,,,256,,,,
topk,unknown,,,0.01914425566792488,,,,,,,256,,,,
topk,unknown,,,0.01914425566792488,,,,,,,256,,,,
topk,unknown,,,0.01914425566792488,,,,,,,256,,,,
topk,unknown,,,0.01914425566792488,,,,,,,256,,,,
topk,unknown,,,0.01914425566792488,,,,,,,256,,,,
topk,unknown,,,0.01914425566792488,,,,,,,256,,,,
topk,unknown,,,0.01914425566792488,,,,,,,256,,,,
topk,unknown,,,0.01914425566792488,,,,,,,256,,,,
topk,unknown,,,0.01914425566792488,,,,,,,256,,,,
topk,unknown,,,0.01914425566792488,,,,,,,256,,,,
topk,unknown,,,0.01914425566792488,,,,,,,256,,,,
topk,unknown,,,0.01914425566792488,,,,,,,256,,,,
topk,unknown,,,0.01914425566792488,,,,,,,256,,,,
topk,unknown,,,0.01914425566792488,,,,,,,256,,,,
topk,unknown,,,0.01914425566792488,,,,,,,256,,,,
topk,unknown,,,0.01914425566792488,,,,,,,256,,,,
topk,unknown,,,0.01914425566792488,,,,,,,256,,,,
topk,unknown,,,0.01914425566792488,,,,,,,256,,,,
topk,unknown,,,0.01914425566792488,,,,,,,256,,,,
topk,unknown,,,0.01914425566792488,,,,,,,256,,,,
topk,unknown,,,0.01914425566792488,,,,,,,256,,,,
topk,unknown,,,0.01914425566792488,,,,,,,256,,,,
topk,unknown,,,0.01914425566792488,,,,,,,256,,,,
topk,unknown,,,0.01914425566792488,,,,,,,256,,,,
topk,unknown,,,0.01914425566792488,,,,,,,256,,,,
topk,unknown,,,0.01914425566792488,,,,,,,256,,,,
topk,unknown,,,0.01914425566792488,,,,,,,256,,,,
topk,unknown,,,0.01914425566792488,,,,,,,256,,,,
topk,unknown,,,0.01914425566792488,,,,,,,256,,,,
topk,unknown,,,0.01914425566792488,,,,,,,256,,,,
topk,unknown,,,0.01914425566792488,,,,,,,256,,,,
topk,unknown,,,0.01914425566792488,,,,,,,256,,,,
topk,unknown,,,0.01914425566792488,,,,,,,128,,,,
topk,unknown,,,0.01914425566792488,,,,,,,128,,,,
topk,unknown,,,0.01914425566792488,,,,,,,128,,,,
topk,unknown,,,0.01914425566792488,,,,,,,128,,,,
topk,unknown,,,0.01914425566792488,,,,,,,128,,,,
topk,unknown,,,0.01914425566792488,,,,,,,128,,,,
topk,unknown,,,0.01914425566792488,,,,,,,128,,,,
topk,unknown,,,0.01914425566792488,,,,,,,128,,,,
topk,unknown,,,0.01914425566792488,,,,,,,128,,,,
topk,unknown,,,0.01914425566792488,,,,,,,128,,,,
topk,unknown,,,0.01914425566792488,,,,,,,128,,,,
topk,unknown,,,0.01914425566792488,,,,,,,512,,,,
topk,unknown,,,0.01914425566792488,,,,,,,512,,,,
topk,unknown,,,0.01914425566792488,,,,,,,512,,,,
topk,unknown,,,0.01914425566792488,,,,,,,512,,,,
topk,unknown,,,0.01914425566792488,,,,,,,512,,,,
topk,unknown,,,0.01914425566792488,,,,,,,512,,,,
topk,unknown,,,0.01914425566792488,,,,,,,512,,,,
topk,unknown,,,0.01914425566792488,,,,,,,512,,,,
topk,unknown,,,0.01914425566792488,,,,,,,512,,,,
topk,unknown,,,0.01914425566792488,,,,,,,512,,,,
topk,unknown,,,0.01914425566792488,,,,,,,512,,,,
topk,unknown,,,0.01914425566792488,,,,,,,128,,,,
topk,unknown,,,0.01914425566792488,,,,,,,128,,,,
topk,unknown,,,0.01914425566792488,,,,,,,128,,,,
topk,unknown,,,0.01914425566792488,,,,,,,128,,,,
topk,unknown,,,0.01914425566792488,,,,,,,128,,,,
topk,unknown,,,0.01914425566792488,,,,,,,128,,,,
topk,unknown,,,0.01914425566792488,,,,,,,128,,,,
topk,unknown,,,0.01914425566792488,,,,,,,128,,,,
topk,unknown,,,0.01914425566792488,,,,,,,128,,,,
topk,unknown,,,0.01914425566792488,,,,,,,128,,,,
topk,unknown,,,0.01914425566792488,,,,,,,128,,,,
topk,unknown,,,0.01914425566792488,,,,,,,512,,,,
topk,unknown,,,0.01914425566792488,,,,,,,512,,,,
topk,unknown,,,0.01914425566792488,,,,,,,512,,,,
topk,unknown,,,0.01914425566792488,,,,,,,512,,,,
topk,unknown,,,0.01914425566792488,,,,,,,512,,,,
topk,unknown,,,0.01914425566792488,,,,,,,512,,,,
topk,unknown,,,0.01914425566792488,,,,,,,512,,,,
topk,unknown,,,0.01914425566792488,,,,,,,512,,,,
topk,unknown,,,0.01914425566792488,,,,,,,512,,,,
topk,unknown,,,0.01914425566792488,,,,,,,512,,,,
topk,unknown,,,0.01914425566792488,,,,,,,512,,,,
topk,unknown,,,0.01914425566792488,,,,,,,512,,,,
topk,unknown,,,0.01914425566792488,,,,,,,512,,,,
topk,unknown,,,0.01914425566792488,,,,,,,512,,,,
topk,unknown,,,0.01914425566792488,,,,,,,512,,,,
topk,unknown,,,0.01914425566792488,,,,,,,512,,,,
topk,unknown,,,0.01914425566792488,,,,,,,512,,,,
topk,unknown,,,0.01914425566792488,,,,,,,512,,,,
topk,unknown,,,0.01914425566792488,,,,,,,512,,,,
topk,unknown,,,0.01914425566792488,,,,,,,512,,,,
topk,unknown,,,0.01914425566792488,,,,,,,512,,,,
topk,unknown,,,0.01914425566792488,,,,,,,512,,,,
topk,unknown,,,0.12498950958251953,,,,,,,512,,,,
topk,unknown,,,0.12498950958251953,,,,,,,512,,,,
topk,unknown,,,0.12498950958251953,,,,,,,512,,,,
topk,unknown,,,0.12498950958251953,,,,,,,512,,,,
topk,unknown,,,0.12498950958251953,,,,,,,512,,,,
topk,unknown,,,0.12498950958251953,,,,,,,512,,,,
topk,unknown,,,0.12498950958251953,,,,,,,512,,,,
topk,unknown,,,0.12498950958251953,,,,,,,512,,,,
topk,unknown,,,0.12498950958251953,,,,,,,512,,,,
topk,unknown,,,0.12498950958251953,,,,,,,512,,,,
topk,unknown,,,0.12498950958251953,,,,,,,512,,,,
topk,unknown,,,0.12498950958251953,,,,,,,256,,,,
topk,unknown,,,0.12498950958251953,,,,,,,256,,,,
topk,unknown,,,0.12498950958251953,,,,,,,256,,,,
topk,unknown,,,0.12498950958251953,,,,,,,256,,,,
topk,unknown,,,0.12498950958251953,,,,,,,256,,,,
topk,unknown,,,0.12498950958251953,,,,,,,256,,,,
topk,unknown,,,0.12498950958251953,,,,,,,256,,,,
topk,unknown,,,0.12498950958251953,,,,,,,256,,,,
topk,unknown,,,0.12498950958251953,,,,,,,256,,,,
topk,unknown,,,0.12498950958251953,,,,,,,256,,,,
topk,unknown,,,0.12498950958251953,,,,,,,256,,,,
topk,unknown,,,0.12498950958251953,,,,,,,128,,,,
topk,unknown,,,0.12498950958251953,,,,,,,128,,,,
topk,unknown,,,0.12498950958251953,,,,,,,128,,,,
topk,unknown,,,0.12498950958251953,,,,,,,128,,,,
topk,unknown,,,0.12498950958251953,,,,,,,128,,,,
topk,unknown,,,0.12498950958251953,,,,,,,128,,,,
topk,unknown,,,0.12498950958251953,,,,,,,128,,,,
topk,unknown,,,0.12498950958251953,,,,,,,128,,,,
topk,unknown,,,0.12498950958251953,,,,,,,128,,,,
topk,unknown,,,0.12498950958251953,,,,,,,128,,,,
topk,unknown,,,0.12498950958251953,,,,,,,128,,,,
topk,unknown,,,0.12498950958251953,,,,,,,256,,,,
topk,unknown,,,0.12498950958251953,,,,,,,256,,,,
topk,unknown,,,0.12498950958251953,,,,,,,256,,,,
topk,unknown,,,0.12498950958251953,,,,,,,256,,,,
topk,unknown,,,0.12498950958251953,,,,,,,256,,,,
topk,unknown,,,0.12498950958251953,,,,,,,256,,,,
topk,unknown,,,0.12498950958251953,,,,,,,256,,,,
topk,unknown,,,0.12498950958251953,,,,,,,256,,,,
topk,unknown,,,0.12498950958251953,,,,,,,256,,,,
topk,unknown,,,0.12498950958251953,,,,,,,256,,,,
topk,unknown,,,0.12498950958251953,,,,,,,256,,,,
topk,unknown,,,0.12498950958251953,,,,,,,256,,,,
topk,unknown,,,0.12498950958251953,,,,,,,256,,,,
topk,unknown,,,0.12498950958251953,,,,,,,256,,,,
topk,unknown,,,0.12498950958251953,,,,,,,256,,,,
topk,unknown,,,0.12498950958251953,,,,,,,256,,,,
topk,unknown,,,0.12498950958251953,,,,,,,256,,,,
topk,unknown,,,0.12498950958251953,,,,,,,256,,,,
topk,unknown,,,0.12498950958251953,,,,,,,256,,,,
topk,unknown,,,0.12498950958251953,,,,,,,256,,,,
topk,unknown,,,0.12498950958251953,,,,,,,256,,,,
topk,unknown,,,0.12498950958251953,,,,,,,256,,,,
topk,unknown,,,0.12498950958251953,,,,,,,256,,,,
topk,unknown,,,0.12498950958251953,,,,,,,256,,,,
topk,unknown,,,0.12498950958251953,,,,,,,256,,,,
topk,unknown,,,0.12498950958251953,,,,,,,256,,,,
topk,unknown,,,0.12498950958251953,,,,,,,256,,,,
topk,unknown,,,0.12498950958251953,,,,,,,256,,,,
topk,unknown,,,0.12498950958251953,,,,,,,256,,,,
topk,unknown,,,0.12498950958251953,,,,,,,256,,,,
topk,unknown,,,0.12498950958251953,,,,,,,256,,,,
topk,unknown,,,0.12498950958251953,,,,,,,256,,,,
topk,unknown,,,0.12498950958251953,,,,,,,256,,,,
topk,unknown,,,0.12498950958251953,,,,,,,128,,,,
topk,unknown,,,0.12498950958251953,,,,,,,128,,,,
topk,unknown,,,0.12498950958251953,,,,,,,128,,,,
topk,unknown,,,0.12498950958251953,,,,,,,128,,,,
topk,unknown,,,0.12498950958251953,,,,,,,128,,,,
topk,unknown,,,0.12498950958251953,,,,,,,128,,,,
topk,unknown,,,0.12498950958251953,,,,,,,128,,,,
topk,unknown,,,0.12498950958251953,,,,,,,128,,,,
topk,unknown,,,0.12498950958251953,,,,,,,128,,,,
topk,unknown,,,0.12498950958251953,,,,,,,128,,,,
topk,unknown,,,0.12498950958251953,,,,,,,128,,,,
topk,unknown,,,0.12498950958251953,,,,,,,512,,,,
topk,unknown,,,0.12498950958251953,,,,,,,512,,,,
topk,unknown,,,0.12498950958251953,,,,,,,512,,,,
topk,unknown,,,0.12498950958251953,,,,,,,512,,,,
topk,unknown,,,0.12498950958251953,,,,,,,512,,,,
topk,unknown,,,0.12498950958251953,,,,,,,512,,,,
topk,unknown,,,0.12498950958251953,,,,,,,512,,,,
topk,unknown,,,0.12498950958251953,,,,,,,512,,,,
topk,unknown,,,0.12498950958251953,,,,,,,512,,,,
topk,unknown,,,0.12498950958251953,,,,,,,512,,,,
topk,unknown,,,0.12498950958251953,,,,,,,512,,,,
topk,unknown,,,0.12498950958251953,,,,,,,128,,,,
topk,unknown,,,0.12498950958251953,,,,,,,128,,,,
topk,unknown,,,0.12498950958251953,,,,,,,128,,,,
topk,unknown,,,0.12498950958251953,,,,,,,128,,,,
topk,unknown,,,0.12498950958251953,,,,,,,128,,,,
topk,unknown,,,0.12498950958251953,,,,,,,128,,,,
topk,unknown,,,0.12498950958251953,,,,,,,128,,,,
topk,unknown,,,0.12498950958251953,,,,,,,128,,,,
topk,unknown,,,0.12498950958251953,,,,,,,128,,,,
topk,unknown,,,0.12498950958251953,,,,,,,128,,,,
topk,unknown,,,0.12498950958251953,,,,,,,128,,,,
topk,unknown,,,0.12498950958251953,,,,,,,512,,,,
topk,unknown,,,0.12498950958251953,,,,,,,512,,,,
topk,unknown,,,0.12498950958251953,,,,,,,512,,,,
topk,unknown,,,0.12498950958251953,,,,,,,512,,,,
topk,unknown,,,0.12498950958251953,,,,,,,512,,,,
topk,unknown,,,0.12498950958251953,,,,,,,512,,,,
topk,unknown,,,0.12498950958251953,,,,,,,512,,,,
topk,unknown,,,0.12498950958251953,,,,,,,512,,,,
topk,unknown,,,0.12498950958251953,,,,,,,512,,,,
topk,unknown,,,0.12498950958251953,,,,,,,512,,,,
topk,unknown,,,0.12498950958251953,,,,,,,512,,,,
topk,unknown,,,0.12498950958251953,,,,,,,512,,,,
topk,unknown,,,0.12498950958251953,,,,,,,512,,,,
topk,unknown,,,0.12498950958251953,,,,,,,512,,,,
topk,unknown,,,0.12498950958251953,,,,,,,512,,,,
topk,unknown,,,0.12498950958251953,,,,,,,512,,,,
topk,unknown,,,0.12498950958251953,,,,,,,512,,,,
topk,unknown,,,0.12498950958251953,,,,,,,512,,,,
topk,unknown,,,0.12498950958251953,,,,,,,512,,,,
topk,unknown,,,0.12498950958251953,,,,,,,512,,,,
topk,unknown,,,0.12498950958251953,,,,,,,512,,,,
topk,unknown,,,0.12498950958251953,,,,,,,512,,,,
topk,unknown,,,0.03118886612355709,,,,,,,512,,,,
topk,unknown,,,0.03118886612355709,,,,,,,512,,,,
topk,unknown,,,0.03118886612355709,,,,,,,512,,,,
topk,unknown,,,0.03118886612355709,,,,,,,512,,,,
topk,unknown,,,0.03118886612355709,,,,,,,512,,,,
topk,unknown,,,0.03118886612355709,,,,,,,512,,,,
topk,unknown,,,0.03118886612355709,,,,,,,512,,,,
topk,unknown,,,0.03118886612355709,,,,,,,512,,,,
topk,unknown,,,0.03118886612355709,,,,,,,512,,,,
topk,unknown,,,0.03118886612355709,,,,,,,512,,,,
topk,unknown,,,0.03118886612355709,,,,,,,512,,,,
topk,unknown,,,0.03118886612355709,,,,,,,256,,,,
topk,unknown,,,0.03118886612355709,,,,,,,256,,,,
topk,unknown,,,0.03118886612355709,,,,,,,256,,,,
topk,unknown,,,0.03118886612355709,,,,,,,256,,,,
topk,unknown,,,0.03118886612355709,,,,,,,256,,,,
topk,unknown,,,0.03118886612355709,,,,,,,256,,,,
topk,unknown,,,0.03118886612355709,,,,,,,256,,,,
topk,unknown,,,0.03118886612355709,,,,,,,256,,,,
topk,unknown,,,0.03118886612355709,,,,,,,256,,,,
topk,unknown,,,0.03118886612355709,,,,,,,256,,,,
topk,unknown,,,0.03118886612355709,,,,,,,256,,,,
topk,unknown,,,0.03118886612355709,,,,,,,128,,,,
topk,unknown,,,0.03118886612355709,,,,,,,128,,,,
topk,unknown,,,0.03118886612355709,,,,,,,128,,,,
topk,unknown,,,0.03118886612355709,,,,,,,128,,,,
topk,unknown,,,0.03118886612355709,,,,,,,128,,,,
topk,unknown,,,0.03118886612355709,,,,,,,128,,,,
topk,unknown,,,0.03118886612355709,,,,,,,128,,,,
topk,unknown,,,0.03118886612355709,,,,,,,128,,,,
topk,unknown,,,0.03118886612355709,,,,,,,128,,,,
topk,unknown,,,0.03118886612355709,,,,,,,128,,,,
topk,unknown,,,0.03118886612355709,,,,,,,128,,,,
topk,unknown,,,0.03118886612355709,,,,,,,256,,,,
topk,unknown,,,0.03118886612355709,,,,,,,256,,,,
topk,unknown,,,0.03118886612355709,,,,,,,256,,,,
topk,unknown,,,0.03118886612355709,,,,,,,256,,,,
topk,unknown,,,0.03118886612355709,,,,,,,256,,,,
topk,unknown,,,0.03118886612355709,,,,,,,256,,,,
topk,unknown,,,0.03118886612355709,,,,,,,256,,,,
topk,unknown,,,0.03118886612355709,,,,,,,256,,,,
topk,unknown,,,0.03118886612355709,,,,,,,256,,,,
topk,unknown,,,0.03118886612355709,,,,,,,256,,,,
topk,unknown,,,0.03118886612355709,,,,,,,256,,,,
topk,unknown,,,0.03118886612355709,,,,,,,256,,,,
topk,unknown,,,0.03118886612355709,,,,,,,256,,,,
topk,unknown,,,0.03118886612355709,,,,,,,256,,,,
topk,unknown,,,0.03118886612355709,,,,,,,256,,,,
topk,unknown,,,0.03118886612355709,,,,,,,256,,,,
topk,unknown,,,0.03118886612355709,,,,,,,256,,,,
topk,unknown,,,0.03118886612355709,,,,,,,256,,,,
topk,unknown,,,0.03118886612355709,,,,,,,256,,,,
topk,unknown,,,0.03118886612355709,,,,,,,256,,,,
topk,unknown,,,0.03118886612355709,,,,,,,256,,,,
topk,unknown,,,0.03118886612355709,,,,,,,256,,,,
topk,unknown,,,0.03118886612355709,,,,,,,256,,,,
topk,unknown,,,0.03118886612355709,,,,,,,256,,,,
topk,unknown,,,0.03118886612355709,,,,,,,256,,,,
topk,unknown,,,0.03118886612355709,,,,,,,256,,,,
topk,unknown,,,0.03118886612355709,,,,,,,256,,,,
topk,unknown,,,0.03118886612355709,,,,,,,256,,,,
topk,unknown,,,0.03118886612355709,,,,,,,256,,,,
topk,unknown,,,0.03118886612355709,,,,,,,256,,,,
topk,unknown,,,0.03118886612355709,,,,,,,256,,,,
topk,unknown,,,0.03118886612355709,,,,,,,256,,,,
topk,unknown,,,0.03118886612355709,,,,,,,256,,,,
topk,unknown,,,0.03118886612355709,,,,,,,128,,,,
topk,unknown,,,0.03118886612355709,,,,,,,128,,,,
topk,unknown,,,0.03118886612355709,,,,,,,128,,,,
topk,unknown,,,0.03118886612355709,,,,,,,128,,,,
topk,unknown,,,0.03118886612355709,,,,,,,128,,,,
topk,unknown,,,0.03118886612355709,,,,,,,128,,,,
topk,unknown,,,0.03118886612355709,,,,,,,128,,,,
topk,unknown,,,0.03118886612355709,,,,,,,128,,,,
topk,unknown,,,0.03118886612355709,,,,,,,128,,,,
topk,unknown,,,0.03118886612355709,,,,,,,128,,,,
topk,unknown,,,0.03118886612355709,,,,,,,128,,,,
topk,unknown,,,0.03118886612355709,,,,,,,512,,,,
topk,unknown,,,0.03118886612355709,,,,,,,512,,,,
topk,unknown,,,0.03118886612355709,,,,,,,512,,,,
topk,unknown,,,0.03118886612355709,,,,,,,512,,,,
topk,unknown,,,0.03118886612355709,,,,,,,512,,,,
topk,unknown,,,0.03118886612355709,,,,,,,512,,,,
topk,unknown,,,0.03118886612355709,,,,,,,512,,,,
topk,unknown,,,0.03118886612355709,,,,,,,512,,,,
topk,unknown,,,0.03118886612355709,,,,,,,512,,,,
topk,unknown,,,0.03118886612355709,,,,,,,512,,,,
topk,unknown,,,0.03118886612355709,,,,,,,512,,,,
topk,unknown,,,0.03118886612355709,,,,,,,128,,,,
topk,unknown,,,0.03118886612355709,,,,,,,128,,,,
topk,unknown,,,0.03118886612355709,,,,,,,128,,,,
topk,unknown,,,0.03118886612355709,,,,,,,128,,,,
topk,unknown,,,0.03118886612355709,,,,,,,128,,,,
topk,unknown,,,0.03118886612355709,,,,,,,128,,,,
topk,unknown,,,0.03118886612355709,,,,,,,128,,,,
topk,unknown,,,0.03118886612355709,,,,,,,128,,,,
topk,unknown,,,0.03118886612355709,,,,,,,128,,,,
topk,unknown,,,0.03118886612355709,,,,,,,128,,,,
topk,unknown,,,0.03118886612355709,,,,,,,128,,,,
topk,unknown,,,0.03118886612355709,,,,,,,512,,,,
topk,unknown,,,0.03118886612355709,,,,,,,512,,,,
topk,unknown,,,0.03118886612355709,,,,,,,512,,,,
topk,unknown,,,0.03118886612355709,,,,,,,512,,,,
topk,unknown,,,0.03118886612355709,,,,,,,512,,,,
topk,unknown,,,0.03118886612355709,,,,,,,512,,,,
topk,unknown,,,0.03118886612355709,,,,,,,512,,,,
topk,unknown,,,0.03118886612355709,,,,,,,512,,,,
topk,unknown,,,0.03118886612355709,,,,,,,512,,,,
topk,unknown,,,0.03118886612355709,,,,,,,512,,,,
topk,unknown,,,0.03118886612355709,,,,,,,512,,,,
topk,unknown,,,0.03118886612355709,,,,,,,512,,,,
topk,unknown,,,0.03118886612355709,,,,,,,512,,,,
topk,unknown,,,0.03118886612355709,,,,,,,512,,,,
topk,unknown,,,0.03118886612355709,,,,,,,512,,,,
topk,unknown,,,0.03118886612355709,,,,,,,512,,,,
topk,unknown,,,0.03118886612355709,,,,,,,512,,,,
topk,unknown,,,0.03118886612355709,,,,,,,512,,,,
topk,unknown,,,0.03118886612355709,,,,,,,512,,,,
topk,unknown,,,0.03118886612355709,,,,,,,512,,,,
topk,unknown,,,0.03118886612355709,,,,,,,512,,,,
topk,unknown,,,0.03118886612355709,,,,,,,512,,,,
topk,unknown,,,0.015625,,,,,,,512,,,,
topk,unknown,,,0.015625,,,,,,,512,,,,
topk,unknown,,,0.015625,,,,,,,512,,,,
topk,unknown,,,0.015625,,,,,,,512,,,,
topk,unknown,,,0.015625,,,,,,,512,,,,
topk,unknown,,,0.015625,,,,,,,512,,,,
topk,unknown,,,0.015625,,,,,,,512,,,,
topk,unknown,,,0.015625,,,,,,,512,,,,
topk,unknown,,,0.015625,,,,,,,512,,,,
topk,unknown,,,0.015625,,,,,,,512,,,,
topk,unknown,,,0.015625,,,,,,,512,,,,
topk,unknown,,,0.015625,,,,,,,256,,,,
topk,unknown,,,0.015625,,,,,,,256,,,,
topk,unknown,,,0.015625,,,,,,,256,,,,
topk,unknown,,,0.015625,,,,,,,256,,,,
topk,unknown,,,0.015625,,,,,,,256,,,,
topk,unknown,,,0.015625,,,,,,,256,,,,
topk,unknown,,,0.015625,,,,,,,256,,,,
topk,unknown,,,0.015625,,,,,,,256,,,,
topk,unknown,,,0.015625,,,,,,,256,,,,
topk,unknown,,,0.015625,,,,,,,256,,,,
topk,unknown,,,0.015625,,,,,,,256,,,,
topk,unknown,,,0.015625,,,,,,,128,,,,
topk,unknown,,,0.015625,,,,,,,128,,,,
topk,unknown,,,0.015625,,,,,,,128,,,,
topk,unknown,,,0.015625,,,,,,,128,,,,
topk,unknown,,,0.015625,,,,,,,128,,,,
topk,unknown,,,0.015625,,,,,,,128,,,,
topk,unknown,,,0.015625,,,,,,,128,,,,
topk,unknown,,,0.015625,,,,,,,128,,,,
topk,unknown,,,0.015625,,,,,,,128,,,,
topk,unknown,,,0.015625,,,,,,,128,,,,
topk,unknown,,,0.015625,,,,,,,128,,,,
topk,unknown,,,0.015625,,,,,,,256,,,,
topk,unknown,,,0.015625,,,,,,,256,,,,
topk,unknown,,,0.015625,,,,,,,256,,,,
topk,unknown,,,0.015625,,,,,,,256,,,,
topk,unknown,,,0.015625,,,,,,,256,,,,
topk,unknown,,,0.015625,,,,,,,256,,,,
topk,unknown,,,0.015625,,,,,,,256,,,,
topk,unknown,,,0.015625,,,,,,,256,,,,
topk,unknown,,,0.015625,,,,,,,256,,,,
topk,unknown,,,0.015625,,,,,,,256,,,,
topk,unknown,,,0.015625,,,,,,,256,,,,
topk,unknown,,,0.015625,,,,,,,256,,,,
topk,unknown,,,0.015625,,,,,,,256,,,,
topk,unknown,,,0.015625,,,,,,,256,,,,
topk,unknown,,,0.015625,,,,,,,256,,,,
topk,unknown,,,0.015625,,,,,,,256,,,,
topk,unknown,,,0.015625,,,,,,,256,,,,
topk,unknown,,,0.015625,,,,,,,256,,,,
topk,unknown,,,0.015625,,,,,,,256,,,,
topk,unknown,,,0.015625,,,,,,,256,,,,
topk,unknown,,,0.015625,,,,,,,256,,,,
topk,unknown,,,0.015625,,,,,,,256,,,,
topk,unknown,,,0.015625,,,,,,,256,,,,
topk,unknown,,,0.015625,,,,,,,256,,,,
topk,unknown,,,0.015625,,,,,,,256,,,,
topk,unknown,,,0.015625,,,,,,,256,,,,
topk,unknown,,,0.015625,,,,,,,256,,,,
topk,unknown,,,0.015625,,,,,,,256,,,,
topk,unknown,,,0.015625,,,,,,,256,,,,
topk,unknown,,,0.015625,,,,,,,256,,,,
topk,unknown,,,0.015625,,,,,,,256,,,,
topk,unknown,,,0.015625,,,,,,,256,,,,
topk,unknown,,,0.015625,,,,,,,256,,,,
topk,unknown,,,0.015625,,,,,,,128,,,,
topk,unknown,,,0.015625,,,,,,,128,,,,
topk,unknown,,,0.015625,,,,,,,128,,,,
topk,unknown,,,0.015625,,,,,,,128,,,,
topk,unknown,,,0.015625,,,,,,,128,,,,
topk,unknown,,,0.015625,,,,,,,128,,,,
topk,unknown,,,0.015625,,,,,,,128,,,,
topk,unknown,,,0.015625,,,,,,,128,,,,
topk,unknown,,,0.015625,,,,,,,128,,,,
topk,unknown,,,0.015625,,,,,,,128,,,,
topk,unknown,,,0.015625,,,,,,,128,,,,
topk,unknown,,,0.015625,,,,,,,512,,,,
topk,unknown,,,0.015625,,,,,,,512,,,,
topk,unknown,,,0.015625,,,,,,,512,,,,
topk,unknown,,,0.015625,,,,,,,512,,,,
topk,unknown,,,0.015625,,,,,,,512,,,,
topk,unknown,,,0.015625,,,,,,,512,,,,
topk,unknown,,,0.015625,,,,,,,512,,,,
topk,unknown,,,0.015625,,,,,,,512,,,,
topk,unknown,,,0.015625,,,,,,,512,,,,
topk,unknown,,,0.015625,,,,,,,512,,,,
topk,unknown,,,0.015625,,,,,,,512,,,,
topk,unknown,,,0.015625,,,,,,,128,,,,
topk,unknown,,,0.015625,,,,,,,128,,,,
topk,unknown,,,0.015625,,,,,,,128,,,,
topk,unknown,,,0.015625,,,,,,,128,,,,
topk,unknown,,,0.015625,,,,,,,128,,,,
topk,unknown,,,0.015625,,,,,,,128,,,,
topk,unknown,,,0.015625,,,,,,,128,,,,
topk,unknown,,,0.015625,,,,,,,128,,,,
topk,unknown,,,0.015625,,,,,,,128,,,,
topk,unknown,,,0.015625,,,,,,,128,,,,
topk,unknown,,,0.015625,,,,,,,128,,,,
topk,unknown,,,0.015625,,,,,,,512,,,,
topk,unknown,,,0.015625,,,,,,,512,,,,
topk,unknown,,,0.015625,,,,,,,512,,,,
topk,unknown,,,0.015625,,,,,,,512,,,,
topk,unknown,,,0.015625,,,,,,,512,,,,
topk,unknown,,,0.015625,,,,,,,512,,,,
topk,unknown,,,0.015625,,,,,,,512,,,,
topk,unknown,,,0.015625,,,,,,,512,,,,
topk,unknown,,,0.015625,,,,,,,512,,,,
topk,unknown,,,0.015625,,,,,,,512,,,,
topk,unknown,,,0.015625,,,,,,,512,,,,
topk,unknown,,,0.015625,,,,,,,512,,,,
topk,unknown,,,0.015625,,,,,,,512,,,,
topk,unknown,,,0.015625,,,,,,,512,,,,
topk,unknown,,,0.015625,,,,,,,512,,,,
topk,unknown,,,0.015625,,,,,,,512,,,,
topk,unknown,,,0.015625,,,,,,,512,,,,
topk,unknown,,,0.015625,,,,,,,512,,,,
topk,unknown,,,0.015625,,,,,,,512,,,,
topk,unknown,,,0.015625,,,,,,,512,,,,
topk,unknown,,,0.015625,,,,,,,512,,,,
topk,unknown,,,0.015625,,,,,,,512,,,,
topk,unknown,,,0.11282046139240265,,,,,,,512,,,,
topk,unknown,,,0.11282046139240265,,,,,,,512,,,,
topk,unknown,,,0.11282046139240265,,,,,,,512,,,,
topk,unknown,,,0.11282046139240265,,,,,,,512,,,,
topk,unknown,,,0.11282046139240265,,,,,,,512,,,,
topk,unknown,,,0.11282046139240265,,,,,,,512,,,,
topk,unknown,,,0.11282046139240265,,,,,,,512,,,,
topk,unknown,,,0.11282046139240265,,,,,,,512,,,,
topk,unknown,,,0.11282046139240265,,,,,,,512,,,,
topk,unknown,,,0.11282046139240265,,,,,,,512,,,,
topk,unknown,,,0.11282046139240265,,,,,,,512,,,,
topk,unknown,,,0.11282046139240265,,,,,,,256,,,,
topk,unknown,,,0.11282046139240265,,,,,,,256,,,,
topk,unknown,,,0.11282046139240265,,,,,,,256,,,,
topk,unknown,,,0.11282046139240265,,,,,,,256,,,,
topk,unknown,,,0.11282046139240265,,,,,,,256,,,,
topk,unknown,,,0.11282046139240265,,,,,,,256,,,,
topk,unknown,,,0.11282046139240265,,,,,,,256,,,,
topk,unknown,,,0.11282046139240265,,,,,,,256,,,,
topk,unknown,,,0.11282046139240265,,,,,,,256,,,,
topk,unknown,,,0.11282046139240265,,,,,,,256,,,,
topk,unknown,,,0.11282046139240265,,,,,,,256,,,,
topk,unknown,,,0.11282046139240265,,,,,,,128,,,,
topk,unknown,,,0.11282046139240265,,,,,,,128,,,,
topk,unknown,,,0.11282046139240265,,,,,,,128,,,,
topk,unknown,,,0.11282046139240265,,,,,,,128,,,,
topk,unknown,,,0.11282046139240265,,,,,,,128,,,,
topk,unknown,,,0.11282046139240265,,,,,,,128,,,,
topk,unknown,,,0.11282046139240265,,,,,,,128,,,,
topk,unknown,,,0.11282046139240265,,,,,,,128,,,,
topk,unknown,,,0.11282046139240265,,,,,,,128,,,,
topk,unknown,,,0.11282046139240265,,,,,,,128,,,,
topk,unknown,,,0.11282046139240265,,,,,,,128,,,,
topk,unknown,,,0.11282046139240265,,,,,,,256,,,,
topk,unknown,,,0.11282046139240265,,,,,,,256,,,,
topk,unknown,,,0.11282046139240265,,,,,,,256,,,,
topk,unknown,,,0.11282046139240265,,,,,,,256,,,,
topk,unknown,,,0.11282046139240265,,,,,,,256,,,,
topk,unknown,,,0.11282046139240265,,,,,,,256,,,,
topk,unknown,,,0.11282046139240265,,,,,,,256,,,,
topk,unknown,,,0.11282046139240265,,,,,,,256,,,,
topk,unknown,,,0.11282046139240265,,,,,,,256,,,,
topk,unknown,,,0.11282046139240265,,,,,,,256,,,,
topk,unknown,,,0.11282046139240265,,,,,,,256,,,,
topk,unknown,,,0.11282046139240265,,,,,,,256,,,,
topk,unknown,,,0.11282046139240265,,,,,,,256,,,,
topk,unknown,,,0.11282046139240265,,,,,,,256,,,,
topk,unknown,,,0.11282046139240265,,,,,,,256,,,,
topk,unknown,,,0.11282046139240265,,,,,,,256,,,,
topk,unknown,,,0.11282046139240265,,,,,,,256,,,,
topk,unknown,,,0.11282046139240265,,,,,,,256,,,,
topk,unknown,,,0.11282046139240265,,,,,,,256,,,,
topk,unknown,,,0.11282046139240265,,,,,,,256,,,,
topk,unknown,,,0.11282046139240265,,,,,,,256,,,,
topk,unknown,,,0.11282046139240265,,,,,,,256,,,,
topk,unknown,,,0.11282046139240265,,,,,,,256,,,,
topk,unknown,,,0.11282046139240265,,,,,,,256,,,,
topk,unknown,,,0.11282046139240265,,,,,,,256,,,,
topk,unknown,,,0.11282046139240265,,,,,,,256,,,,
topk,unknown,,,0.11282046139240265,,,,,,,256,,,,
topk,unknown,,,0.11282046139240265,,,,,,,256,,,,
topk,unknown,,,0.11282046139240265,,,,,,,256,,,,
topk,unknown,,,0.11282046139240265,,,,,,,256,,,,
topk,unknown,,,0.11282046139240265,,,,,,,256,,,,
topk,unknown,,,0.11282046139240265,,,,,,,256,,,,
topk,unknown,,,0.11282046139240265,,,,,,,256,,,,
topk,unknown,,,0.11282046139240265,,,,,,,128,,,,
topk,unknown,,,0.11282046139240265,,,,,,,128,,,,
topk,unknown,,,0.11282046139240265,,,,,,,128,,,,
topk,unknown,,,0.11282046139240265,,,,,,,128,,,,
topk,unknown,,,0.11282046139240265,,,,,,,128,,,,
topk,unknown,,,0.11282046139240265,,,,,,,128,,,,
topk,unknown,,,0.11282046139240265,,,,,,,128,,,,
topk,unknown,,,0.11282046139240265,,,,,,,128,,,,
topk,unknown,,,0.11282046139240265,,,,,,,128,,,,
topk,unknown,,,0.11282046139240265,,,,,,,128,,,,
topk,unknown,,,0.11282046139240265,,,,,,,128,,,,
topk,unknown,,,0.11282046139240265,,,,,,,512,,,,
topk,unknown,,,0.11282046139240265,,,,,,,512,,,,
topk,unknown,,,0.11282046139240265,,,,,,,512,,,,
topk,unknown,,,0.11282046139240265,,,,,,,512,,,,
topk,unknown,,,0.11282046139240265,,,,,,,512,,,,
topk,unknown,,,0.11282046139240265,,,,,,,512,,,,
topk,unknown,,,0.11282046139240265,,,,,,,512,,,,
topk,unknown,,,0.11282046139240265,,,,,,,512,,,,
topk,unknown,,,0.11282046139240265,,,,,,,512,,,,
topk,unknown,,,0.11282046139240265,,,,,,,512,,,,
topk,unknown,,,0.11282046139240265,,,,,,,512,,,,
topk,unknown,,,0.11282046139240265,,,,,,,128,,,,
topk,unknown,,,0.11282046139240265,,,,,,,128,,,,
topk,unknown,,,0.11282046139240265,,,,,,,128,,,,
topk,unknown,,,0.11282046139240265,,,,,,,128,,,,
topk,unknown,,,0.11282046139240265,,,,,,,128,,,,
topk,unknown,,,0.11282046139240265,,,,,,,128,,,,
topk,unknown,,,0.11282046139240265,,,,,,,128,,,,
topk,unknown,,,0.11282046139240265,,,,,,,128,,,,
topk,unknown,,,0.11282046139240265,,,,,,,128,,,,
topk,unknown,,,0.11282046139240265,,,,,,,128,,,,
topk,unknown,,,0.11282046139240265,,,,,,,128,,,,
topk,unknown,,,0.11282046139240265,,,,,,,512,,,,
topk,unknown,,,0.11282046139240265,,,,,,,512,,,,
topk,unknown,,,0.11282046139240265,,,,,,,512,,,,
topk,unknown,,,0.11282046139240265,,,,,,,512,,,,
topk,unknown,,,0.11282046139240265,,,,,,,512,,,,
topk,unknown,,,0.11282046139240265,,,,,,,512,,,,
topk,unknown,,,0.11282046139240265,,,,,,,512,,,,
topk,unknown,,,0.11282046139240265,,,,,,,512,,,,
topk,unknown,,,0.11282046139240265,,,,,,,512,,,,
topk,unknown,,,0.11282046139240265,,,,,,,512,,,,
topk,unknown,,,0.11282046139240265,,,,,,,512,,,,
topk,unknown,,,0.11282046139240265,,,,,,,512,,,,
topk,unknown,,,0.11282046139240265,,,,,,,512,,,,
topk,unknown,,,0.11282046139240265,,,,,,,512,,,,
topk,unknown,,,0.11282046139240265,,,,,,,512,,,,
topk,unknown,,,0.11282046139240265,,,,,,,512,,,,
topk,unknown,,,0.11282046139240265,,,,,,,512,,,,
topk,unknown,,,0.11282046139240265,,,,,,,512,,,,
topk,unknown,,,0.11282046139240265,,,,,,,512,,,,
topk,unknown,,,0.11282046139240265,,,,,,,512,,,,
topk,unknown,,,0.11282046139240265,,,,,,,512,,,,
topk,unknown,,,0.11282046139240265,,,,,,,512,,,,
topk,unknown,,,0.03125,,,,,,,512,,,,
topk,unknown,,,0.03125,,,,,,,512,,,,
topk,unknown,,,0.03125,,,,,,,512,,,,
topk,unknown,,,0.03125,,,,,,,512,,,,
topk,unknown,,,0.03125,,,,,,,512,,,,
topk,unknown,,,0.03125,,,,,,,512,,,,
topk,unknown,,,0.03125,,,,,,,512,,,,
topk,unknown,,,0.03125,,,,,,,512,,,,
topk,unknown,,,0.03125,,,,,,,512,,,,
topk,unknown,,,0.03125,,,,,,,512,,,,
topk,unknown,,,0.03125,,,,,,,512,,,,
topk,unknown,,,0.03125,,,,,,,256,,,,
topk,unknown,,,0.03125,,,,,,,256,,,,
topk,unknown,,,0.03125,,,,,,,256,,,,
topk,unknown,,,0.03125,,,,,,,256,,,,
topk,unknown,,,0.03125,,,,,,,256,,,,
topk,unknown,,,0.03125,,,,,,,256,,,,
topk,unknown,,,0.03125,,,,,,,256,,,,
topk,unknown,,,0.03125,,,,,,,256,,,,
topk,unknown,,,0.03125,,,,,,,256,,,,
topk,unknown,,,0.03125,,,,,,,256,,,,
topk,unknown,,,0.03125,,,,,,,256,,,,
topk,unknown,,,0.03125,,,,,,,128,,,,
topk,unknown,,,0.03125,,,,,,,128,,,,
topk,unknown,,,0.03125,,,,,,,128,,,,
topk,unknown,,,0.03125,,,,,,,128,,,,
topk,unknown,,,0.03125,,,,,,,128,,,,
topk,unknown,,,0.03125,,,,,,,128,,,,
topk,unknown,,,0.03125,,,,,,,128,,,,
topk,unknown,,,0.03125,,,,,,,128,,,,
topk,unknown,,,0.03125,,,,,,,128,,,,
topk,unknown,,,0.03125,,,,,,,128,,,,
topk,unknown,,,0.03125,,,,,,,128,,,,
topk,unknown,,,0.03125,,,,,,,256,,,,
topk,unknown,,,0.03125,,,,,,,256,,,,
topk,unknown,,,0.03125,,,,,,,256,,,,
topk,unknown,,,0.03125,,,,,,,256,,,,
topk,unknown,,,0.03125,,,,,,,256,,,,
topk,unknown,,,0.03125,,,,,,,256,,,,
topk,unknown,,,0.03125,,,,,,,256,,,,
topk,unknown,,,0.03125,,,,,,,256,,,,
topk,unknown,,,0.03125,,,,,,,256,,,,
topk,unknown,,,0.03125,,,,,,,256,,,,
topk,unknown,,,0.03125,,,,,,,256,,,,
topk,unknown,,,0.03125,,,,,,,256,,,,
topk,unknown,,,0.03125,,,,,,,256,,,,
topk,unknown,,,0.03125,,,,,,,256,,,,
topk,unknown,,,0.03125,,,,,,,256,,,,
topk,unknown,,,0.03125,,,,,,,256,,,,
topk,unknown,,,0.03125,,,,,,,256,,,,
topk,unknown,,,0.03125,,,,,,,256,,,,
topk,unknown,,,0.03125,,,,,,,256,,,,
topk,unknown,,,0.03125,,,,,,,256,,,,
topk,unknown,,,0.03125,,,,,,,256,,,,
topk,unknown,,,0.03125,,,,,,,256,,,,
topk,unknown,,,0.03125,,,,,,,256,,,,
topk,unknown,,,0.03125,,,,,,,256,,,,
topk,unknown,,,0.03125,,,,,,,256,,,,
topk,unknown,,,0.03125,,,,,,,256,,,,
topk,unknown,,,0.03125,,,,,,,256,,,,
topk,unknown,,,0.03125,,,,,,,256,,,,
topk,unknown,,,0.03125,,,,,,,256,,,,
topk,unknown,,,0.03125,,,,,,,256,,,,
topk,unknown,,,0.03125,,,,,,,256,,,,
topk,unknown,,,0.03125,,,,,,,256,,,,
topk,unknown,,,0.03125,,,,,,,256,,,,
topk,unknown,,,0.03125,,,,,,,128,,,,
topk,unknown,,,0.03125,,,,,,,128,,,,
topk,unknown,,,0.03125,,,,,,,128,,,,
topk,unknown,,,0.03125,,,,,,,128,,,,
topk,unknown,,,0.03125,,,,,,,128,,,,
topk,unknown,,,0.03125,,,,,,,128,,,,
topk,unknown,,,0.03125,,,,,,,128,,,,
topk,unknown,,,0.03125,,,,,,,128,,,,
topk,unknown,,,0.03125,,,,,,,128,,,,
topk,unknown,,,0.03125,,,,,,,128,,,,
topk,unknown,,,0.03125,,,,,,,128,,,,
topk,unknown,,,0.03125,,,,,,,512,,,,
topk,unknown,,,0.03125,,,,,,,512,,,,
topk,unknown,,,0.03125,,,,,,,512,,,,
topk,unknown,,,0.03125,,,,,,,512,,,,
topk,unknown,,,0.03125,,,,,,,512,,,,
topk,unknown,,,0.03125,,,,,,,512,,,,
topk,unknown,,,0.03125,,,,,,,512,,,,
topk,unknown,,,0.03125,,,,,,,512,,,,
topk,unknown,,,0.03125,,,,,,,512,,,,
topk,unknown,,,0.03125,,,,,,,512,,,,
topk,unknown,,,0.03125,,,,,,,512,,,,
topk,unknown,,,0.03125,,,,,,,128,,,,
topk,unknown,,,0.03125,,,,,,,128,,,,
topk,unknown,,,0.03125,,,,,,,128,,,,
topk,unknown,,,0.03125,,,,,,,128,,,,
topk,unknown,,,0.03125,,,,,,,128,,,,
topk,unknown,,,0.03125,,,,,,,128,,,,
topk,unknown,,,0.03125,,,,,,,128,,,,
topk,unknown,,,0.03125,,,,,,,128,,,,
topk,unknown,,,0.03125,,,,,,,128,,,,
topk,unknown,,,0.03125,,,,,,,128,,,,
topk,unknown,,,0.03125,,,,,,,128,,,,
topk,unknown,,,0.03125,,,,,,,512,,,,
topk,unknown,,,0.03125,,,,,,,512,,,,
topk,unknown,,,0.03125,,,,,,,512,,,,
topk,unknown,,,0.03125,,,,,,,512,,,,
topk,unknown,,,0.03125,,,,,,,512,,,,
topk,unknown,,,0.03125,,,,,,,512,,,,
topk,unknown,,,0.03125,,,,,,,512,,,,
topk,unknown,,,0.03125,,,,,,,512,,,,
topk,unknown,,,0.03125,,,,,,,512,,,,
topk,unknown,,,0.03125,,,,,,,512,,,,
topk,unknown,,,0.03125,,,,,,,512,,,,
topk,unknown,,,0.03125,,,,,,,512,,,,
topk,unknown,,,0.03125,,,,,,,512,,,,
topk,unknown,,,0.03125,,,,,,,512,,,,
topk,unknown,,,0.03125,,,,,,,512,,,,
topk,unknown,,,0.03125,,,,,,,512,,,,
topk,unknown,,,0.03125,,,,,,,512,,,,
topk,unknown,,,0.03125,,,,,,,512,,,,
topk,unknown,,,0.03125,,,,,,,512,,,,
topk,unknown,,,0.03125,,,,,,,512,,,,
topk,unknown,,,0.03125,,,,,,,512,,,,
topk,unknown,,,0.03125,,,,,,,512,,,,
topk,unknown,,,0.05044213682413101,,,,,,,512,,,,
topk,unknown,,,0.05044213682413101,,,,,,,512,,,,
topk,unknown,,,0.05044213682413101,,,,,,,512,,,,
topk,unknown,,,0.05044213682413101,,,,,,,512,,,,
topk,unknown,,,0.05044213682413101,,,,,,,512,,,,
topk,unknown,,,0.05044213682413101,,,,,,,512,,,,
topk,unknown,,,0.05044213682413101,,,,,,,512,,,,
topk,unknown,,,0.05044213682413101,,,,,,,512,,,,
topk,unknown,,,0.05044213682413101,,,,,,,512,,,,
topk,unknown,,,0.05044213682413101,,,,,,,512,,,,
topk,unknown,,,0.05044213682413101,,,,,,,512,,,,
topk,unknown,,,0.05044213682413101,,,,,,,256,,,,
topk,unknown,,,0.05044213682413101,,,,,,,256,,,,
topk,unknown,,,0.05044213682413101,,,,,,,256,,,,
topk,unknown,,,0.05044213682413101,,,,,,,256,,,,
topk,unknown,,,0.05044213682413101,,,,,,,256,,,,
topk,unknown,,,0.05044213682413101,,,,,,,256,,,,
topk,unknown,,,0.05044213682413101,,,,,,,256,,,,
topk,unknown,,,0.05044213682413101,,,,,,,256,,,,
topk,unknown,,,0.05044213682413101,,,,,,,256,,,,
topk,unknown,,,0.05044213682413101,,,,,,,256,,,,
topk,unknown,,,0.05044213682413101,,,,,,,256,,,,
topk,unknown,,,0.05044213682413101,,,,,,,128,,,,
topk,unknown,,,0.05044213682413101,,,,,,,128,,,,
topk,unknown,,,0.05044213682413101,,,,,,,128,,,,
topk,unknown,,,0.05044213682413101,,,,,,,128,,,,
topk,unknown,,,0.05044213682413101,,,,,,,128,,,,
topk,unknown,,,0.05044213682413101,,,,,,,128,,,,
topk,unknown,,,0.05044213682413101,,,,,,,128,,,,
topk,unknown,,,0.05044213682413101,,,,,,,128,,,,
topk,unknown,,,0.05044213682413101,,,,,,,128,,,,
topk,unknown,,,0.05044213682413101,,,,,,,128,,,,
topk,unknown,,,0.05044213682413101,,,,,,,128,,,,
topk,unknown,,,0.05044213682413101,,,,,,,256,,,,
topk,unknown,,,0.05044213682413101,,,,,,,256,,,,
topk,unknown,,,0.05044213682413101,,,,,,,256,,,,
topk,unknown,,,0.05044213682413101,,,,,,,256,,,,
topk,unknown,,,0.05044213682413101,,,,,,,256,,,,
topk,unknown,,,0.05044213682413101,,,,,,,256,,,,
topk,unknown,,,0.05044213682413101,,,,,,,256,,,,
topk,unknown,,,0.05044213682413101,,,,,,,256,,,,
topk,unknown,,,0.05044213682413101,,,,,,,256,,,,
topk,unknown,,,0.05044213682413101,,,,,,,256,,,,
topk,unknown,,,0.05044213682413101,,,,,,,256,,,,
topk,unknown,,,0.05044213682413101,,,,,,,256,,,,
topk,unknown,,,0.05044213682413101,,,,,,,256,,,,
topk,unknown,,,0.05044213682413101,,,,,,,256,,,,
topk,unknown,,,0.05044213682413101,,,,,,,256,,,,
topk,unknown,,,0.05044213682413101,,,,,,,256,,,,
topk,unknown,,,0.05044213682413101,,,,,,,256,,,,
topk,unknown,,,0.05044213682413101,,,,,,,256,,,,
topk,unknown,,,0.05044213682413101,,,,,,,256,,,,
topk,unknown,,,0.05044213682413101,,,,,,,256,,,,
topk,unknown,,,0.05044213682413101,,,,,,,256,,,,
topk,unknown,,,0.05044213682413101,,,,,,,256,,,,
topk,unknown,,,0.05044213682413101,,,,,,,256,,,,
topk,unknown,,,0.05044213682413101,,,,,,,256,,,,
topk,unknown,,,0.05044213682413101,,,,,,,256,,,,
topk,unknown,,,0.05044213682413101,,,,,,,256,,,,
topk,unknown,,,0.05044213682413101,,,,,,,256,,,,
topk,unknown,,,0.05044213682413101,,,,,,,256,,,,
topk,unknown,,,0.05044213682413101,,,,,,,256,,,,
topk,unknown,,,0.05044213682413101,,,,,,,256,,,,
topk,unknown,,,0.05044213682413101,,,,,,,256,,,,
topk,unknown,,,0.05044213682413101,,,,,,,256,,,,
topk,unknown,,,0.05044213682413101,,,,,,,256,,,,
topk,unknown,,,0.05044213682413101,,,,,,,128,,,,
topk,unknown,,,0.05044213682413101,,,,,,,128,,,,
topk,unknown,,,0.05044213682413101,,,,,,,128,,,,
topk,unknown,,,0.05044213682413101,,,,,,,128,,,,
topk,unknown,,,0.05044213682413101,,,,,,,128,,,,
topk,unknown,,,0.05044213682413101,,,,,,,128,,,,
topk,unknown,,,0.05044213682413101,,,,,,,128,,,,
topk,unknown,,,0.05044213682413101,,,,,,,128,,,,
topk,unknown,,,0.05044213682413101,,,,,,,128,,,,
topk,unknown,,,0.05044213682413101,,,,,,,128,,,,
topk,unknown,,,0.05044213682413101,,,,,,,128,,,,
topk,unknown,,,0.05044213682413101,,,,,,,512,,,,
topk,unknown,,,0.05044213682413101,,,,,,,512,,,,
topk,unknown,,,0.05044213682413101,,,,,,,512,,,,
topk,unknown,,,0.05044213682413101,,,,,,,512,,,,
topk,unknown,,,0.05044213682413101,,,,,,,512,,,,
topk,unknown,,,0.05044213682413101,,,,,,,512,,,,
topk,unknown,,,0.05044213682413101,,,,,,,512,,,,
topk,unknown,,,0.05044213682413101,,,,,,,512,,,,
topk,unknown,,,0.05044213682413101,,,,,,,512,,,,
topk,unknown,,,0.05044213682413101,,,,,,,512,,,,
topk,unknown,,,0.05044213682413101,,,,,,,512,,,,
topk,unknown,,,0.05044213682413101,,,,,,,128,,,,
topk,unknown,,,0.05044213682413101,,,,,,,128,,,,
topk,unknown,,,0.05044213682413101,,,,,,,128,,,,
topk,unknown,,,0.05044213682413101,,,,,,,128,,,,
topk,unknown,,,0.05044213682413101,,,,,,,128,,,,
topk,unknown,,,0.05044213682413101,,,,,,,128,,,,
topk,unknown,,,0.05044213682413101,,,,,,,128,,,,
topk,unknown,,,0.05044213682413101,,,,,,,128,,,,
topk,unknown,,,0.05044213682413101,,,,,,,128,,,,
topk,unknown,,,0.05044213682413101,,,,,,,128,,,,
topk,unknown,,,0.05044213682413101,,,,,,,128,,,,
topk,unknown,,,0.05044213682413101,,,,,,,512,,,,
topk,unknown,,,0.05044213682413101,,,,,,,512,,,,
topk,unknown,,,0.05044213682413101,,,,,,,512,,,,
topk,unknown,,,0.05044213682413101,,,,,,,512,,,,
topk,unknown,,,0.05044213682413101,,,,,,,512,,,,
topk,unknown,,,0.05044213682413101,,,,,,,512,,,,
topk,unknown,,,0.05044213682413101,,,,,,,512,,,,
topk,unknown,,,0.05044213682413101,,,,,,,512,,,,
topk,unknown,,,0.05044213682413101,,,,,,,512,,,,
topk,unknown,,,0.05044213682413101,,,,,,,512,,,,
topk,unknown,,,0.05044213682413101,,,,,,,512,,,,
topk,unknown,,,0.05044213682413101,,,,,,,512,,,,
topk,unknown,,,0.05044213682413101,,,,,,,512,,,,
topk,unknown,,,0.05044213682413101,,,,,,,512,,,,
topk,unknown,,,0.05044213682413101,,,,,,,512,,,,
topk,unknown,,,0.05044213682413101,,,,,,,512,,,,
topk,unknown,,,0.05044213682413101,,,,,,,512,,,,
topk,unknown,,,0.05044213682413101,,,,,,,512,,,,
topk,unknown,,,0.05044213682413101,,,,,,,512,,,,
topk,unknown,,,0.05044213682413101,,,,,,,512,,,,
topk,unknown,,,0.05044213682413101,,,,,,,512,,,,
topk,unknown,,,0.05044213682413101,,,,,,,512,,,,
topk,unknown,,,0.0625,,,,,,,512,,,,
topk,unknown,,,0.0625,,,,,,,512,,,,
topk,unknown,,,0.0625,,,,,,,512,,,,
topk,unknown,,,0.0625,,,,,,,512,,,,
topk,unknown,,,0.0625,,,,,,,512,,,,
topk,unknown,,,0.0625,,,,,,,512,,,,
topk,unknown,,,0.0625,,,,,,,512,,,,
topk,unknown,,,0.0625,,,,,,,512,,,,
topk,unknown,,,0.0625,,,,,,,512,,,,
topk,unknown,,,0.0625,,,,,,,512,,,,
topk,unknown,,,0.0625,,,,,,,512,,,,
topk,unknown,,,0.0625,,,,,,,256,,,,
topk,unknown,,,0.0625,,,,,,,256,,,,
topk,unknown,,,0.0625,,,,,,,256,,,,
topk,unknown,,,0.0625,,,,,,,256,,,,
topk,unknown,,,0.0625,,,,,,,256,,,,
topk,unknown,,,0.0625,,,,,,,256,,,,
topk,unknown,,,0.0625,,,,,,,256,,,,
topk,unknown,,,0.0625,,,,,,,256,,,,
topk,unknown,,,0.0625,,,,,,,256,,,,
topk,unknown,,,0.0625,,,,,,,256,,,,
topk,unknown,,,0.0625,,,,,,,256,,,,
topk,unknown,,,0.0625,,,,,,,128,,,,
topk,unknown,,,0.0625,,,,,,,128,,,,
topk,unknown,,,0.0625,,,,,,,128,,,,
topk,unknown,,,0.0625,,,,,,,128,,,,
topk,unknown,,,0.0625,,,,,,,128,,,,
topk,unknown,,,0.0625,,,,,,,128,,,,
topk,unknown,,,0.0625,,,,,,,128,,,,
topk,unknown,,,0.0625,,,,,,,128,,,,
topk,unknown,,,0.0625,,,,,,,128,,,,
topk,unknown,,,0.0625,,,,,,,128,,,,
topk,unknown,,,0.0625,,,,,,,128,,,,
topk,unknown,,,0.0625,,,,,,,256,,,,
topk,unknown,,,0.0625,,,,,,,256,,,,
topk,unknown,,,0.0625,,,,,,,256,,,,
topk,unknown,,,0.0625,,,,,,,256,,,,
topk,unknown,,,0.0625,,,,,,,256,,,,
topk,unknown,,,0.0625,,,,,,,256,,,,
topk,unknown,,,0.0625,,,,,,,256,,,,
topk,unknown,,,0.0625,,,,,,,256,,,,
topk,unknown,,,0.0625,,,,,,,256,,,,
topk,unknown,,,0.0625,,,,,,,256,,,,
topk,unknown,,,0.0625,,,,,,,256,,,,
topk,unknown,,,0.0625,,,,,,,256,,,,
topk,unknown,,,0.0625,,,,,,,256,,,,
topk,unknown,,,0.0625,,,,,,,256,,,,
topk,unknown,,,0.0625,,,,,,,256,,,,
topk,unknown,,,0.0625,,,,,,,256,,,,
topk,unknown,,,0.0625,,,,,,,256,,,,
topk,unknown,,,0.0625,,,,,,,256,,,,
topk,unknown,,,0.0625,,,,,,,256,,,,
topk,unknown,,,0.0625,,,,,,,256,,,,
topk,unknown,,,0.0625,,,,,,,256,,,,
topk,unknown,,,0.0625,,,,,,,256,,,,
topk,unknown,,,0.0625,,,,,,,256,,,,
topk,unknown,,,0.0625,,,,,,,256,,,,
topk,unknown,,,0.0625,,,,,,,256,,,,
topk,unknown,,,0.0625,,,,,,,256,,,,
topk,unknown,,,0.0625,,,,,,,256,,,,
topk,unknown,,,0.0625,,,,,,,256,,,,
topk,unknown,,,0.0625,,,,,,,256,,,,
topk,unknown,,,0.0625,,,,,,,256,,,,
topk,unknown,,,0.0625,,,,,,,256,,,,
topk,unknown,,,0.0625,,,,,,,256,,,,
topk,unknown,,,0.0625,,,,,,,256,,,,
topk,unknown,,,0.0625,,,,,,,128,,,,
topk,unknown,,,0.0625,,,,,,,128,,,,
topk,unknown,,,0.0625,,,,,,,128,,,,
topk,unknown,,,0.0625,,,,,,,128,,,,
topk,unknown,,,0.0625,,,,,,,128,,,,
topk,unknown,,,0.0625,,,,,,,128,,,,
topk,unknown,,,0.0625,,,,,,,128,,,,
topk,unknown,,,0.0625,,,,,,,128,,,,
topk,unknown,,,0.0625,,,,,,,128,,,,
topk,unknown,,,0.0625,,,,,,,128,,,,
topk,unknown,,,0.0625,,,,,,,128,,,,
topk,unknown,,,0.0625,,,,,,,512,,,,
topk,unknown,,,0.0625,,,,,,,512,,,,
topk,unknown,,,0.0625,,,,,,,512,,,,
topk,unknown,,,0.0625,,,,,,,512,,,,
topk,unknown,,,0.0625,,,,,,,512,,,,
topk,unknown,,,0.0625,,,,,,,512,,,,
topk,unknown,,,0.0625,,,,,,,512,,,,
topk,unknown,,,0.0625,,,,,,,512,,,,
topk,unknown,,,0.0625,,,,,,,512,,,,
topk,unknown,,,0.0625,,,,,,,512,,,,
topk,unknown,,,0.0625,,,,,,,512,,,,
topk,unknown,,,0.0625,,,,,,,128,,,,
topk,unknown,,,0.0625,,,,,,,128,,,,
topk,unknown,,,0.0625,,,,,,,128,,,,
topk,unknown,,,0.0625,,,,,,,128,,,,
topk,unknown,,,0.0625,,,,,,,128,,,,
topk,unknown,,,0.0625,,,,,,,128,,,,
topk,unknown,,,0.0625,,,,,,,128,,,,
topk,unknown,,,0.0625,,,,,,,128,,,,
topk,unknown,,,0.0625,,,,,,,128,,,,
topk,unknown,,,0.0625,,,,,,,128,,,,
topk,unknown,,,0.0625,,,,,,,128,,,,
topk,unknown,,,0.0625,,,,,,,512,,,,
topk,unknown,,,0.0625,,,,,,,512,,,,
topk,unknown,,,0.0625,,,,,,,512,,,,
topk,unknown,,,0.0625,,,,,,,512,,,,
topk,unknown,,,0.0625,,,,,,,512,,,,
topk,unknown,,,0.0625,,,,,,,512,,,,
topk,unknown,,,0.0625,,,,,,,512,,,,
topk,unknown,,,0.0625,,,,,,,512,,,,
topk,unknown,,,0.0625,,,,,,,512,,,,
topk,unknown,,,0.0625,,,,,,,512,,,,
topk,unknown,,,0.0625,,,,,,,512,,,,
topk,unknown,,,0.0625,,,,,,,512,,,,
topk,unknown,,,0.0625,,,,,,,512,,,,
topk,unknown,,,0.0625,,,,,,,512,,,,
topk,unknown,,,0.0625,,,,,,,512,,,,
topk,unknown,,,0.0625,,,,,,,512,,,,
topk,unknown,,,0.0625,,,,,,,512,,,,
topk,unknown,,,0.0625,,,,,,,512,,,,
topk,unknown,,,0.0625,,,,,,,512,,,,
topk,unknown,,,0.0625,,,,,,,512,,,,
topk,unknown,,,0.0625,,,,,,,512,,,,
topk,unknown,,,0.0625,,,,,,,512,,,,
topk,unknown,,,0.0078125,,,,,,,512,,,,
topk,unknown,,,0.0078125,,,,,,,512,,,,
topk,unknown,,,0.0078125,,,,,,,512,,,,
topk,unknown,,,0.0078125,,,,,,,512,,,,
topk,unknown,,,0.0078125,,,,,,,512,,,,
topk,unknown,,,0.0078125,,,,,,,512,,,,
topk,unknown,,,0.0078125,,,,,,,512,,,,
topk,unknown,,,0.0078125,,,,,,,512,,,,
topk,unknown,,,0.0078125,,,,,,,512,,,,
topk,unknown,,,0.0078125,,,,,,,512,,,,
topk,unknown,,,0.0078125,,,,,,,512,,,,
topk,unknown,,,0.0078125,,,,,,,256,,,,
topk,unknown,,,0.0078125,,,,,,,256,,,,
topk,unknown,,,0.0078125,,,,,,,256,,,,
topk,unknown,,,0.0078125,,,,,,,256,,,,
topk,unknown,,,0.0078125,,,,,,,256,,,,
topk,unknown,,,0.0078125,,,,,,,256,,,,
topk,unknown,,,0.0078125,,,,,,,256,,,,
topk,unknown,,,0.0078125,,,,,,,256,,,,
topk,unknown,,,0.0078125,,,,,,,256,,,,
topk,unknown,,,0.0078125,,,,,,,256,,,,
topk,unknown,,,0.0078125,,,,,,,256,,,,
topk,unknown,,,0.0078125,,,,,,,128,,,,
topk,unknown,,,0.0078125,,,,,,,128,,,,
topk,unknown,,,0.0078125,,,,,,,128,,,,
topk,unknown,,,0.0078125,,,,,,,128,,,,
topk,unknown,,,0.0078125,,,,,,,128,,,,
topk,unknown,,,0.0078125,,,,,,,128,,,,
topk,unknown,,,0.0078125,,,,,,,128,,,,
topk,unknown,,,0.0078125,,,,,,,128,,,,
topk,unknown,,,0.0078125,,,,,,,128,,,,
topk,unknown,,,0.0078125,,,,,,,128,,,,
topk,unknown,,,0.0078125,,,,,,,128,,,,
topk,unknown,,,0.0078125,,,,,,,256,,,,
topk,unknown,,,0.0078125,,,,,,,256,,,,
topk,unknown,,,0.0078125,,,,,,,256,,,,
topk,unknown,,,0.0078125,,,,,,,256,,,,
topk,unknown,,,0.0078125,,,,,,,256,,,,
topk,unknown,,,0.0078125,,,,,,,256,,,,
topk,unknown,,,0.0078125,,,,,,,256,,,,
topk,unknown,,,0.0078125,,,,,,,256,,,,
topk,unknown,,,0.0078125,,,,,,,256,,,,
topk,unknown,,,0.0078125,,,,,,,256,,,,
topk,unknown,,,0.0078125,,,,,,,256,,,,
topk,unknown,,,0.0078125,,,,,,,256,,,,
topk,unknown,,,0.0078125,,,,,,,256,,,,
topk,unknown,,,0.0078125,,,,,,,256,,,,
topk,unknown,,,0.0078125,,,,,,,256,,,,
topk,unknown,,,0.0078125,,,,,,,256,,,,
topk,unknown,,,0.0078125,,,,,,,256,,,,
topk,unknown,,,0.0078125,,,,,,,256,,,,
topk,unknown,,,0.0078125,,,,,,,256,,,,
topk,unknown,,,0.0078125,,,,,,,256,,,,
topk,unknown,,,0.0078125,,,,,,,256,,,,
topk,unknown,,,0.0078125,,,,,,,256,,,,
topk,unknown,,,0.0078125,,,,,,,256,,,,
topk,unknown,,,0.0078125,,,,,,,256,,,,
topk,unknown,,,0.0078125,,,,,,,256,,,,
topk,unknown,,,0.0078125,,,,,,,256,,,,
topk,unknown,,,0.0078125,,,,,,,256,,,,
topk,unknown,,,0.0078125,,,,,,,256,,,,
topk,unknown,,,0.0078125,,,,,,,256,,,,
topk,unknown,,,0.0078125,,,,,,,256,,,,
topk,unknown,,,0.0078125,,,,,,,256,,,,
topk,unknown,,,0.0078125,,,,,,,256,,,,
topk,unknown,,,0.0078125,,,,,,,256,,,,
topk,unknown,,,0.0078125,,,,,,,128,,,,
topk,unknown,,,0.0078125,,,,,,,128,,,,
topk,unknown,,,0.0078125,,,,,,,128,,,,
topk,unknown,,,0.0078125,,,,,,,128,,,,
topk,unknown,,,0.0078125,,,,,,,128,,,,
topk,unknown,,,0.0078125,,,,,,,128,,,,
topk,unknown,,,0.0078125,,,,,,,128,,,,
topk,unknown,,,0.0078125,,,,,,,128,,,,
topk,unknown,,,0.0078125,,,,,,,128,,,,
topk,unknown,,,0.0078125,,,,,,,128,,,,
topk,unknown,,,0.0078125,,,,,,,128,,,,
topk,unknown,,,0.0078125,,,,,,,512,,,,
topk,unknown,,,0.0078125,,,,,,,512,,,,
topk,unknown,,,0.0078125,,,,,,,512,,,,
topk,unknown,,,0.0078125,,,,,,,512,,,,
topk,unknown,,,0.0078125,,,,,,,512,,,,
topk,unknown,,,0.0078125,,,,,,,512,,,,
topk,unknown,,,0.0078125,,,,,,,512,,,,
topk,unknown,,,0.0078125,,,,,,,512,,,,
topk,unknown,,,0.0078125,,,,,,,512,,,,
topk,unknown,,,0.0078125,,,,,,,512,,,,
topk,unknown,,,0.0078125,,,,,,,512,,,,
topk,unknown,,,0.0078125,,,,,,,128,,,,
topk,unknown,,,0.0078125,,,,,,,128,,,,
topk,unknown,,,0.0078125,,,,,,,128,,,,
topk,unknown,,,0.0078125,,,,,,,128,,,,
topk,unknown,,,0.0078125,,,,,,,128,,,,
topk,unknown,,,0.0078125,,,,,,,128,,,,
topk,unknown,,,0.0078125,,,,,,,128,,,,
topk,unknown,,,0.0078125,,,,,,,128,,,,
topk,unknown,,,0.0078125,,,,,,,128,,,,
topk,unknown,,,0.0078125,,,,,,,128,,,,
topk,unknown,,,0.0078125,,,,,,,128,,,,
topk,unknown,,,0.0078125,,,,,,,512,,,,
topk,unknown,,,0.0078125,,,,,,,512,,,,
topk,unknown,,,0.0078125,,,,,,,512,,,,
topk,unknown,,,0.0078125,,,,,,,512,,,,
topk,unknown,,,0.0078125,,,,,,,512,,,,
topk,unknown,,,0.0078125,,,,,,,512,,,,
topk,unknown,,,0.0078125,,,,,,,512,,,,
topk,unknown,,,0.0078125,,,,,,,512,,,,
topk,unknown,,,0.0078125,,,,,,,512,,,,
topk,unknown,,,0.0078125,,,,,,,512,,,,
topk,unknown,,,0.0078125,,,,,,,512,,,,
topk,unknown,,,0.0078125,,,,,,,512,,,,
topk,unknown,,,0.0078125,,,,,,,512,,,,
topk,unknown,,,0.0078125,,,,,,,512,,,,
topk,unknown,,,0.0078125,,,,,,,512,,,,
topk,unknown,,,0.0078125,,,,,,,512,,,,
topk,unknown,,,0.0078125,,,,,,,512,,,,
topk,unknown,,,0.0078125,,,,,,,512,,,,
topk,unknown,,,0.0078125,,,,,,,512,,,,
topk,unknown,,,0.0078125,,,,,,,512,,,,
topk,unknown,,,0.0078125,,,,,,,512,,,,
topk,unknown,,,0.0078125,,,,,,,512,,,,
gated,unknown,,,0.002345249569771113,,,,,,,128,,,,
gated,unknown,,,0.002345249569771113,,,,,,,128,,,,
gated,unknown,,,0.002345249569771113,,,,,,,128,,,,
gated,unknown,,,0.002345249569771113,,,,,,,128,,,,
gated,unknown,,,0.002345249569771113,,,,,,,128,,,,
gated,unknown,,,0.002345249569771113,,,,,,,128,,,,
gated,unknown,,,0.002345249569771113,,,,,,,128,,,,
gated,unknown,,,0.002345249569771113,,,,,,,128,,,,
gated,unknown,,,0.002345249569771113,,,,,,,128,,,,
gated,unknown,,,0.002345249569771113,,,,,,,128,,,,
gated,unknown,,,0.002345249569771113,,,,,,,128,,,,
gated,unknown,,,0.002345249569771113,,,,,,,128,,,,
gated,unknown,,,0.002345249569771113,,,,,,,128,,,,
gated,unknown,,,0.002345249569771113,,,,,,,128,,,,
gated,unknown,,,0.002345249569771113,,,,,,,128,,,,
gated,unknown,,,0.002345249569771113,,,,,,,128,,,,
gated,unknown,,,0.002345249569771113,,,,,,,128,,,,
gated,unknown,,,0.002345249569771113,,,,,,,128,,,,
gated,unknown,,,0.002345249569771113,,,,,,,256,,,,
gated,unknown,,,0.002345249569771113,,,,,,,256,,,,
gated,unknown,,,0.002345249569771113,,,,,,,256,,,,
gated,unknown,,,0.002345249569771113,,,,,,,256,,,,
gated,unknown,,,0.002345249569771113,,,,,,,256,,,,
gated,unknown,,,0.002345249569771113,,,,,,,256,,,,
gated,unknown,,,0.002345249569771113,,,,,,,256,,,,
gated,unknown,,,0.002345249569771113,,,,,,,256,,,,
gated,unknown,,,0.002345249569771113,,,,,,,256,,,,
gated,unknown,,,0.002345249569771113,,,,,,,512,,,,
gated,unknown,,,0.002345249569771113,,,,,,,512,,,,
gated,unknown,,,0.002345249569771113,,,,,,,512,,,,
gated,unknown,,,0.002345249569771113,,,,,,,512,,,,
gated,unknown,,,0.002345249569771113,,,,,,,512,,,,
gated,unknown,,,0.002345249569771113,,,,,,,512,,,,
gated,unknown,,,0.002345249569771113,,,,,,,512,,,,
gated,unknown,,,0.002345249569771113,,,,,,,512,,,,
gated,unknown,,,0.002345249569771113,,,,,,,512,,,,
gated,unknown,,,0.002345249569771113,,,,,,,512,,,,
gated,unknown,,,0.002345249569771113,,,,,,,512,,,,
gated,unknown,,,0.002345249569771113,,,,,,,512,,,,
gated,unknown,,,0.002345249569771113,,,,,,,512,,,,
gated,unknown,,,0.002345249569771113,,,,,,,512,,,,
gated,unknown,,,0.002345249569771113,,,,,,,512,,,,
gated,unknown,,,0.002345249569771113,,,,,,,512,,,,
gated,unknown,,,0.002345249569771113,,,,,,,512,,,,
gated,unknown,,,0.002345249569771113,,,,,,,512,,,,
gated,unknown,,,0.002345249569771113,,,,,,,128,,,,
gated,unknown,,,0.002345249569771113,,,,,,,128,,,,
gated,unknown,,,0.002345249569771113,,,,,,,128,,,,
gated,unknown,,,0.002345249569771113,,,,,,,128,,,,
gated,unknown,,,0.002345249569771113,,,,,,,128,,,,
gated,unknown,,,0.002345249569771113,,,,,,,128,,,,
gated,unknown,,,0.002345249569771113,,,,,,,128,,,,
gated,unknown,,,0.002345249569771113,,,,,,,128,,,,
gated,unknown,,,0.002345249569771113,,,,,,,128,,,,
gated,unknown,,,0.002345249569771113,,,,,,,512,,,,
gated,unknown,,,0.002345249569771113,,,,,,,512,,,,
gated,unknown,,,0.002345249569771113,,,,,,,512,,,,
gated,unknown,,,0.002345249569771113,,,,,,,512,,,,
gated,unknown,,,0.002345249569771113,,,,,,,512,,,,
gated,unknown,,,0.002345249569771113,,,,,,,512,,,,
gated,unknown,,,0.002345249569771113,,,,,,,512,,,,
gated,unknown,,,0.002345249569771113,,,,,,,512,,,,
gated,unknown,,,0.002345249569771113,,,,,,,512,,,,
gated,unknown,,,0.002345249569771113,,,,,,,256,,,,
gated,unknown,,,0.002345249569771113,,,,,,,256,,,,
gated,unknown,,,0.002345249569771113,,,,,,,256,,,,
gated,unknown,,,0.002345249569771113,,,,,,,256,,,,
gated,unknown,,,0.002345249569771113,,,,,,,256,,,,
gated,unknown,,,0.002345249569771113,,,,,,,256,,,,
gated,unknown,,,0.002345249569771113,,,,,,,256,,,,
gated,unknown,,,0.002345249569771113,,,,,,,256,,,,
gated,unknown,,,0.002345249569771113,,,,,,,256,,,,
gated,unknown,,,0.002345249569771113,,,,,,,256,,,,
gated,unknown,,,0.002345249569771113,,,,,,,256,,,,
gated,unknown,,,0.002345249569771113,,,,,,,256,,,,
gated,unknown,,,0.002345249569771113,,,,,,,256,,,,
gated,unknown,,,0.002345249569771113,,,,,,,256,,,,
gated,unknown,,,0.002345249569771113,,,,,,,256,,,,
gated,unknown,,,0.002345249569771113,,,,,,,256,,,,
gated,unknown,,,0.002345249569771113,,,,,,,256,,,,
gated,unknown,,,0.002345249569771113,,,,,,,256,,,,
gated,unknown,,,0.0018212548602605239,,,,,,,128,,,,
gated,unknown,,,0.0018212548602605239,,,,,,,128,,,,
gated,unknown,,,0.0018212548602605239,,,,,,,128,,,,
gated,unknown,,,0.0018212548602605239,,,,,,,128,,,,
gated,unknown,,,0.0018212548602605239,,,,,,,128,,,,
gated,unknown,,,0.0018212548602605239,,,,,,,128,,,,
gated,unknown,,,0.0018212548602605239,,,,,,,128,,,,
gated,unknown,,,0.0018212548602605239,,,,,,,128,,,,
gated,unknown,,,0.0018212548602605239,,,,,,,128,,,,
gated,unknown,,,0.0018212548602605239,,,,,,,128,,,,
gated,unknown,,,0.0018212548602605239,,,,,,,128,,,,
gated,unknown,,,0.0018212548602605239,,,,,,,128,,,,
gated,unknown,,,0.0018212548602605239,,,,,,,128,,,,
gated,unknown,,,0.0018212548602605239,,,,,,,128,,,,
gated,unknown,,,0.0018212548602605239,,,,,,,128,,,,
gated,unknown,,,0.0018212548602605239,,,,,,,128,,,,
gated,unknown,,,0.0018212548602605239,,,,,,,128,,,,
gated,unknown,,,0.0018212548602605239,,,,,,,128,,,,
gated,unknown,,,0.0018212548602605239,,,,,,,256,,,,
gated,unknown,,,0.0018212548602605239,,,,,,,256,,,,
gated,unknown,,,0.0018212548602605239,,,,,,,256,,,,
gated,unknown,,,0.0018212548602605239,,,,,,,256,,,,
gated,unknown,,,0.0018212548602605239,,,,,,,256,,,,
gated,unknown,,,0.0018212548602605239,,,,,,,256,,,,
gated,unknown,,,0.0018212548602605239,,,,,,,256,,,,
gated,unknown,,,0.0018212548602605239,,,,,,,256,,,,
gated,unknown,,,0.0018212548602605239,,,,,,,256,,,,
gated,unknown,,,0.0018212548602605239,,,,,,,512,,,,
gated,unknown,,,0.0018212548602605239,,,,,,,512,,,,
gated,unknown,,,0.0018212548602605239,,,,,,,512,,,,
gated,unknown,,,0.0018212548602605239,,,,,,,512,,,,
gated,unknown,,,0.0018212548602605239,,,,,,,512,,,,
gated,unknown,,,0.0018212548602605239,,,,,,,512,,,,
gated,unknown,,,0.0018212548602605239,,,,,,,512,,,,
gated,unknown,,,0.0018212548602605239,,,,,,,512,,,,
gated,unknown,,,0.0018212548602605239,,,,,,,512,,,,
gated,unknown,,,0.0018212548602605239,,,,,,,512,,,,
gated,unknown,,,0.0018212548602605239,,,,,,,512,,,,
gated,unknown,,,0.0018212548602605239,,,,,,,512,,,,
gated,unknown,,,0.0018212548602605239,,,,,,,512,,,,
gated,unknown,,,0.0018212548602605239,,,,,,,512,,,,
gated,unknown,,,0.0018212548602605239,,,,,,,512,,,,
gated,unknown,,,0.0018212548602605239,,,,,,,512,,,,
gated,unknown,,,0.0018212548602605239,,,,,,,512,,,,
gated,unknown,,,0.0018212548602605239,,,,,,,512,,,,
gated,unknown,,,0.0018212548602605239,,,,,,,128,,,,
gated,unknown,,,0.0018212548602605239,,,,,,,128,,,,
gated,unknown,,,0.0018212548602605239,,,,,,,128,,,,
gated,unknown,,,0.0018212548602605239,,,,,,,128,,,,
gated,unknown,,,0.0018212548602605239,,,,,,,128,,,,
gated,unknown,,,0.0018212548602605239,,,,,,,128,,,,
gated,unknown,,,0.0018212548602605239,,,,,,,128,,,,
gated,unknown,,,0.0018212548602605239,,,,,,,128,,,,
gated,unknown,,,0.0018212548602605239,,,,,,,128,,,,
gated,unknown,,,0.0018212548602605239,,,,,,,512,,,,
gated,unknown,,,0.0018212548602605239,,,,,,,512,,,,
gated,unknown,,,0.0018212548602605239,,,,,,,512,,,,
gated,unknown,,,0.0018212548602605239,,,,,,,512,,,,
gated,unknown,,,0.0018212548602605239,,,,,,,512,,,,
gated,unknown,,,0.0018212548602605239,,,,,,,512,,,,
gated,unknown,,,0.0018212548602605239,,,,,,,512,,,,
gated,unknown,,,0.0018212548602605239,,,,,,,512,,,,
gated,unknown,,,0.0018212548602605239,,,,,,,512,,,,
gated,unknown,,,0.0018212548602605239,,,,,,,256,,,,
gated,unknown,,,0.0018212548602605239,,,,,,,256,,,,
gated,unknown,,,0.0018212548602605239,,,,,,,256,,,,
gated,unknown,,,0.0018212548602605239,,,,,,,256,,,,
gated,unknown,,,0.0018212548602605239,,,,,,,256,,,,
gated,unknown,,,0.0018212548602605239,,,,,,,256,,,,
gated,unknown,,,0.0018212548602605239,,,,,,,256,,,,
gated,unknown,,,0.0018212548602605239,,,,,,,256,,,,
gated,unknown,,,0.0018212548602605239,,,,,,,256,,,,
gated,unknown,,,0.0018212548602605239,,,,,,,256,,,,
gated,unknown,,,0.0018212548602605239,,,,,,,256,,,,
gated,unknown,,,0.0018212548602605239,,,,,,,256,,,,
gated,unknown,,,0.0018212548602605239,,,,,,,256,,,,
gated,unknown,,,0.0018212548602605239,,,,,,,256,,,,
gated,unknown,,,0.0018212548602605239,,,,,,,256,,,,
gated,unknown,,,0.0018212548602605239,,,,,,,256,,,,
gated,unknown,,,0.0018212548602605239,,,,,,,256,,,,
gated,unknown,,,0.0018212548602605239,,,,,,,256,,,,
gated,unknown,,,0.004309358264436014,,,,,,,128,,,,
gated,unknown,,,0.004309358264436014,,,,,,,128,,,,
gated,unknown,,,0.004309358264436014,,,,,,,128,,,,
gated,unknown,,,0.004309358264436014,,,,,,,128,,,,
gated,unknown,,,0.004309358264436014,,,,,,,128,,,,
gated,unknown,,,0.004309358264436014,,,,,,,128,,,,
gated,unknown,,,0.004309358264436014,,,,,,,128,,,,
gated,unknown,,,0.004309358264436014,,,,,,,128,,,,
gated,unknown,,,0.004309358264436014,,,,,,,128,,,,
gated,unknown,,,0.004309358264436014,,,,,,,128,,,,
gated,unknown,,,0.004309358264436014,,,,,,,128,,,,
gated,unknown,,,0.004309358264436014,,,,,,,128,,,,
gated,unknown,,,0.004309358264436014,,,,,,,128,,,,
gated,unknown,,,0.004309358264436014,,,,,,,128,,,,
gated,unknown,,,0.004309358264436014,,,,,,,128,,,,
gated,unknown,,,0.004309358264436014,,,,,,,128,,,,
gated,unknown,,,0.004309358264436014,,,,,,,128,,,,
gated,unknown,,,0.004309358264436014,,,,,,,128,,,,
gated,unknown,,,0.004309358264436014,,,,,,,256,,,,
gated,unknown,,,0.004309358264436014,,,,,,,256,,,,
gated,unknown,,,0.004309358264436014,,,,,,,256,,,,
gated,unknown,,,0.004309358264436014,,,,,,,256,,,,
gated,unknown,,,0.004309358264436014,,,,,,,256,,,,
gated,unknown,,,0.004309358264436014,,,,,,,256,,,,
gated,unknown,,,0.004309358264436014,,,,,,,256,,,,
gated,unknown,,,0.004309358264436014,,,,,,,256,,,,
gated,unknown,,,0.004309358264436014,,,,,,,256,,,,
gated,unknown,,,0.004309358264436014,,,,,,,512,,,,
gated,unknown,,,0.004309358264436014,,,,,,,512,,,,
gated,unknown,,,0.004309358264436014,,,,,,,512,,,,
gated,unknown,,,0.004309358264436014,,,,,,,512,,,,
gated,unknown,,,0.004309358264436014,,,,,,,512,,,,
gated,unknown,,,0.004309358264436014,,,,,,,512,,,,
gated,unknown,,,0.004309358264436014,,,,,,,512,,,,
gated,unknown,,,0.004309358264436014,,,,,,,512,,,,
gated,unknown,,,0.004309358264436014,,,,,,,512,,,,
gated,unknown,,,0.004309358264436014,,,,,,,512,,,,
gated,unknown,,,0.004309358264436014,,,,,,,512,,,,
gated,unknown,,,0.004309358264436014,,,,,,,512,,,,
gated,unknown,,,0.004309358264436014,,,,,,,512,,,,
gated,unknown,,,0.004309358264436014,,,,,,,512,,,,
gated,unknown,,,0.004309358264436014,,,,,,,512,,,,
gated,unknown,,,0.004309358264436014,,,,,,,512,,,,
gated,unknown,,,0.004309358264436014,,,,,,,512,,,,
gated,unknown,,,0.004309358264436014,,,,,,,512,,,,
gated,unknown,,,0.004309358264436014,,,,,,,128,,,,
gated,unknown,,,0.004309358264436014,,,,,,,128,,,,
gated,unknown,,,0.004309358264436014,,,,,,,128,,,,
gated,unknown,,,0.004309358264436014,,,,,,,128,,,,
gated,unknown,,,0.004309358264436014,,,,,,,128,,,,
gated,unknown,,,0.004309358264436014,,,,,,,128,,,,
gated,unknown,,,0.004309358264436014,,,,,,,128,,,,
gated,unknown,,,0.004309358264436014,,,,,,,128,,,,
gated,unknown,,,0.004309358264436014,,,,,,,128,,,,
gated,unknown,,,0.004309358264436014,,,,,,,512,,,,
gated,unknown,,,0.004309358264436014,,,,,,,512,,,,
gated,unknown,,,0.004309358264436014,,,,,,,512,,,,
gated,unknown,,,0.004309358264436014,,,,,,,512,,,,
gated,unknown,,,0.004309358264436014,,,,,,,512,,,,
gated,unknown,,,0.004309358264436014,,,,,,,512,,,,
gated,unknown,,,0.004309358264436014,,,,,,,512,,,,
gated,unknown,,,0.004309358264436014,,,,,,,512,,,,
gated,unknown,,,0.004309358264436014,,,,,,,512,,,,
gated,unknown,,,0.004309358264436014,,,,,,,256,,,,
gated,unknown,,,0.004309358264436014,,,,,,,256,,,,
gated,unknown,,,0.004309358264436014,,,,,,,256,,,,
gated,unknown,,,0.004309358264436014,,,,,,,256,,,,
gated,unknown,,,0.004309358264436014,,,,,,,256,,,,
gated,unknown,,,0.004309358264436014,,,,,,,256,,,,
gated,unknown,,,0.004309358264436014,,,,,,,256,,,,
gated,unknown,,,0.004309358264436014,,,,,,,256,,,,
gated,unknown,,,0.004309358264436014,,,,,,,256,,,,
gated,unknown,,,0.004309358264436014,,,,,,,256,,,,
gated,unknown,,,0.004309358264436014,,,,,,,256,,,,
gated,unknown,,,0.004309358264436014,,,,,,,256,,,,
gated,unknown,,,0.004309358264436014,,,,,,,256,,,,
gated,unknown,,,0.004309358264436014,,,,,,,256,,,,
gated,unknown,,,0.004309358264436014,,,,,,,256,,,,
gated,unknown,,,0.004309358264436014,,,,,,,256,,,,
gated,unknown,,,0.004309358264436014,,,,,,,256,,,,
gated,unknown,,,0.004309358264436014,,,,,,,256,,,,
gated,unknown,,,0.0029165333726268727,,,,,,,128,,,,
gated,unknown,,,0.0029165333726268727,,,,,,,128,,,,
gated,unknown,,,0.0029165333726268727,,,,,,,128,,,,
gated,unknown,,,0.0029165333726268727,,,,,,,128,,,,
gated,unknown,,,0.0029165333726268727,,,,,,,128,,,,
gated,unknown,,,0.0029165333726268727,,,,,,,128,,,,
gated,unknown,,,0.0029165333726268727,,,,,,,128,,,,
gated,unknown,,,0.0029165333726268727,,,,,,,128,,,,
gated,unknown,,,0.0029165333726268727,,,,,,,128,,,,
gated,unknown,,,0.0029165333726268727,,,,,,,128,,,,
gated,unknown,,,0.0029165333726268727,,,,,,,128,,,,
gated,unknown,,,0.0029165333726268727,,,,,,,128,,,,
gated,unknown,,,0.0029165333726268727,,,,,,,128,,,,
gated,unknown,,,0.0029165333726268727,,,,,,,128,,,,
gated,unknown,,,0.0029165333726268727,,,,,,,128,,,,
gated,unknown,,,0.0029165333726268727,,,,,,,128,,,,
gated,unknown,,,0.0029165333726268727,,,,,,,128,,,,
gated,unknown,,,0.0029165333726268727,,,,,,,128,,,,
gated,unknown,,,0.0029165333726268727,,,,,,,256,,,,
gated,unknown,,,0.0029165333726268727,,,,,,,256,,,,
gated,unknown,,,0.0029165333726268727,,,,,,,256,,,,
gated,unknown,,,0.0029165333726268727,,,,,,,256,,,,
gated,unknown,,,0.0029165333726268727,,,,,,,256,,,,
gated,unknown,,,0.0029165333726268727,,,,,,,256,,,,
gated,unknown,,,0.0029165333726268727,,,,,,,256,,,,
gated,unknown,,,0.0029165333726268727,,,,,,,256,,,,
gated,unknown,,,0.0029165333726268727,,,,,,,256,,,,
gated,unknown,,,0.0029165333726268727,,,,,,,512,,,,
gated,unknown,,,0.0029165333726268727,,,,,,,512,,,,
gated,unknown,,,0.0029165333726268727,,,,,,,512,,,,
gated,unknown,,,0.0029165333726268727,,,,,,,512,,,,
gated,unknown,,,0.0029165333726268727,,,,,,,512,,,,
gated,unknown,,,0.0029165333726268727,,,,,,,512,,,,
gated,unknown,,,0.0029165333726268727,,,,,,,512,,,,
gated,unknown,,,0.0029165333726268727,,,,,,,512,,,,
gated,unknown,,,0.0029165333726268727,,,,,,,512,,,,
gated,unknown,,,0.0029165333726268727,,,,,,,512,,,,
gated,unknown,,,0.0029165333726268727,,,,,,,512,,,,
gated,unknown,,,0.0029165333726268727,,,,,,,512,,,,
gated,unknown,,,0.0029165333726268727,,,,,,,512,,,,
gated,unknown,,,0.0029165333726268727,,,,,,,512,,,,
gated,unknown,,,0.0029165333726268727,,,,,,,512,,,,
gated,unknown,,,0.0029165333726268727,,,,,,,512,,,,
gated,unknown,,,0.0029165333726268727,,,,,,,512,,,,
gated,unknown,,,0.0029165333726268727,,,,,,,512,,,,
gated,unknown,,,0.0029165333726268727,,,,,,,128,,,,
gated,unknown,,,0.0029165333726268727,,,,,,,128,,,,
gated,unknown,,,0.0029165333726268727,,,,,,,128,,,,
gated,unknown,,,0.0029165333726268727,,,,,,,128,,,,
gated,unknown,,,0.0029165333726268727,,,,,,,128,,,,
gated,unknown,,,0.0029165333726268727,,,,,,,128,,,,
gated,unknown,,,0.0029165333726268727,,,,,,,128,,,,
gated,unknown,,,0.0029165333726268727,,,,,,,128,,,,
gated,unknown,,,0.0029165333726268727,,,,,,,128,,,,
gated,unknown,,,0.0029165333726268727,,,,,,,512,,,,
gated,unknown,,,0.0029165333726268727,,,,,,,512,,,,
gated,unknown,,,0.0029165333726268727,,,,,,,512,,,,
gated,unknown,,,0.0029165333726268727,,,,,,,512,,,,
gated,unknown,,,0.0029165333726268727,,,,,,,512,,,,
gated,unknown,,,0.0029165333726268727,,,,,,,512,,,,
gated,unknown,,,0.0029165333726268727,,,,,,,512,,,,
gated,unknown,,,0.0029165333726268727,,,,,,,512,,,,
gated,unknown,,,0.0029165333726268727,,,,,,,512,,,,
gated,unknown,,,0.0029165333726268727,,,,,,,256,,,,
gated,unknown,,,0.0029165333726268727,,,,,,,256,,,,
gated,unknown,,,0.0029165333726268727,,,,,,,256,,,,
gated,unknown,,,0.0029165333726268727,,,,,,,256,,,,
gated,unknown,,,0.0029165333726268727,,,,,,,256,,,,
gated,unknown,,,0.0029165333726268727,,,,,,,256,,,,
gated,unknown,,,0.0029165333726268727,,,,,,,256,,,,
gated,unknown,,,0.0029165333726268727,,,,,,,256,,,,
gated,unknown,,,0.0029165333726268727,,,,,,,256,,,,
gated,unknown,,,0.0029165333726268727,,,,,,,256,,,,
gated,unknown,,,0.0029165333726268727,,,,,,,256,,,,
gated,unknown,,,0.0029165333726268727,,,,,,,256,,,,
gated,unknown,,,0.0029165333726268727,,,,,,,256,,,,
gated,unknown,,,0.0029165333726268727,,,,,,,256,,,,
gated,unknown,,,0.0029165333726268727,,,,,,,256,,,,
gated,unknown,,,0.0029165333726268727,,,,,,,256,,,,
gated,unknown,,,0.0029165333726268727,,,,,,,256,,,,
gated,unknown,,,0.0029165333726268727,,,,,,,256,,,,
gated,unknown,,,0.001931009621330304,,,,,,,128,,,,
gated,unknown,,,0.001931009621330304,,,,,,,128,,,,
gated,unknown,,,0.001931009621330304,,,,,,,128,,,,
gated,unknown,,,0.001931009621330304,,,,,,,128,,,,
gated,unknown,,,0.001931009621330304,,,,,,,128,,,,
gated,unknown,,,0.001931009621330304,,,,,,,128,,,,
gated,unknown,,,0.001931009621330304,,,,,,,128,,,,
gated,unknown,,,0.001931009621330304,,,,,,,128,,,,
gated,unknown,,,0.001931009621330304,,,,,,,128,,,,
gated,unknown,,,0.001931009621330304,,,,,,,128,,,,
gated,unknown,,,0.001931009621330304,,,,,,,128,,,,
gated,unknown,,,0.001931009621330304,,,,,,,128,,,,
gated,unknown,,,0.001931009621330304,,,,,,,128,,,,
gated,unknown,,,0.001931009621330304,,,,,,,128,,,,
gated,unknown,,,0.001931009621330304,,,,,,,128,,,,
gated,unknown,,,0.001931009621330304,,,,,,,128,,,,
gated,unknown,,,0.001931009621330304,,,,,,,128,,,,
gated,unknown,,,0.001931009621330304,,,,,,,128,,,,
gated,unknown,,,0.001931009621330304,,,,,,,256,,,,
gated,unknown,,,0.001931009621330304,,,,,,,256,,,,
gated,unknown,,,0.001931009621330304,,,,,,,256,,,,
gated,unknown,,,0.001931009621330304,,,,,,,256,,,,
gated,unknown,,,0.001931009621330304,,,,,,,256,,,,
gated,unknown,,,0.001931009621330304,,,,,,,256,,,,
gated,unknown,,,0.001931009621330304,,,,,,,256,,,,
gated,unknown,,,0.001931009621330304,,,,,,,256,,,,
gated,unknown,,,0.001931009621330304,,,,,,,256,,,,
gated,unknown,,,0.001931009621330304,,,,,,,512,,,,
gated,unknown,,,0.001931009621330304,,,,,,,512,,,,
gated,unknown,,,0.001931009621330304,,,,,,,512,,,,
gated,unknown,,,0.001931009621330304,,,,,,,512,,,,
gated,unknown,,,0.001931009621330304,,,,,,,512,,,,
gated,unknown,,,0.001931009621330304,,,,,,,512,,,,
gated,unknown,,,0.001931009621330304,,,,,,,512,,,,
gated,unknown,,,0.001931009621330304,,,,,,,512,,,,
gated,unknown,,,0.001931009621330304,,,,,,,512,,,,
gated,unknown,,,0.001931009621330304,,,,,,,512,,,,
gated,unknown,,,0.001931009621330304,,,,,,,512,,,,
gated,unknown,,,0.001931009621330304,,,,,,,512,,,,
gated,unknown,,,0.001931009621330304,,,,,,,512,,,,
gated,unknown,,,0.001931009621330304,,,,,,,512,,,,
gated,unknown,,,0.001931009621330304,,,,,,,512,,,,
gated,unknown,,,0.001931009621330304,,,,,,,512,,,,
gated,unknown,,,0.001931009621330304,,,,,,,512,,,,
gated,unknown,,,0.001931009621330304,,,,,,,512,,,,
gated,unknown,,,0.001931009621330304,,,,,,,128,,,,
gated,unknown,,,0.001931009621330304,,,,,,,128,,,,
gated,unknown,,,0.001931009621330304,,,,,,,128,,,,
gated,unknown,,,0.001931009621330304,,,,,,,128,,,,
gated,unknown,,,0.001931009621330304,,,,,,,128,,,,
gated,unknown,,,0.001931009621330304,,,,,,,128,,,,
gated,unknown,,,0.001931009621330304,,,,,,,128,,,,
gated,unknown,,,0.001931009621330304,,,,,,,128,,,,
gated,unknown,,,0.001931009621330304,,,,,,,128,,,,
gated,unknown,,,0.001931009621330304,,,,,,,512,,,,
gated,unknown,,,0.001931009621330304,,,,,,,512,,,,
gated,unknown,,,0.001931009621330304,,,,,,,512,,,,
gated,unknown,,,0.001931009621330304,,,,,,,512,,,,
gated,unknown,,,0.001931009621330304,,,,,,,512,,,,
gated,unknown,,,0.001931009621330304,,,,,,,512,,,,
gated,unknown,,,0.001931009621330304,,,,,,,512,,,,
gated,unknown,,,0.001931009621330304,,,,,,,512,,,,
gated,unknown,,,0.001931009621330304,,,,,,,512,,,,
gated,unknown,,,0.001931009621330304,,,,,,,256,,,,
gated,unknown,,,0.001931009621330304,,,,,,,256,,,,
gated,unknown,,,0.001931009621330304,,,,,,,256,,,,
gated,unknown,,,0.001931009621330304,,,,,,,256,,,,
gated,unknown,,,0.001931009621330304,,,,,,,256,,,,
gated,unknown,,,0.001931009621330304,,,,,,,256,,,,
gated,unknown,,,0.001931009621330304,,,,,,,256,,,,
gated,unknown,,,0.001931009621330304,,,,,,,256,,,,
gated,unknown,,,0.001931009621330304,,,,,,,256,,,,
gated,unknown,,,0.001931009621330304,,,,,,,256,,,,
gated,unknown,,,0.001931009621330304,,,,,,,256,,,,
gated,unknown,,,0.001931009621330304,,,,,,,256,,,,
gated,unknown,,,0.001931009621330304,,,,,,,256,,,,
gated,unknown,,,0.001931009621330304,,,,,,,256,,,,
gated,unknown,,,0.001931009621330304,,,,,,,256,,,,
gated,unknown,,,0.001931009621330304,,,,,,,256,,,,
gated,unknown,,,0.001931009621330304,,,,,,,256,,,,
gated,unknown,,,0.001931009621330304,,,,,,,256,,,,
gated,unknown,,,0.0029492871508409735,,,,,,,128,,,,
gated,unknown,,,0.0029492871508409735,,,,,,,128,,,,
gated,unknown,,,0.0029492871508409735,,,,,,,128,,,,
gated,unknown,,,0.0029492871508409735,,,,,,,128,,,,
gated,unknown,,,0.0029492871508409735,,,,,,,128,,,,
gated,unknown,,,0.0029492871508409735,,,,,,,128,,,,
gated,unknown,,,0.0029492871508409735,,,,,,,128,,,,
gated,unknown,,,0.0029492871508409735,,,,,,,128,,,,
gated,unknown,,,0.0029492871508409735,,,,,,,128,,,,
gated,unknown,,,0.0029492871508409735,,,,,,,128,,,,
gated,unknown,,,0.0029492871508409735,,,,,,,128,,,,
gated,unknown,,,0.0029492871508409735,,,,,,,128,,,,
gated,unknown,,,0.0029492871508409735,,,,,,,128,,,,
gated,unknown,,,0.0029492871508409735,,,,,,,128,,,,
gated,unknown,,,0.0029492871508409735,,,,,,,128,,,,
gated,unknown,,,0.0029492871508409735,,,,,,,128,,,,
gated,unknown,,,0.0029492871508409735,,,,,,,128,,,,
gated,unknown,,,0.0029492871508409735,,,,,,,128,,,,
gated,unknown,,,0.0029492871508409735,,,,,,,256,,,,
gated,unknown,,,0.0029492871508409735,,,,,,,256,,,,
gated,unknown,,,0.0029492871508409735,,,,,,,256,,,,
gated,unknown,,,0.0029492871508409735,,,,,,,256,,,,
gated,unknown,,,0.0029492871508409735,,,,,,,256,,,,
gated,unknown,,,0.0029492871508409735,,,,,,,256,,,,
gated,unknown,,,0.0029492871508409735,,,,,,,256,,,,
gated,unknown,,,0.0029492871508409735,,,,,,,256,,,,
gated,unknown,,,0.0029492871508409735,,,,,,,256,,,,
gated,unknown,,,0.0029492871508409735,,,,,,,512,,,,
gated,unknown,,,0.0029492871508409735,,,,,,,512,,,,
gated,unknown,,,0.0029492871508409735,,,,,,,512,,,,
gated,unknown,,,0.0029492871508409735,,,,,,,512,,,,
gated,unknown,,,0.0029492871508409735,,,,,,,512,,,,
gated,unknown,,,0.0029492871508409735,,,,,,,512,,,,
gated,unknown,,,0.0029492871508409735,,,,,,,512,,,,
gated,unknown,,,0.0029492871508409735,,,,,,,512,,,,
gated,unknown,,,0.0029492871508409735,,,,,,,512,,,,
gated,unknown,,,0.0029492871508409735,,,,,,,512,,,,
gated,unknown,,,0.0029492871508409735,,,,,,,512,,,,
gated,unknown,,,0.0029492871508409735,,,,,,,512,,,,
gated,unknown,,,0.0029492871508409735,,,,,,,512,,,,
gated,unknown,,,0.0029492871508409735,,,,,,,512,,,,
gated,unknown,,,0.0029492871508409735,,,,,,,512,,,,
gated,unknown,,,0.0029492871508409735,,,,,,,512,,,,
gated,unknown,,,0.0029492871508409735,,,,,,,512,,,,
gated,unknown,,,0.0029492871508409735,,,,,,,512,,,,
gated,unknown,,,0.0029492871508409735,,,,,,,128,,,,
gated,unknown,,,0.0029492871508409735,,,,,,,128,,,,
gated,unknown,,,0.0029492871508409735,,,,,,,128,,,,
gated,unknown,,,0.0029492871508409735,,,,,,,128,,,,
gated,unknown,,,0.0029492871508409735,,,,,,,128,,,,
gated,unknown,,,0.0029492871508409735,,,,,,,128,,,,
gated,unknown,,,0.0029492871508409735,,,,,,,128,,,,
gated,unknown,,,0.0029492871508409735,,,,,,,128,,,,
gated,unknown,,,0.0029492871508409735,,,,,,,128,,,,
gated,unknown,,,0.0029492871508409735,,,,,,,512,,,,
gated,unknown,,,0.0029492871508409735,,,,,,,512,,,,
gated,unknown,,,0.0029492871508409735,,,,,,,512,,,,
gated,unknown,,,0.0029492871508409735,,,,,,,512,,,,
gated,unknown,,,0.0029492871508409735,,,,,,,512,,,,
gated,unknown,,,0.0029492871508409735,,,,,,,512,,,,
gated,unknown,,,0.0029492871508409735,,,,,,,512,,,,
gated,unknown,,,0.0029492871508409735,,,,,,,512,,,,
gated,unknown,,,0.0029492871508409735,,,,,,,512,,,,
gated,unknown,,,0.0029492871508409735,,,,,,,256,,,,
gated,unknown,,,0.0029492871508409735,,,,,,,256,,,,
gated,unknown,,,0.0029492871508409735,,,,,,,256,,,,
gated,unknown,,,0.0029492871508409735,,,,,,,256,,,,
gated,unknown,,,0.0029492871508409735,,,,,,,256,,,,
gated,unknown,,,0.0029492871508409735,,,,,,,256,,,,
gated,unknown,,,0.0029492871508409735,,,,,,,256,,,,
gated,unknown,,,0.0029492871508409735,,,,,,,256,,,,
gated,unknown,,,0.0029492871508409735,,,,,,,256,,,,
gated,unknown,,,0.0029492871508409735,,,,,,,256,,,,
gated,unknown,,,0.0029492871508409735,,,,,,,256,,,,
gated,unknown,,,0.0029492871508409735,,,,,,,256,,,,
gated,unknown,,,0.0029492871508409735,,,,,,,256,,,,
gated,unknown,,,0.0029492871508409735,,,,,,,256,,,,
gated,unknown,,,0.0029492871508409735,,,,,,,256,,,,
gated,unknown,,,0.0029492871508409735,,,,,,,256,,,,
gated,unknown,,,0.0029492871508409735,,,,,,,256,,,,
gated,unknown,,,0.0029492871508409735,,,,,,,256,,,,
gated,unknown,,,0.005779989834991284,,,,,,,128,,,,
gated,unknown,,,0.005779989834991284,,,,,,,128,,,,
gated,unknown,,,0.005779989834991284,,,,,,,128,,,,
gated,unknown,,,0.005779989834991284,,,,,,,128,,,,
gated,unknown,,,0.005779989834991284,,,,,,,128,,,,
gated,unknown,,,0.005779989834991284,,,,,,,128,,,,
gated,unknown,,,0.005779989834991284,,,,,,,128,,,,
gated,unknown,,,0.005779989834991284,,,,,,,128,,,,
gated,unknown,,,0.005779989834991284,,,,,,,128,,,,
gated,unknown,,,0.005779989834991284,,,,,,,128,,,,
gated,unknown,,,0.005779989834991284,,,,,,,128,,,,
gated,unknown,,,0.005779989834991284,,,,,,,128,,,,
gated,unknown,,,0.005779989834991284,,,,,,,128,,,,
gated,unknown,,,0.005779989834991284,,,,,,,128,,,,
gated,unknown,,,0.005779989834991284,,,,,,,128,,,,
gated,unknown,,,0.005779989834991284,,,,,,,128,,,,
gated,unknown,,,0.005779989834991284,,,,,,,128,,,,
gated,unknown,,,0.005779989834991284,,,,,,,128,,,,
gated,unknown,,,0.005779989834991284,,,,,,,256,,,,
gated,unknown,,,0.005779989834991284,,,,,,,256,,,,
gated,unknown,,,0.005779989834991284,,,,,,,256,,,,
gated,unknown,,,0.005779989834991284,,,,,,,256,,,,
gated,unknown,,,0.005779989834991284,,,,,,,256,,,,
gated,unknown,,,0.005779989834991284,,,,,,,256,,,,
gated,unknown,,,0.005779989834991284,,,,,,,256,,,,
gated,unknown,,,0.005779989834991284,,,,,,,256,,,,
gated,unknown,,,0.005779989834991284,,,,,,,256,,,,
gated,unknown,,,0.005779989834991284,,,,,,,512,,,,
gated,unknown,,,0.005779989834991284,,,,,,,512,,,,
gated,unknown,,,0.005779989834991284,,,,,,,512,,,,
gated,unknown,,,0.005779989834991284,,,,,,,512,,,,
gated,unknown,,,0.005779989834991284,,,,,,,512,,,,
gated,unknown,,,0.005779989834991284,,,,,,,512,,,,
gated,unknown,,,0.005779989834991284,,,,,,,512,,,,
gated,unknown,,,0.005779989834991284,,,,,,,512,,,,
gated,unknown,,,0.005779989834991284,,,,,,,512,,,,
gated,unknown,,,0.005779989834991284,,,,,,,512,,,,
gated,unknown,,,0.005779989834991284,,,,,,,512,,,,
gated,unknown,,,0.005779989834991284,,,,,,,512,,,,
gated,unknown,,,0.005779989834991284,,,,,,,512,,,,
gated,unknown,,,0.005779989834991284,,,,,,,512,,,,
gated,unknown,,,0.005779989834991284,,,,,,,512,,,,
gated,unknown,,,0.005779989834991284,,,,,,,512,,,,
gated,unknown,,,0.005779989834991284,,,,,,,512,,,,
gated,unknown,,,0.005779989834991284,,,,,,,512,,,,
gated,unknown,,,0.005779989834991284,,,,,,,128,,,,
gated,unknown,,,0.005779989834991284,,,,,,,128,,,,
gated,unknown,,,0.005779989834991284,,,,,,,128,,,,
gated,unknown,,,0.005779989834991284,,,,,,,128,,,,
gated,unknown,,,0.005779989834991284,,,,,,,128,,,,
gated,unknown,,,0.005779989834991284,,,,,,,128,,,,
gated,unknown,,,0.005779989834991284,,,,,,,128,,,,
gated,unknown,,,0.005779989834991284,,,,,,,128,,,,
gated,unknown,,,0.005779989834991284,,,,,,,128,,,,
gated,unknown,,,0.005779989834991284,,,,,,,512,,,,
gated,unknown,,,0.005779989834991284,,,,,,,512,,,,
gated,unknown,,,0.005779989834991284,,,,,,,512,,,,
gated,unknown,,,0.005779989834991284,,,,,,,512,,,,
gated,unknown,,,0.005779989834991284,,,,,,,512,,,,
gated,unknown,,,0.005779989834991284,,,,,,,512,,,,
gated,unknown,,,0.005779989834991284,,,,,,,512,,,,
gated,unknown,,,0.005779989834991284,,,,,,,512,,,,
gated,unknown,,,0.005779989834991284,,,,,,,512,,,,
gated,unknown,,,0.005779989834991284,,,,,,,256,,,,
gated,unknown,,,0.005779989834991284,,,,,,,256,,,,
gated,unknown,,,0.005779989834991284,,,,,,,256,,,,
gated,unknown,,,0.005779989834991284,,,,,,,256,,,,
gated,unknown,,,0.005779989834991284,,,,,,,256,,,,
gated,unknown,,,0.005779989834991284,,,,,,,256,,,,
gated,unknown,,,0.005779989834991284,,,,,,,256,,,,
gated,unknown,,,0.005779989834991284,,,,,,,256,,,,
gated,unknown,,,0.005779989834991284,,,,,,,256,,,,
gated,unknown,,,0.005779989834991284,,,,,,,256,,,,
gated,unknown,,,0.005779989834991284,,,,,,,256,,,,
gated,unknown,,,0.005779989834991284,,,,,,,256,,,,
gated,unknown,,,0.005779989834991284,,,,,,,256,,,,
gated,unknown,,,0.005779989834991284,,,,,,,256,,,,
gated,unknown,,,0.005779989834991284,,,,,,,256,,,,
gated,unknown,,,0.005779989834991284,,,,,,,256,,,,
gated,unknown,,,0.005779989834991284,,,,,,,256,,,,
gated,unknown,,,0.005779989834991284,,,,,,,256,,,,
gated,unknown,,,0.0034241183020640165,,,,,,,128,,,,
gated,unknown,,,0.0034241183020640165,,,,,,,128,,,,
gated,unknown,,,0.0034241183020640165,,,,,,,128,,,,
gated,unknown,,,0.0034241183020640165,,,,,,,128,,,,
gated,unknown,,,0.0034241183020640165,,,,,,,128,,,,
gated,unknown,,,0.0034241183020640165,,,,,,,128,,,,
gated,unknown,,,0.0034241183020640165,,,,,,,128,,,,
gated,unknown,,,0.0034241183020640165,,,,,,,128,,,,
gated,unknown,,,0.0034241183020640165,,,,,,,128,,,,
gated,unknown,,,0.0034241183020640165,,,,,,,128,,,,
gated,unknown,,,0.0034241183020640165,,,,,,,128,,,,
gated,unknown,,,0.0034241183020640165,,,,,,,128,,,,
gated,unknown,,,0.0034241183020640165,,,,,,,128,,,,
gated,unknown,,,0.0034241183020640165,,,,,,,128,,,,
gated,unknown,,,0.0034241183020640165,,,,,,,128,,,,
gated,unknown,,,0.0034241183020640165,,,,,,,128,,,,
gated,unknown,,,0.0034241183020640165,,,,,,,128,,,,
gated,unknown,,,0.0034241183020640165,,,,,,,128,,,,
gated,unknown,,,0.0034241183020640165,,,,,,,256,,,,
gated,unknown,,,0.0034241183020640165,,,,,,,256,,,,
gated,unknown,,,0.0034241183020640165,,,,,,,256,,,,
gated,unknown,,,0.0034241183020640165,,,,,,,256,,,,
gated,unknown,,,0.0034241183020640165,,,,,,,256,,,,
gated,unknown,,,0.0034241183020640165,,,,,,,256,,,,
gated,unknown,,,0.0034241183020640165,,,,,,,256,,,,
gated,unknown,,,0.0034241183020640165,,,,,,,256,,,,
gated,unknown,,,0.0034241183020640165,,,,,,,256,,,,
gated,unknown,,,0.0034241183020640165,,,,,,,512,,,,
gated,unknown,,,0.0034241183020640165,,,,,,,512,,,,
gated,unknown,,,0.0034241183020640165,,,,,,,512,,,,
gated,unknown,,,0.0034241183020640165,,,,,,,512,,,,
gated,unknown,,,0.0034241183020640165,,,,,,,512,,,,
gated,unknown,,,0.0034241183020640165,,,,,,,512,,,,
gated,unknown,,,0.0034241183020640165,,,,,,,512,,,,
gated,unknown,,,0.0034241183020640165,,,,,,,512,,,,
gated,unknown,,,0.0034241183020640165,,,,,,,512,,,,
gated,unknown,,,0.0034241183020640165,,,,,,,512,,,,
gated,unknown,,,0.0034241183020640165,,,,,,,512,,,,
gated,unknown,,,0.0034241183020640165,,,,,,,512,,,,
gated,unknown,,,0.0034241183020640165,,,,,,,512,,,,
gated,unknown,,,0.0034241183020640165,,,,,,,512,,,,
gated,unknown,,,0.0034241183020640165,,,,,,,512,,,,
gated,unknown,,,0.0034241183020640165,,,,,,,512,,,,
gated,unknown,,,0.0034241183020640165,,,,,,,512,,,,
gated,unknown,,,0.0034241183020640165,,,,,,,512,,,,
gated,unknown,,,0.0034241183020640165,,,,,,,128,,,,
gated,unknown,,,0.0034241183020640165,,,,,,,128,,,,
gated,unknown,,,0.0034241183020640165,,,,,,,128,,,,
gated,unknown,,,0.0034241183020640165,,,,,,,128,,,,
gated,unknown,,,0.0034241183020640165,,,,,,,128,,,,
gated,unknown,,,0.0034241183020640165,,,,,,,128,,,,
gated,unknown,,,0.0034241183020640165,,,,,,,128,,,,
gated,unknown,,,0.0034241183020640165,,,,,,,128,,,,
gated,unknown,,,0.0034241183020640165,,,,,,,128,,,,
gated,unknown,,,0.0034241183020640165,,,,,,,512,,,,
gated,unknown,,,0.0034241183020640165,,,,,,,512,,,,
gated,unknown,,,0.0034241183020640165,,,,,,,512,,,,
gated,unknown,,,0.0034241183020640165,,,,,,,512,,,,
gated,unknown,,,0.0034241183020640165,,,,,,,512,,,,
gated,unknown,,,0.0034241183020640165,,,,,,,512,,,,
gated,unknown,,,0.0034241183020640165,,,,,,,512,,,,
gated,unknown,,,0.0034241183020640165,,,,,,,512,,,,
gated,unknown,,,0.0034241183020640165,,,,,,,512,,,,
gated,unknown,,,0.0034241183020640165,,,,,,,256,,,,
gated,unknown,,,0.0034241183020640165,,,,,,,256,,,,
gated,unknown,,,0.0034241183020640165,,,,,,,256,,,,
gated,unknown,,,0.0034241183020640165,,,,,,,256,,,,
gated,unknown,,,0.0034241183020640165,,,,,,,256,,,,
gated,unknown,,,0.0034241183020640165,,,,,,,256,,,,
gated,unknown,,,0.0034241183020640165,,,,,,,256,,,,
gated,unknown,,,0.0034241183020640165,,,,,,,256,,,,
gated,unknown,,,0.0034241183020640165,,,,,,,256,,,,
gated,unknown,,,0.0034241183020640165,,,,,,,256,,,,
gated,unknown,,,0.0034241183020640165,,,,,,,256,,,,
gated,unknown,,,0.0034241183020640165,,,,,,,256,,,,
gated,unknown,,,0.0034241183020640165,,,,,,,256,,,,
gated,unknown,,,0.0034241183020640165,,,,,,,256,,,,
gated,unknown,,,0.0034241183020640165,,,,,,,256,,,,
gated,unknown,,,0.0034241183020640165,,,,,,,256,,,,
gated,unknown,,,0.0034241183020640165,,,,,,,256,,,,
gated,unknown,,,0.0034241183020640165,,,,,,,256,,,,
gated,unknown,,,0.0023891514720162377,,,,,,,128,,,,
gated,unknown,,,0.0023891514720162377,,,,,,,128,,,,
gated,unknown,,,0.0023891514720162377,,,,,,,128,,,,
gated,unknown,,,0.0023891514720162377,,,,,,,128,,,,
gated,unknown,,,0.0023891514720162377,,,,,,,128,,,,
gated,unknown,,,0.0023891514720162377,,,,,,,128,,,,
gated,unknown,,,0.0023891514720162377,,,,,,,128,,,,
gated,unknown,,,0.0023891514720162377,,,,,,,128,,,,
gated,unknown,,,0.0023891514720162377,,,,,,,128,,,,
gated,unknown,,,0.0023891514720162377,,,,,,,128,,,,
gated,unknown,,,0.0023891514720162377,,,,,,,128,,,,
gated,unknown,,,0.0023891514720162377,,,,,,,128,,,,
gated,unknown,,,0.0023891514720162377,,,,,,,128,,,,
gated,unknown,,,0.0023891514720162377,,,,,,,128,,,,
gated,unknown,,,0.0023891514720162377,,,,,,,128,,,,
gated,unknown,,,0.0023891514720162377,,,,,,,128,,,,
gated,unknown,,,0.0023891514720162377,,,,,,,128,,,,
gated,unknown,,,0.0023891514720162377,,,,,,,128,,,,
gated,unknown,,,0.0023891514720162377,,,,,,,256,,,,
gated,unknown,,,0.0023891514720162377,,,,,,,256,,,,
gated,unknown,,,0.0023891514720162377,,,,,,,256,,,,
gated,unknown,,,0.0023891514720162377,,,,,,,256,,,,
gated,unknown,,,0.0023891514720162377,,,,,,,256,,,,
gated,unknown,,,0.0023891514720162377,,,,,,,256,,,,
gated,unknown,,,0.0023891514720162377,,,,,,,256,,,,
gated,unknown,,,0.0023891514720162377,,,,,,,256,,,,
gated,unknown,,,0.0023891514720162377,,,,,,,256,,,,
gated,unknown,,,0.0023891514720162377,,,,,,,512,,,,
gated,unknown,,,0.0023891514720162377,,,,,,,512,,,,
gated,unknown,,,0.0023891514720162377,,,,,,,512,,,,
gated,unknown,,,0.0023891514720162377,,,,,,,512,,,,
gated,unknown,,,0.0023891514720162377,,,,,,,512,,,,
gated,unknown,,,0.0023891514720162377,,,,,,,512,,,,
gated,unknown,,,0.0023891514720162377,,,,,,,512,,,,
gated,unknown,,,0.0023891514720162377,,,,,,,512,,,,
gated,unknown,,,0.0023891514720162377,,,,,,,512,,,,
gated,unknown,,,0.0023891514720162377,,,,,,,512,,,,
gated,unknown,,,0.0023891514720162377,,,,,,,512,,,,
gated,unknown,,,0.0023891514720162377,,,,,,,512,,,,
gated,unknown,,,0.0023891514720162377,,,,,,,512,,,,
gated,unknown,,,0.0023891514720162377,,,,,,,512,,,,
gated,unknown,,,0.0023891514720162377,,,,,,,512,,,,
gated,unknown,,,0.0023891514720162377,,,,,,,512,,,,
gated,unknown,,,0.0023891514720162377,,,,,,,512,,,,
gated,unknown,,,0.0023891514720162377,,,,,,,512,,,,
gated,unknown,,,0.0023891514720162377,,,,,,,128,,,,
gated,unknown,,,0.0023891514720162377,,,,,,,128,,,,
gated,unknown,,,0.0023891514720162377,,,,,,,128,,,,
gated,unknown,,,0.0023891514720162377,,,,,,,128,,,,
gated,unknown,,,0.0023891514720162377,,,,,,,128,,,,
gated,unknown,,,0.0023891514720162377,,,,,,,128,,,,
gated,unknown,,,0.0023891514720162377,,,,,,,128,,,,
gated,unknown,,,0.0023891514720162377,,,,,,,128,,,,
gated,unknown,,,0.0023891514720162377,,,,,,,128,,,,
gated,unknown,,,0.0023891514720162377,,,,,,,512,,,,
gated,unknown,,,0.0023891514720162377,,,,,,,512,,,,
gated,unknown,,,0.0023891514720162377,,,,,,,512,,,,
gated,unknown,,,0.0023891514720162377,,,,,,,512,,,,
gated,unknown,,,0.0023891514720162377,,,,,,,512,,,,
gated,unknown,,,0.0023891514720162377,,,,,,,512,,,,
gated,unknown,,,0.0023891514720162377,,,,,,,512,,,,
gated,unknown,,,0.0023891514720162377,,,,,,,512,,,,
gated,unknown,,,0.0023891514720162377,,,,,,,512,,,,
gated,unknown,,,0.0023891514720162377,,,,,,,256,,,,
gated,unknown,,,0.0023891514720162377,,,,,,,256,,,,
gated,unknown,,,0.0023891514720162377,,,,,,,256,,,,
gated,unknown,,,0.0023891514720162377,,,,,,,256,,,,
gated,unknown,,,0.0023891514720162377,,,,,,,256,,,,
gated,unknown,,,0.0023891514720162377,,,,,,,256,,,,
gated,unknown,,,0.0023891514720162377,,,,,,,256,,,,
gated,unknown,,,0.0023891514720162377,,,,,,,256,,,,
gated,unknown,,,0.0023891514720162377,,,,,,,256,,,,
gated,unknown,,,0.0023891514720162377,,,,,,,256,,,,
gated,unknown,,,0.0023891514720162377,,,,,,,256,,,,
gated,unknown,,,0.0023891514720162377,,,,,,,256,,,,
gated,unknown,,,0.0023891514720162377,,,,,,,256,,,,
gated,unknown,,,0.0023891514720162377,,,,,,,256,,,,
gated,unknown,,,0.0023891514720162377,,,,,,,256,,,,
gated,unknown,,,0.0023891514720162377,,,,,,,256,,,,
gated,unknown,,,0.0023891514720162377,,,,,,,256,,,,
gated,unknown,,,0.0023891514720162377,,,,,,,256,,,,
jumprelu,unknown,,,0.00932752674270887,,,,,,,512,,,,
jumprelu,unknown,,,0.00932752674270887,,,,,,,512,,,,
jumprelu,unknown,,,0.00932752674270887,,,,,,,512,,,,
jumprelu,unknown,,,0.00932752674270887,,,,,,,512,,,,
jumprelu,unknown,,,0.00932752674270887,,,,,,,512,,,,
jumprelu,unknown,,,0.00932752674270887,,,,,,,512,,,,
jumprelu,unknown,,,0.00932752674270887,,,,,,,512,,,,
jumprelu,unknown,,,0.00932752674270887,,,,,,,512,,,,
jumprelu,unknown,,,0.00932752674270887,,,,,,,512,,,,
jumprelu,unknown,,,0.00932752674270887,,,,,,,512,,,,
jumprelu,unknown,,,0.00932752674270887,,,,,,,512,,,,
jumprelu,unknown,,,0.00932752674270887,,,,,,,512,,,,
jumprelu,unknown,,,0.00932752674270887,,,,,,,256,,,,
jumprelu,unknown,,,0.00932752674270887,,,,,,,256,,,,
jumprelu,unknown,,,0.00932752674270887,,,,,,,256,,,,
jumprelu,unknown,,,0.00932752674270887,,,,,,,256,,,,
jumprelu,unknown,,,0.00932752674270887,,,,,,,256,,,,
jumprelu,unknown,,,0.00932752674270887,,,,,,,256,,,,
jumprelu,unknown,,,0.00932752674270887,,,,,,,128,,,,
jumprelu,unknown,,,0.00932752674270887,,,,,,,128,,,,
jumprelu,unknown,,,0.00932752674270887,,,,,,,128,,,,
jumprelu,unknown,,,0.00932752674270887,,,,,,,128,,,,
jumprelu,unknown,,,0.00932752674270887,,,,,,,128,,,,
jumprelu,unknown,,,0.00932752674270887,,,,,,,128,,,,
jumprelu,unknown,,,0.00932752674270887,,,,,,,256,,,,
jumprelu,unknown,,,0.00932752674270887,,,,,,,256,,,,
jumprelu,unknown,,,0.00932752674270887,,,,,,,256,,,,
jumprelu,unknown,,,0.00932752674270887,,,,,,,256,,,,
jumprelu,unknown,,,0.00932752674270887,,,,,,,256,,,,
jumprelu,unknown,,,0.00932752674270887,,,,,,,256,,,,
jumprelu,unknown,,,0.00932752674270887,,,,,,,128,,,,
jumprelu,unknown,,,0.00932752674270887,,,,,,,128,,,,
jumprelu,unknown,,,0.00932752674270887,,,,,,,128,,,,
jumprelu,unknown,,,0.00932752674270887,,,,,,,128,,,,
jumprelu,unknown,,,0.00932752674270887,,,,,,,128,,,,
jumprelu,unknown,,,0.00932752674270887,,,,,,,128,,,,
jumprelu,unknown,,,0.025358397397212684,,,,,,,512,,,,
jumprelu,unknown,,,0.025358397397212684,,,,,,,512,,,,
jumprelu,unknown,,,0.025358397397212684,,,,,,,512,,,,
jumprelu,unknown,,,0.025358397397212684,,,,,,,512,,,,
jumprelu,unknown,,,0.025358397397212684,,,,,,,512,,,,
jumprelu,unknown,,,0.025358397397212684,,,,,,,512,,,,
jumprelu,unknown,,,0.025358397397212684,,,,,,,512,,,,
jumprelu,unknown,,,0.025358397397212684,,,,,,,512,,,,
jumprelu,unknown,,,0.025358397397212684,,,,,,,512,,,,
jumprelu,unknown,,,0.025358397397212684,,,,,,,512,,,,
jumprelu,unknown,,,0.025358397397212684,,,,,,,512,,,,
jumprelu,unknown,,,0.025358397397212684,,,,,,,512,,,,
jumprelu,unknown,,,0.025358397397212684,,,,,,,256,,,,
jumprelu,unknown,,,0.025358397397212684,,,,,,,256,,,,
jumprelu,unknown,,,0.025358397397212684,,,,,,,256,,,,
jumprelu,unknown,,,0.025358397397212684,,,,,,,256,,,,
jumprelu,unknown,,,0.025358397397212684,,,,,,,256,,,,
jumprelu,unknown,,,0.025358397397212684,,,,,,,256,,,,
jumprelu,unknown,,,0.025358397397212684,,,,,,,128,,,,
jumprelu,unknown,,,0.025358397397212684,,,,,,,128,,,,
jumprelu,unknown,,,0.025358397397212684,,,,,,,128,,,,
jumprelu,unknown,,,0.025358397397212684,,,,,,,128,,,,
jumprelu,unknown,,,0.025358397397212684,,,,,,,128,,,,
jumprelu,unknown,,,0.025358397397212684,,,,,,,128,,,,
jumprelu,unknown,,,0.025358397397212684,,,,,,,256,,,,
jumprelu,unknown,,,0.025358397397212684,,,,,,,256,,,,
jumprelu,unknown,,,0.025358397397212684,,,,,,,256,,,,
jumprelu,unknown,,,0.025358397397212684,,,,,,,256,,,,
jumprelu,unknown,,,0.025358397397212684,,,,,,,256,,,,
jumprelu,unknown,,,0.025358397397212684,,,,,,,256,,,,
jumprelu,unknown,,,0.025358397397212684,,,,,,,128,,,,
jumprelu,unknown,,,0.025358397397212684,,,,,,,128,,,,
jumprelu,unknown,,,0.025358397397212684,,,,,,,128,,,,
jumprelu,unknown,,,0.025358397397212684,,,,,,,128,,,,
jumprelu,unknown,,,0.025358397397212684,,,,,,,128,,,,
jumprelu,unknown,,,0.025358397397212684,,,,,,,128,,,,
jumprelu,unknown,,,0.04674980556592345,,,,,,,512,,,,
jumprelu,unknown,,,0.04674980556592345,,,,,,,512,,,,
jumprelu,unknown,,,0.04674980556592345,,,,,,,512,,,,
jumprelu,unknown,,,0.04674980556592345,,,,,,,512,,,,
jumprelu,unknown,,,0.04674980556592345,,,,,,,512,,,,
jumprelu,unknown,,,0.04674980556592345,,,,,,,512,,,,
jumprelu,unknown,,,0.04674980556592345,,,,,,,512,,,,
jumprelu,unknown,,,0.04674980556592345,,,,,,,512,,,,
jumprelu,unknown,,,0.04674980556592345,,,,,,,512,,,,
jumprelu,unknown,,,0.04674980556592345,,,,,,,512,,,,
jumprelu,unknown,,,0.04674980556592345,,,,,,,512,,,,
jumprelu,unknown,,,0.04674980556592345,,,,,,,512,,,,
jumprelu,unknown,,,0.04674980556592345,,,,,,,256,,,,
jumprelu,unknown,,,0.04674980556592345,,,,,,,256,,,,
jumprelu,unknown,,,0.04674980556592345,,,,,,,256,,,,
jumprelu,unknown,,,0.04674980556592345,,,,,,,256,,,,
jumprelu,unknown,,,0.04674980556592345,,,,,,,256,,,,
jumprelu,unknown,,,0.04674980556592345,,,,,,,256,,,,
jumprelu,unknown,,,0.04674980556592345,,,,,,,128,,,,
jumprelu,unknown,,,0.04674980556592345,,,,,,,128,,,,
jumprelu,unknown,,,0.04674980556592345,,,,,,,128,,,,
jumprelu,unknown,,,0.04674980556592345,,,,,,,128,,,,
jumprelu,unknown,,,0.04674980556592345,,,,,,,128,,,,
jumprelu,unknown,,,0.04674980556592345,,,,,,,128,,,,
jumprelu,unknown,,,0.04674980556592345,,,,,,,256,,,,
jumprelu,unknown,,,0.04674980556592345,,,,,,,256,,,,
jumprelu,unknown,,,0.04674980556592345,,,,,,,256,,,,
jumprelu,unknown,,,0.04674980556592345,,,,,,,256,,,,
jumprelu,unknown,,,0.04674980556592345,,,,,,,256,,,,
jumprelu,unknown,,,0.04674980556592345,,,,,,,256,,,,
jumprelu,unknown,,,0.04674980556592345,,,,,,,128,,,,
jumprelu,unknown,,,0.04674980556592345,,,,,,,128,,,,
jumprelu,unknown,,,0.04674980556592345,,,,,,,128,,,,
jumprelu,unknown,,,0.04674980556592345,,,,,,,128,,,,
jumprelu,unknown,,,0.04674980556592345,,,,,,,128,,,,
jumprelu,unknown,,,0.04674980556592345,,,,,,,128,,,,
jumprelu,unknown,,,0.04046052065677941,,,,,,,512,,,,
jumprelu,unknown,,,0.04046052065677941,,,,,,,512,,,,
jumprelu,unknown,,,0.04046052065677941,,,,,,,512,,,,
jumprelu,unknown,,,0.04046052065677941,,,,,,,512,,,,
jumprelu,unknown,,,0.04046052065677941,,,,,,,512,,,,
jumprelu,unknown,,,0.04046052065677941,,,,,,,512,,,,
jumprelu,unknown,,,0.04046052065677941,,,,,,,512,,,,
jumprelu,unknown,,,0.04046052065677941,,,,,,,512,,,,
jumprelu,unknown,,,0.04046052065677941,,,,,,,512,,,,
jumprelu,unknown,,,0.04046052065677941,,,,,,,512,,,,
jumprelu,unknown,,,0.04046052065677941,,,,,,,512,,,,
jumprelu,unknown,,,0.04046052065677941,,,,,,,512,,,,
jumprelu,unknown,,,0.04046052065677941,,,,,,,256,,,,
jumprelu,unknown,,,0.04046052065677941,,,,,,,256,,,,
jumprelu,unknown,,,0.04046052065677941,,,,,,,256,,,,
jumprelu,unknown,,,0.04046052065677941,,,,,,,256,,,,
jumprelu,unknown,,,0.04046052065677941,,,,,,,256,,,,
jumprelu,unknown,,,0.04046052065677941,,,,,,,256,,,,
jumprelu,unknown,,,0.04046052065677941,,,,,,,128,,,,
jumprelu,unknown,,,0.04046052065677941,,,,,,,128,,,,
jumprelu,unknown,,,0.04046052065677941,,,,,,,128,,,,
jumprelu,unknown,,,0.04046052065677941,,,,,,,128,,,,
jumprelu,unknown,,,0.04046052065677941,,,,,,,128,,,,
jumprelu,unknown,,,0.04046052065677941,,,,,,,128,,,,
jumprelu,unknown,,,0.04046052065677941,,,,,,,256,,,,
jumprelu,unknown,,,0.04046052065677941,,,,,,,256,,,,
jumprelu,unknown,,,0.04046052065677941,,,,,,,256,,,,
jumprelu,unknown,,,0.04046052065677941,,,,,,,256,,,,
jumprelu,unknown,,,0.04046052065677941,,,,,,,256,,,,
jumprelu,unknown,,,0.04046052065677941,,,,,,,256,,,,
jumprelu,unknown,,,0.04046052065677941,,,,,,,128,,,,
jumprelu,unknown,,,0.04046052065677941,,,,,,,128,,,,
jumprelu,unknown,,,0.04046052065677941,,,,,,,128,,,,
jumprelu,unknown,,,0.04046052065677941,,,,,,,128,,,,
jumprelu,unknown,,,0.04046052065677941,,,,,,,128,,,,
jumprelu,unknown,,,0.04046052065677941,,,,,,,128,,,,
jumprelu,unknown,,,0.008131290305755101,,,,,,,512,,,,
jumprelu,unknown,,,0.008131290305755101,,,,,,,512,,,,
jumprelu,unknown,,,0.008131290305755101,,,,,,,512,,,,
jumprelu,unknown,,,0.008131290305755101,,,,,,,512,,,,
jumprelu,unknown,,,0.008131290305755101,,,,,,,512,,,,
jumprelu,unknown,,,0.008131290305755101,,,,,,,512,,,,
jumprelu,unknown,,,0.008131290305755101,,,,,,,512,,,,
jumprelu,unknown,,,0.008131290305755101,,,,,,,512,,,,
jumprelu,unknown,,,0.008131290305755101,,,,,,,512,,,,
jumprelu,unknown,,,0.008131290305755101,,,,,,,512,,,,
jumprelu,unknown,,,0.008131290305755101,,,,,,,512,,,,
jumprelu,unknown,,,0.008131290305755101,,,,,,,512,,,,
jumprelu,unknown,,,0.008131290305755101,,,,,,,256,,,,
jumprelu,unknown,,,0.008131290305755101,,,,,,,256,,,,
jumprelu,unknown,,,0.008131290305755101,,,,,,,256,,,,
jumprelu,unknown,,,0.008131290305755101,,,,,,,256,,,,
jumprelu,unknown,,,0.008131290305755101,,,,,,,256,,,,
jumprelu,unknown,,,0.008131290305755101,,,,,,,256,,,,
jumprelu,unknown,,,0.008131290305755101,,,,,,,128,,,,
jumprelu,unknown,,,0.008131290305755101,,,,,,,128,,,,
jumprelu,unknown,,,0.008131290305755101,,,,,,,128,,,,
jumprelu,unknown,,,0.008131290305755101,,,,,,,128,,,,
jumprelu,unknown,,,0.008131290305755101,,,,,,,128,,,,
jumprelu,unknown,,,0.008131290305755101,,,,,,,128,,,,
jumprelu,unknown,,,0.008131290305755101,,,,,,,256,,,,
jumprelu,unknown,,,0.008131290305755101,,,,,,,256,,,,
jumprelu,unknown,,,0.008131290305755101,,,,,,,256,,,,
jumprelu,unknown,,,0.008131290305755101,,,,,,,256,,,,
jumprelu,unknown,,,0.008131290305755101,,,,,,,256,,,,
jumprelu,unknown,,,0.008131290305755101,,,,,,,256,,,,
jumprelu,unknown,,,0.008131290305755101,,,,,,,128,,,,
jumprelu,unknown,,,0.008131290305755101,,,,,,,128,,,,
jumprelu,unknown,,,0.008131290305755101,,,,,,,128,,,,
jumprelu,unknown,,,0.008131290305755101,,,,,,,128,,,,
jumprelu,unknown,,,0.008131290305755101,,,,,,,128,,,,
jumprelu,unknown,,,0.008131290305755101,,,,,,,128,,,,
jumprelu,unknown,,,0.012001300681731664,,,,,,,512,,,,
jumprelu,unknown,,,0.012001300681731664,,,,,,,512,,,,
jumprelu,unknown,,,0.012001300681731664,,,,,,,512,,,,
jumprelu,unknown,,,0.012001300681731664,,,,,,,512,,,,
jumprelu,unknown,,,0.012001300681731664,,,,,,,512,,,,
jumprelu,unknown,,,0.012001300681731664,,,,,,,512,,,,
jumprelu,unknown,,,0.012001300681731664,,,,,,,512,,,,
jumprelu,unknown,,,0.012001300681731664,,,,,,,512,,,,
jumprelu,unknown,,,0.012001300681731664,,,,,,,512,,,,
jumprelu,unknown,,,0.012001300681731664,,,,,,,512,,,,
jumprelu,unknown,,,0.012001300681731664,,,,,,,512,,,,
jumprelu,unknown,,,0.012001300681731664,,,,,,,512,,,,
jumprelu,unknown,,,0.012001300681731664,,,,,,,256,,,,
jumprelu,unknown,,,0.012001300681731664,,,,,,,256,,,,
jumprelu,unknown,,,0.012001300681731664,,,,,,,256,,,,
jumprelu,unknown,,,0.012001300681731664,,,,,,,256,,,,
jumprelu,unknown,,,0.012001300681731664,,,,,,,256,,,,
jumprelu,unknown,,,0.012001300681731664,,,,,,,256,,,,
jumprelu,unknown,,,0.012001300681731664,,,,,,,128,,,,
jumprelu,unknown,,,0.012001300681731664,,,,,,,128,,,,
jumprelu,unknown,,,0.012001300681731664,,,,,,,128,,,,
jumprelu,unknown,,,0.012001300681731664,,,,,,,128,,,,
jumprelu,unknown,,,0.012001300681731664,,,,,,,128,,,,
jumprelu,unknown,,,0.012001300681731664,,,,,,,128,,,,
jumprelu,unknown,,,0.012001300681731664,,,,,,,256,,,,
jumprelu,unknown,,,0.012001300681731664,,,,,,,256,,,,
jumprelu,unknown,,,0.012001300681731664,,,,,,,256,,,,
jumprelu,unknown,,,0.012001300681731664,,,,,,,256,,,,
jumprelu,unknown,,,0.012001300681731664,,,,,,,256,,,,
jumprelu,unknown,,,0.012001300681731664,,,,,,,256,,,,
jumprelu,unknown,,,0.012001300681731664,,,,,,,128,,,,
jumprelu,unknown,,,0.012001300681731664,,,,,,,128,,,,
jumprelu,unknown,,,0.012001300681731664,,,,,,,128,,,,
jumprelu,unknown,,,0.012001300681731664,,,,,,,128,,,,
jumprelu,unknown,,,0.012001300681731664,,,,,,,128,,,,
jumprelu,unknown,,,0.012001300681731664,,,,,,,128,,,,
switch,unknown,,,0.031232784502208233,,,,,,,512,,,,
switch,unknown,,,0.031232784502208233,,,,,,,512,,,,
switch,unknown,,,0.031232784502208233,,,,,,,512,,,,
switch,unknown,,,0.031232784502208233,,,,,,,512,,,,
switch,unknown,,,0.031232784502208233,,,,,,,512,,,,
switch,unknown,,,0.031232784502208233,,,,,,,512,,,,
switch,unknown,,,0.031232784502208233,,,,,,,512,,,,
switch,unknown,,,0.031232784502208233,,,,,,,512,,,,
switch,unknown,,,0.031232784502208233,,,,,,,1024,,,,
switch,unknown,,,0.031232784502208233,,,,,,,1024,,,,
switch,unknown,,,0.031232784502208233,,,,,,,1024,,,,
switch,unknown,,,0.031232784502208233,,,,,,,1024,,,,
switch,unknown,,,0.031232784502208233,,,,,,,256,,,,
switch,unknown,,,0.031232784502208233,,,,,,,256,,,,
switch,unknown,,,0.031232784502208233,,,,,,,256,,,,
switch,unknown,,,0.031232784502208233,,,,,,,256,,,,
switch,unknown,,,0.015597820281982422,,,,,,,512,,,,
switch,unknown,,,0.015597820281982422,,,,,,,512,,,,
switch,unknown,,,0.015597820281982422,,,,,,,512,,,,
switch,unknown,,,0.015597820281982422,,,,,,,512,,,,
switch,unknown,,,0.015597820281982422,,,,,,,512,,,,
switch,unknown,,,0.015597820281982422,,,,,,,512,,,,
switch,unknown,,,0.015597820281982422,,,,,,,512,,,,
switch,unknown,,,0.015597820281982422,,,,,,,512,,,,
switch,unknown,,,0.015597820281982422,,,,,,,1024,,,,
switch,unknown,,,0.015597820281982422,,,,,,,1024,,,,
switch,unknown,,,0.015597820281982422,,,,,,,1024,,,,
switch,unknown,,,0.015597820281982422,,,,,,,1024,,,,
switch,unknown,,,0.015597820281982422,,,,,,,256,,,,
switch,unknown,,,0.015597820281982422,,,,,,,256,,,,
switch,unknown,,,0.015597820281982422,,,,,,,256,,,,
switch,unknown,,,0.015597820281982422,,,,,,,256,,,,
switch,unknown,,,0.015619754791259766,,,,,,,512,,,,
switch,unknown,,,0.015619754791259766,,,,,,,512,,,,
switch,unknown,,,0.015619754791259766,,,,,,,512,,,,
switch,unknown,,,0.015619754791259766,,,,,,,512,,,,
switch,unknown,,,0.015619754791259766,,,,,,,512,,,,
switch,unknown,,,0.015619754791259766,,,,,,,512,,,,
switch,unknown,,,0.015619754791259766,,,,,,,512,,,,
switch,unknown,,,0.015619754791259766,,,,,,,512,,,,
switch,unknown,,,0.015619754791259766,,,,,,,1024,,,,
switch,unknown,,,0.015619754791259766,,,,,,,1024,,,,
switch,unknown,,,0.015619754791259766,,,,,,,1024,,,,
switch,unknown,,,0.015619754791259766,,,,,,,1024,,,,
switch,unknown,,,0.015619754791259766,,,,,,,256,,,,
switch,unknown,,,0.015619754791259766,,,,,,,256,,,,
switch,unknown,,,0.015619754791259766,,,,,,,256,,,,
switch,unknown,,,0.015619754791259766,,,,,,,256,,,,
switch,unknown,,,0.031244277954101562,,,,,,,512,,,,
switch,unknown,,,0.031244277954101562,,,,,,,512,,,,
switch,unknown,,,0.031244277954101562,,,,,,,512,,,,
switch,unknown,,,0.031244277954101562,,,,,,,512,,,,
switch,unknown,,,0.031244277954101562,,,,,,,512,,,,
switch,unknown,,,0.031244277954101562,,,,,,,512,,,,
switch,unknown,,,0.031244277954101562,,,,,,,512,,,,
switch,unknown,,,0.031244277954101562,,,,,,,512,,,,
switch,unknown,,,0.031244277954101562,,,,,,,1024,,,,
switch,unknown,,,0.031244277954101562,,,,,,,1024,,,,
switch,unknown,,,0.031244277954101562,,,,,,,1024,,,,
switch,unknown,,,0.031244277954101562,,,,,,,1024,,,,
switch,unknown,,,0.031244277954101562,,,,,,,256,,,,
switch,unknown,,,0.031244277954101562,,,,,,,256,,,,
switch,unknown,,,0.031244277954101562,,,,,,,256,,,,
switch,unknown,,,0.031244277954101562,,,,,,,256,,,,
